Codigo,Descripcion,Unidad,Activo,AVA01,AVA02,AVA03,AVA04,Proveedor,Familia,Clase,Línea,Ubicación
40-ACRI-CTE-6MM,ACRILICO 6MM CORTE,M2,False,0,0,0,0,"PLASTICOS ESPECIALES GAREN, S A DE C V",ACRILICOS,ACRILICOS,ACRILICOS,1
40-ACRI-CTE-3MM,"ACRILICO CRISTAL 3,MM",M2,True,0,0,0,144.09,"PLASTICOS ESPECIALES GAREN, S A DE C V",ACRILICOS,ACRILICOS,ACRILICOS,4
40-ET10112018012,"ACRILICO EXP. CRISTAL 12,MM 1.20 X 1.80 MTS",PZA,False,0,0,0,0,"PLASTICOS ESPECIALES GAREN, S A DE C V",ACRILICOS,ACRILICOS,ACRILICOS,1
40-ET1011201809,ACRILICO EXP. CRISTAL 9.MM 1.20 X 1.80 MTS.,PZA,True,6,0,5,0,"PLASTICOS ESPECIALES GAREN, S A DE C V",ACRILICOS,ACRILICOS,ACRILICOS,3
40-NB2021201803,ACRILICO NVA GENERACION BLANCO 3.MM 1.20 X 1.80 MTS.,PZA,True,0,0,6,0,"PLASTICOS ESPECIALES GAREN, S A DE C V",ACRILICOS,ACRILICOS,ACRILICOS,3
40-NB2021802403,ACRILICO NVA GENERACION BLANCO 3.MM 1.80 X 2.40 MTS.,PZA,True,0,0,0,15,"PLASTICOS ESPECIALES GAREN, S A DE C V",ACRILICOS,ACRILICOS,ACRILICOS,4
40-NB2021201804,ACRILICO NVA GENERACION BLANCO 4.MM 1.20 X 1.80 MTS.,PZA,False,0,0,0,0,"PLASTICOS ESPECIALES GAREN, S A DE C V",ACRILICOS,ACRILICOS,ACRILICOS,1
40-NB2021802404,ACRILICO NVA GENERACION BLANCO 4.MM 1.80 X 2.40 MTS.,PZA,False,0,0,0,0,"PLASTICOS ESPECIALES GAREN, S A DE C V",ACRILICOS,ACRILICOS,ACRILICOS,1
40-NB2021201805,ACRILICO NVA GENERACION BLANCO 5.MM 1.20 X 1.80 MTS.,PZA,False,0,0,0,0,"PLASTICOS ESPECIALES GAREN, S A DE C V",ACRILICOS,ACRILICOS,ACRILICOS,1
40-NB2021802405,ACRILICO NVA GENERACION BLANCO 5.MM 1.80 X 2.40 MTS.,PZA,False,0,0,0,0,"PLASTICOS ESPECIALES GAREN, S A DE C V",ACRILICOS,ACRILICOS,ACRILICOS,1
40-NB2021201806,ACRILICO NVA GENERACION BLANCO 6.MM 1.20 X 1.80 MTS.,PZA,True,0,0,0,0,"PLASTICOS ESPECIALES GAREN, S A DE C V",ACRILICOS,ACRILICOS,ACRILICOS,3
40-NB2021802406,ACRILICO NVA GENERACION BLANCO 6.MM 1.80 X 2.40 MTS.,PZA,True,0,0,0,0,"PLASTICOS ESPECIALES GAREN, S A DE C V",ACRILICOS,ACRILICOS,ACRILICOS,4
40-NT1011201803,ACRILICO NVA GENERACION CRISTAL 3.MM 1.20 X 1.80 MTS.,PZA,True,0,0,30,0,"PLASTICOS ESPECIALES GAREN, S A DE C V",ACRILICOS,ACRILICOS,ACRILICOS,3
40-NT1011802403,ACRILICO NVA GENERACION CRISTAL 3.MM 1.80 X 2.40 MTS.,PZA,True,0,0,0,28,"PLASTICOS ESPECIALES GAREN, S A DE C V",ACRILICOS,ACRILICOS,ACRILICOS,4
40-NT1011201804,ACRILICO NVA GENERACION CRISTAL 4.MM 1.20 X 1.80 MTS.,PZA,False,0,0,0,0,"PLASTICOS ESPECIALES GAREN, S A DE C V",ACRILICOS,ACRILICOS,ACRILICOS,3
40-NT1011802404,ACRILICO NVA GENERACION CRISTAL 4.MM 1.80 X 2.40 MTS.,PZA,False,0,0,0,0,"PLASTICOS ESPECIALES GAREN, S A DE C V",ACRILICOS,ACRILICOS,ACRILICOS,1
40-NT10112024005,"ACRILICO NVA GENERACION CRISTAL 5,MM 1.20 X 2.40 MTS",PZA,False,0,0,0,0,"PLASTICOS ESPECIALES GAREN, S A DE C V",ACRILICOS,ACRILICOS,ACRILICOS,1
40-NT1011201805,ACRILICO NVA GENERACION CRISTAL 5.MM 1.20 X 1.80 MTS.,PZA,False,0,0,0,0,"PLASTICOS ESPECIALES GAREN, S A DE C V",ACRILICOS,ACRILICOS,ACRILICOS,3
40-NT1011802405,ACRILICO NVA GENERACION CRISTAL 5.MM 1.80 X 2.40 MTS.,PZA,False,0,0,0,0,"PLASTICOS ESPECIALES GAREN, S A DE C V",ACRILICOS,ACRILICOS,ACRILICOS,1
40-NT1011201806,ACRILICO NVA GENERACION CRISTAL 6.MM 1.20 X 1.80 MTS.,PZA,True,-1,0,8,0,"PLASTICOS ESPECIALES GAREN, S A DE C V",ACRILICOS,ACRILICOS,ACRILICOS,3
40-NT1011202406,ACRILICO NVA GENERACION CRISTAL 6.MM 1.20 X 2.40 MTS.,PZA,False,0,0,0,0,"PLASTICOS ESPECIALES GAREN, S A DE C V",ACRILICOS,ACRILICOS,ACRILICOS,3
40-NT1011802406,ACRILICO NVA GENERACION CRISTAL 6.MM 1.80 X 2.40 MTS.,PZA,True,-2,0,0,9,"PLASTICOS ESPECIALES GAREN, S A DE C V",ACRILICOS,ACRILICOS,ACRILICOS,4
40-NT1021201803,ACRILICO NVA GENERACION HUMO 3.MM 1.20 X 1.80 MTS.,PZA,False,0,0,0,0,"PLASTICOS ESPECIALES GAREN, S A DE C V",ACRILICOS,ACRILICOS,ACRILICOS,1
40-NT1021801803,ACRILICO NVA GENERACION HUMO 3.MM 1.80 X 1.80 MTS,PZA,False,0,0,0,0,"PLASTICOS ESPECIALES GAREN, S A DE C V",ACRILICOS,ACRILICOS,ACRILICOS,1
40-NT1021802403,ACRILICO NVA GENERACION HUMO 3.MM 1.80 X 2.40 MTS.,PZA,False,0,0,0,0,"PLASTICOS ESPECIALES GAREN, S A DE C V",ACRILICOS,ACRILICOS,ACRILICOS,1
40-NT1021201805,ACRILICO NVA GENERACION HUMO 5.MM 1.20 X 1.80 MTS.,PZA,False,0,0,0,0,"PLASTICOS ESPECIALES GAREN, S A DE C V",ACRILICOS,ACRILICOS,ACRILICOS,3
40-NT1021802405,ACRILICO NVA GENERACION HUMO 5.MM 1.80 X 2.40 MTS.,PZA,False,0,0,0,0,"PLASTICOS ESPECIALES GAREN, S A DE C V",ACRILICOS,ACRILICOS,ACRILICOS,4
40-NT1021201806,ACRILICO NVA GENERACION HUMO 6.MM 1.20 X 1.80 MTS,PZA,False,0,0,0,0,"PLASTICOS ESPECIALES GAREN, S A DE C V",ACRILICOS,ACRILICOS,ACRILICOS,1
40-NO4051201803,ACRILICO NVA GENERACION NEGRO 3.MM 1.20 X 1.80 MTS,PZA,True,5,0,0,11,"PLASTICOS ESPECIALES GAREN, S A DE C V",ACRILICOS,ACRILICOS,ACRILICOS,4
40-NB20018018032,"ACRILICO NVA GENERACION OPALINO 3,MM 1.80 X 1.80 MTS",PZA,False,0,0,0,0,"PLASTICOS ESPECIALES GAREN, S A DE C V",ACRILICOS,ACRILICOS,ACRILICOS,3
40-NB2001201803,ACRILICO NVA GENERACION OPALINO 3.MM 1.20 X 1.80 MTS.,PZA,True,0,0,1,0,"PLASTICOS ESPECIALES GAREN, S A DE C V",ACRILICOS,ACRILICOS,ACRILICOS,3
40-NB2001802403,ACRILICO NVA GENERACION OPALINO 3.MM 1.80 X 2.40 MTS.,PZA,True,0,0,1,0,"PLASTICOS ESPECIALES GAREN, S A DE C V",ACRILICOS,ACRILICOS,ACRILICOS,3
40-30D3B6,"ACRILICO SATINADO 3,MM 1.83 X 2.44 MTS",PZA,False,0,0,0,0,"ACRILICOS PLASTITEC, S.A. DE C.V.",ACRILICOS,ACRILICOS,ACRILICOS DECORADOS,1
40-60D3B6,"ACRILICO SATINADO 6,MM 1.83 X 2.44 MTS",PZA,False,0,0,0,0,"ACRILICOS PLASTITEC, S.A. DE C.V.",ACRILICOS,ACRILICOS,ACRILICOS DECORADOS,1
154-1324-7-85,"ANGULO DE 1"" BEIGE DE 6.10 MTS",PZA,True,9,0,0,0,LA VIGA EXTRUSIONES,ALUMINIO BEIGE Y ORO,ANGULOS,ANGULOS,2
155-1324-7-90,"ANGULO DE 1"" ORO DE 6.10 MTS",PZA,True,0,0,0,0,LA VIGA EXTRUSIONES,ALUMINIO BEIGE Y ORO,ANGULOS,ANGULOS,3
155-1301-7-90,ANGULO DE 1/2 ORO DE 6.10 MTS,PZA,True,35,0,0,0,LA VIGA EXTRUSIONES,ALUMINIO BEIGE Y ORO,ANGULOS,ANGULOS,3
155-1303-7-90,ANGULO DE 3/4 ORO DE 6.10 MTS,PZA,True,34,0,0,0,LA VIGA EXTRUSIONES,ALUMINIO BEIGE Y ORO,ANGULOS,ANGULOS,3
144-11032-7-85,TOPE BATIENTE 1/2 X 3/4 BEIGE 6.10 MTS,PZA,True,9,0,0,0,LA VIGA EXTRUSIONES,ALUMINIO BEIGE Y ORO,BATIENTES,BATIENTE 1750,2
821-9524-7-85M,GUIA PARA BAÑO ANCHA BEIGE,MTS,False,0,0,0,0,LA VIGA EXTRUSIONES,ALUMINIO BEIGE Y ORO,BAÑOS,BAÑOS,1
821-9524-7-85,GUIA PARA BAÑO ANCHA BEIGE DE 6.10 MTS,PZA,True,12,0,0,0,LA VIGA EXTRUSIONES,ALUMINIO BEIGE Y ORO,BAÑOS,BAÑOS,2
124-9524-7-90,GUIA PARA BAÑO ANCHA ORO DE 6.10 MTS,PZA,False,0,0,0,0,LA VIGA EXTRUSIONES,ALUMINIO BEIGE Y ORO,BAÑOS,BAÑOS,1
124-11174-7-90,RIEL SUP REFORZADO ORO DE 6.10 MTS,PZA,True,1,0,0,0,LA VIGA EXTRUSIONES,ALUMINIO BEIGE Y ORO,BAÑOS,BAÑOS,3
162-6053-7-85,CELOSIA LOUVER BEIGE DE 6.10 MTS.,PZA,True,12,0,0,0,LA VIGA EXTRUSIONES,ALUMINIO BEIGE Y ORO,CELOSIAS,CELOSIAS,2
801-7518-7-85M,"CHAMBRANA DE 2"" BEIGE",MTS,False,0,0,0,0,LA VIGA EXTRUSIONES,ALUMINIO BEIGE Y ORO,CORREDIZAS,"CORREDIZA 2""",1
801-7518-7-85,"CHAMBRANA DE 2"" BEIGE DE 6.10 MTS",PZA,True,12,0,0,0,LA VIGA EXTRUSIONES,ALUMINIO BEIGE Y ORO,CORREDIZAS,"CORREDIZA 2""",2
801-7818-7-85M,"RIEL AUXILIAR DE 2"" BEIGE",MTS,False,0,0,0,0,LA VIGA EXTRUSIONES,ALUMINIO BEIGE Y ORO,CORREDIZAS,"CORREDIZA 2""",1
801-7818-7-85,"RIEL AUXILIAR DE 2"" BEIGE DE 6.10 MTS",PZA,True,7,0,0,0,LA VIGA EXTRUSIONES,ALUMINIO BEIGE Y ORO,CORREDIZAS,"CORREDIZA 2""",2
801-9955-3-85M,"TRASLAPE PUERTA DE 2"" BEIGE",MTS,False,0,0,0,0,LA VIGA EXTRUSIONES,ALUMINIO BEIGE Y ORO,CORREDIZAS,"CORREDIZA 2""",1
801-9955-3-85,"TRASLAPE PUERTA DE 2"" BEIGE DE 4.60 MTS",PZA,True,7,0,0,0,LA VIGA EXTRUSIONES,ALUMINIO BEIGE Y ORO,CORREDIZAS,"CORREDIZA 2""",2
801-7825-7-85M,"ZOCLO GRANDE DE 2"" BEIGE",MTS,False,0,0,0,0,LA VIGA EXTRUSIONES,ALUMINIO BEIGE Y ORO,CORREDIZAS,"CORREDIZA 2""",1
801-7825-7-85,"ZOCLO GRANDE DE 2"" BEIGE DE 6.10 MTS",PZA,True,6,0,0,0,LA VIGA EXTRUSIONES,ALUMINIO BEIGE Y ORO,CORREDIZAS,"CORREDIZA 2""",2
811-7847-3-85M,"CERCO PUERTA DE 3"" BEIGE",MTS,False,0,0,0,0,LA VIGA EXTRUSIONES,ALUMINIO BEIGE Y ORO,CORREDIZAS,"CORREDIZA 3""",1
811-7847-3-85,"CERCO PUERTA DE 3"" BEIGE DE 4.60 MTS",PZA,True,1,0,0,0,LA VIGA EXTRUSIONES,ALUMINIO BEIGE Y ORO,CORREDIZAS,"CORREDIZA 3""",2
811-7847-7-85,"CERCO PUERTA DE 3"" BEIGE DE 6.10 MTS",PZA,True,2,0,0,0,LA VIGA EXTRUSIONES,ALUMINIO BEIGE Y ORO,CORREDIZAS,"CORREDIZA 3""",3
811-7848-3-85M,"TRASLAPE PUERTA DE 3"" BEIGE",MTS,False,0,0,0,0,LA VIGA EXTRUSIONES,ALUMINIO BEIGE Y ORO,CORREDIZAS,"CORREDIZA 3""",1
811-7848-3-85,"TRASLAPE PUERTA DE 3"" BEIGE DE 4.60 MTS",PZA,True,1,0,0,0,LA VIGA EXTRUSIONES,ALUMINIO BEIGE Y ORO,CORREDIZAS,"CORREDIZA 3""",2
811-7848-7-85,"TRASLAPE PUERTA DE 3"" BEIGE DE 6.10 MTS",PZA,False,0,0,0,0,LA VIGA EXTRUSIONES,ALUMINIO BEIGE Y ORO,CORREDIZAS,"CORREDIZA 3""",1
811-7835-7-85,"ZOCLO VENTANA DE 3"" BEIGE DE 6.10 MTS",PZA,True,6,0,0,0,LA VIGA EXTRUSIONES,ALUMINIO BEIGE Y ORO,CORREDIZAS,"CORREDIZA 3""",2
861-6617-7-85M,DUELA LISA BEIGE,MTS,False,0,0,0,0,LA VIGA EXTRUSIONES,ALUMINIO BEIGE Y ORO,DUELAS,DUELA LISA,1
861-6617-7-85,DUELA LISA BEIGE DE 6.10 MTS,PZA,True,1,0,0,0,LA VIGA EXTRUSIONES,ALUMINIO BEIGE Y ORO,DUELAS,DUELA LISA,3
108-9083-7-85,"PERIMETRAL 2"" BEIGE 6.10 MTS",PZA,True,7,0,0,0,LA VIGA EXTRUSIONES,ALUMINIO BEIGE Y ORO,FIJOS,"FIJA 2""",2
108-4051-7-85,"TAPA LISA DE 2"" BEIGE DE 6.10 MTS FIJO",PZA,True,7,0,0,0,LA VIGA EXTRUSIONES,ALUMINIO BEIGE Y ORO,FIJOS,"FIJA 2""",2
108-4051-7-85M,"TAPA LISA DE 2"" BEIGE FIJO",MTS,False,0,0,0,0,LA VIGA EXTRUSIONES,ALUMINIO BEIGE Y ORO,FIJOS,"FIJA 2""",1
921-9112-7-85M,"JUNQUILLO DE 3"" BEIGE",MTS,False,0,0,0,0,LA VIGA EXTRUSIONES,ALUMINIO BEIGE Y ORO,FIJOS,"FIJA 3""",1
921-9112-7-85,"JUNQUILLO DE 3"" BEIGE 6.10 MTS",PZA,True,7,0,0,0,LA VIGA EXTRUSIONES,ALUMINIO BEIGE Y ORO,FIJOS,"FIJA 3""",2
119-9135-7-85,"PERIMETRAL DE 3"" BEIGE DE 6.10 MTS",PZA,True,4,0,0,0,LA VIGA EXTRUSIONES,ALUMINIO BEIGE Y ORO,FIJOS,"FIJA 3""",2
118-7316-7-85,"TAPA LISA DE 3"" BEIGE DE 6.10 MTS",PZA,True,7,0,0,0,LA VIGA EXTRUSIONES,ALUMINIO BEIGE Y ORO,FIJOS,"FIJA 3""",2
831-7333-7-85M,MOSQUITERO ECONOMICO BEIGE,MTS,False,0,0,0,0,LA VIGA EXTRUSIONES,ALUMINIO BEIGE Y ORO,MOSQUITEROS,MOSQUITEROS,1
831-7333-7-85,MOSQUITERO ECONOMICO BEIGE DE 6.10 MTS,PZA,True,11,0,0,0,LA VIGA EXTRUSIONES,ALUMINIO BEIGE Y ORO,MOSQUITEROS,MOSQUITEROS,2
831-6533-7-85M,MOSQUITERO HORIZONTAL BEIGE,MTS,False,0,0,0,0,LA VIGA EXTRUSIONES,ALUMINIO BEIGE Y ORO,MOSQUITEROS,MOSQUITEROS,1
831-6533-7-85,MOSQUITERO HORIZONTAL BEIGE DE 6.10 MTS,PZA,True,8,0,0,0,LA VIGA EXTRUSIONES,ALUMINIO BEIGE Y ORO,MOSQUITEROS,MOSQUITEROS,2
831-6534-3-85M,MOSQUITERO VERTICAL BEIGE,MTS,False,0,0,0,0,LA VIGA EXTRUSIONES,ALUMINIO BEIGE Y ORO,MOSQUITEROS,MOSQUITEROS,1
831-6534-3-85,MOSQUITERO VERTICAL BEIGE DE 4.60 MTS,PZA,True,13,0,0,0,LA VIGA EXTRUSIONES,ALUMINIO BEIGE Y ORO,MOSQUITEROS,MOSQUITEROS,2
150-7014-7-90,"JUNQUILLO DE 1"" ORO DE 6.10 MTS",PZA,True,4,0,0,0,LA VIGA EXTRUSIONES,ALUMINIO BEIGE Y ORO,PORTAVIDRIOS,"PORTAVIDRIO 1""",3
150-7013-7-90,"PORTAVIDRIO DE 1"" ORO DE 6.10 MTS",PZA,True,10,0,0,0,LA VIGA EXTRUSIONES,ALUMINIO BEIGE Y ORO,PORTAVIDRIOS,"PORTAVIDRIO 1""",3
144-9183-7-85,INTERMEDIO PUERTA BATIENTE BEIGE DE 6.10 MTS.,PZA,True,4,0,0,0,LA VIGA EXTRUSIONES,ALUMINIO BEIGE Y ORO,PUERTAS,BATIENTE 1750,2
145-6370-7-85,JUNQUILLO RECTO PTA BATIENTE BEIGE DE 6.10 MTS,PZA,True,10,0,0,0,LA VIGA EXTRUSIONES,ALUMINIO BEIGE Y ORO,PUERTAS,BATIENTE 1750,2
145-9204-3-85,POSTE FELPA O CERCO RANURADO BEIGE DE 4.60 MTS,PZA,True,11,0,0,0,LA VIGA EXTRUSIONES,ALUMINIO BEIGE Y ORO,PUERTAS,BATIENTE 1750,2
145-9187-7-85,ZOCLO PUERTA BATIENTE BEIGE DE 6.10 MTS,PZA,True,8,0,0,0,LA VIGA EXTRUSIONES,ALUMINIO BEIGE Y ORO,PUERTAS,BATIENTE 1750,2
135-11067-7-85,TUBO CUADRADO DE 1 1/2 X 1 1/2 BEIGE DE 6.10 MTS,PZA,False,0,0,0,0,LA VIGA EXTRUSIONES,ALUMINIO BEIGE Y ORO,TUBOS,TUBO CUADRADO,1
841-11086-7-85M,TUBO RECTANGULAR DE 1 1/2 X 3/4 BEIGE,PZA,False,0,0,0,0,LA VIGA EXTRUSIONES,ALUMINIO BEIGE Y ORO,TUBOS,TUBO RECTANGULAR,1
841-11086-7-85,TUBO RECTANGULAR DE 1 1/2 X 3/4 BEIGE DE 6.10 MTS,PZA,True,4,0,0,0,LA VIGA EXTRUSIONES,ALUMINIO BEIGE Y ORO,TUBOS,TUBO RECTANGULAR,2
841-11121-7-85M,TUBO RECTANGULAR DE 2 X 1 BEIGE,MTS,False,0,0,0,0,LA VIGA EXTRUSIONES,ALUMINIO BEIGE Y ORO,TUBOS,TUBO RECTANGULAR,1
841-11121-7-85,TUBO RECTANGULAR DE 2 X 1 BEIGE DE 6.10 MTS,PZA,True,9,0,0,0,LA VIGA EXTRUSIONES,ALUMINIO BEIGE Y ORO,TUBOS,TUBO RECTANGULAR,2
136-11122-7-85,TUBO RECTANGULAR DE 3 X 1 3/4 BEIGE DE 6.10 MTS,PZA,True,2,0,0,0,LA VIGA EXTRUSIONES,ALUMINIO BEIGE Y ORO,TUBOS,TUBO RECTANGULAR,2
153-1301-7-18,"ANGULO DE 1/2"" CAFE DE 6.10 MTS",PZA,False,0,0,0,0,LA VIGA EXTRUSIONES,ALUMINIO CAFE (18),ANGULOS,ANGULOS,2
153-1303-7-18,ANGULO DE 3/4' CAFE DE 6.10 MTS,PZA,False,0,0,0,0,LA VIGA EXTRUSIONES,ALUMINIO CAFE (18),ANGULOS,ANGULOS,2
143-5844-7-18,"BATIENTE 2"" CAFE DE 6.10 MTS",PZA,False,0,0,0,0,LA VIGA EXTRUSIONES,ALUMINIO CAFE (18),BATIENTES,BATIENTE 1750,1
143-11032-7-18,TOPE BATIENTE 1/2 X 3/4 CAFE DE 6.10 MTS,PZA,False,0,0,0,0,LA VIGA EXTRUSIONES,ALUMINIO CAFE (18),BATIENTES,BATIENTE 1750,2
122-9524-7-18,GUIA PARA BAÑO ANCHA CAFE DE 6.10 MTS,PZA,False,0,0,0,0,LA VIGA EXTRUSIONES,ALUMINIO CAFE (18),BAÑOS,BAÑOS,2
122-9756-7-18,OVAL MEDIANO CAFE DE 6.10 MTS,PZA,False,0,0,0,0,LA VIGA EXTRUSIONES,ALUMINIO CAFE (18),BAÑOS,BAÑOS,2
122-9523-7-18,RIEL SUP ECONOMICO CAFE DE 6.10 MTS,PZA,False,0,0,0,0,LA VIGA EXTRUSIONES,ALUMINIO CAFE (18),BAÑOS,BAÑOS,2
122-11174-7-18,RIEL SUP REFORZADO CAFE DE 6.10 MTS,PZA,False,0,0,0,0,LA VIGA EXTRUSIONES,ALUMINIO CAFE (18),BAÑOS,BAÑOS,2
163-7794-7-18M,CABEZAL P/CELOSIA DE LUJO CAFE,MTS,False,0,0,0,0,LA VIGA EXTRUSIONES,ALUMINIO CAFE (18),CELOSIAS,CELOSIAS,1
163-7794-7-58,CABEZAL P/CELOSIA DE LUJO CAFE OSCURO DE 6.10 MTS,PZA,False,0,0,0,0,LA VIGA EXTRUSIONES,ALUMINIO CAFE (18),CELOSIAS,CELOSIAS,2
163-7795-7-18M,REPIZON P/CELOSIA DE LUJO CAFE,MTS,False,0,0,0,0,LA VIGA EXTRUSIONES,ALUMINIO CAFE (18),CELOSIAS,CELOSIAS,1
163-7795-7-58,REPIZON P/CELOSIA DE LUJO CAFE OSCURO DE 6.10 MTS,PZA,False,0,0,0,0,LA VIGA EXTRUSIONES,ALUMINIO CAFE (18),CELOSIAS,CELOSIAS,2
102-7518-7-18,"CHAMBRANA DE 2"" CAFE DE 6.10 MTS P/CORREDIZA",PZA,False,0,0,0,0,LA VIGA EXTRUSIONES,ALUMINIO CAFE (18),CORREDIZAS,"CORREDIZA 2""",2
102-7818-7-18,"RIEL AUXILIAR DE 2"" CAFE DE 6.10 MTS P/CORREDIZA",PZA,False,0,0,0,0,LA VIGA EXTRUSIONES,ALUMINIO CAFE (18),CORREDIZAS,"CORREDIZA 2""",2
102-9953-7-18,RIEL INFERIOR DE 2' CAFE DE 6.10 MTS P/CORREDIZA,PZA,False,0,0,0,0,LA VIGA EXTRUSIONES,ALUMINIO CAFE (18),CORREDIZAS,"CORREDIZA 2""",2
102-11044-7-18,"ZOCLO CHICO DE 2"" CAFE DE 6.10 MTS P/CORREDIZA",PZA,False,0,0,0,0,LA VIGA EXTRUSIONES,ALUMINIO CAFE (18),CORREDIZAS,"CORREDIZA 2""",2
102-7825-7-18,"ZOCLO GRANDE DE 2"" CAFE DE 6.10 MTS",PZA,False,0,0,0,0,LA VIGA EXTRUSIONES,ALUMINIO CAFE (18),CORREDIZAS,"CORREDIZA 2""",2
112-7847-3-18,"CERCO PUERTA DE 3"" CAFE DE 4.60 MTS P/CORREDIZA",PZA,False,0,0,0,0,LA VIGA EXTRUSIONES,ALUMINIO CAFE (18),CORREDIZAS,"CORREDIZA 3""",2
112-7847-7-18,"CERCO PUERTA DE 3"" CAFE DE 6.10 MTS",PZA,False,0,0,0,0,LA VIGA EXTRUSIONES,ALUMINIO CAFE (18),CORREDIZAS,"CORREDIZA 3""",2
112-7826-7-18,"CHAMBRANA DE 3"" CAFE DE 6.10 MTS P/CORREDIZA",PZA,False,0,0,0,0,LA VIGA EXTRUSIONES,ALUMINIO CAFE (18),CORREDIZAS,"CORREDIZA 3""",2
112-9081-7-18,"INTERMEDIO CORTO DE 3"" CAFE DE 6.10 MTS",PZA,False,0,0,0,0,LA VIGA EXTRUSIONES,ALUMINIO CAFE (18),CORREDIZAS,"CORREDIZA 3""",1
112-9957-7-18,"RIEL INFERIOR DE 3"" CAFE DE 6.10 MTS P/CORREDIZA",PZA,False,0,0,0,0,LA VIGA EXTRUSIONES,ALUMINIO CAFE (18),CORREDIZAS,"CORREDIZA 3""",2
112-7848-7-18,"TRASLAPE PUERTA DE 3"" CAFE DE 6.10 MTS",PZA,False,0,0,0,0,LA VIGA EXTRUSIONES,ALUMINIO CAFE (18),CORREDIZAS,"CORREDIZA 3""",2
112-7844-7-18,TRASLAPE VENTANA DE 3' CAFE DE 6.10 MTS P/CORREDIZ,PZA,True,4,41,0,0,LA VIGA EXTRUSIONES,ALUMINIO CAFE (18),CORREDIZAS,"CORREDIZA 3""",2
112-7842-7-18,ZOCLO PUERTA DE 3' CAFE DE 6.10 MTS P/CORREDIZA,PZA,False,0,0,0,0,LA VIGA EXTRUSIONES,ALUMINIO CAFE (18),CORREDIZAS,"CORREDIZA 3""",2
112-7835-7-18,ZOCLO VENTANA DE 3' CAFE DE 6.10 MTS P/CORREDIZA,PZA,False,0,0,0,0,LA VIGA EXTRUSIONES,ALUMINIO CAFE (18),CORREDIZAS,"CORREDIZA 3""",2
107-8591-7-18,BOLSA LISA DE 2' CAFE DE 6.10 MTS FIJO,PZA,True,0,0,0,0,LA VIGA EXTRUSIONES,ALUMINIO CAFE (18),FIJOS,"FIJA 2""",2
107-8591-7-18M,BOLSA LISA DE 2' CAFE FIJO,MTS,False,0,0,0,0,LA VIGA EXTRUSIONES,ALUMINIO CAFE (18),FIJOS,"FIJA 2""",1
107-9084-7-18,ESCALONADO DE 2' CAFE DE 6.10 MTS FIJO,PZA,False,0,0,0,0,LA VIGA EXTRUSIONES,ALUMINIO CAFE (18),FIJOS,"FIJA 2""",2
107-9088-7-18,JUNQUILLO DE 2' CAFE DE 6.10 MTS FIJO,PZA,False,0,0,0,0,LA VIGA EXTRUSIONES,ALUMINIO CAFE (18),FIJOS,"FIJA 2""",2
107-9083-7-18,"PERIMETRAL DE 2"" CAFE DE 6.10 MTS FIJO",PZA,False,0,0,0,0,LA VIGA EXTRUSIONES,ALUMINIO CAFE (18),FIJOS,"FIJA 2""",2
107-9086-7-18,PERIMETRAL FLEXIBLE DE 2' CAFE DE 6.10 MTS FIJO,PZA,False,0,0,0,0,LA VIGA EXTRUSIONES,ALUMINIO CAFE (18),FIJOS,"FIJA 2""",1
107-9086-7-18M,PERIMETRAL FLEXIBLE DE 2' CAFE FIJO,MTS,False,0,0,0,0,LA VIGA EXTRUSIONES,ALUMINIO CAFE (18),FIJOS,"FIJA 2""",1
107-9085-7-18,"TAPA BOLSA DE 2"" CAFE DE 6.10 MTS FIJO",PZA,False,0,0,0,0,LA VIGA EXTRUSIONES,ALUMINIO CAFE (18),FIJOS,"FIJA 2""",2
107-4051-7-18,"TAPA LISA DE 2"" CAFE DE 6.10 MTS FIJO",PZA,False,0,0,0,0,LA VIGA EXTRUSIONES,ALUMINIO CAFE (18),FIJOS,"FIJA 2""",2
117-9114-7-18,BOLSA LISA DE 3' CAFE DE 6.10 MTS FIJO,PZA,False,0,12,0,0,LA VIGA EXTRUSIONES,ALUMINIO CAFE (18),FIJOS,"FIJA 3""",2
117-9114-7-18M,BOLSA LISA DE 3' CAFE FIJO,MTS,False,0,0,0,0,LA VIGA EXTRUSIONES,ALUMINIO CAFE (18),FIJOS,"FIJA 3""",1
117-7315-7-18,"TAPA BOLSA DE 3"" CAFE DE 6.10 MTS FIJO",PZA,False,0,0,0,0,LA VIGA EXTRUSIONES,ALUMINIO CAFE (18),FIJOS,"FIJA 3""",2
117-7316-7-18,"TAPA LISA DE 3"" CAFE DE 6.10 MTS FIJO",PZA,False,0,0,0,0,LA VIGA EXTRUSIONES,ALUMINIO CAFE (18),FIJOS,"FIJA 3""",2
196-3160-7-18,RIBETE PECHO PALOMA (BOCEL) CAFE DE 6.10 MTS,PZA,False,0,0,0,0,LA VIGA EXTRUSIONES,ALUMINIO CAFE (18),MOLDURAS,MOLDURAS,2
126-7333-7-18,MOSQUITERO ECONOMICO CAFE DE 6.10 MTS,PZA,False,0,0,0,0,LA VIGA EXTRUSIONES,ALUMINIO CAFE (18),MOSQUITEROS,MOSQUITEROS,2
126-6533-7-18,MOSQUITERO HORIZONTAL CAFE 6.10 MTS,PZA,False,0,0,0,0,LA VIGA EXTRUSIONES,ALUMINIO CAFE (18),MOSQUITEROS,MOSQUITEROS,2
126-6534-3-18,MOSQUITERO VERTICAL CAFE DE 4.60 MTS,PZA,False,0,0,0,0,LA VIGA EXTRUSIONES,ALUMINIO CAFE (18),MOSQUITEROS,MOSQUITEROS,2
148-7013-7-18,PORTAVIDRIO DE 1' CAFE DE 6.10 MTS,PZA,False,0,0,0,0,LA VIGA EXTRUSIONES,ALUMINIO CAFE (18),PORTAVIDRIOS,"PORTAVIDRIO 1""",2
143-9204-3-18,POSTE FELPA O CERCO RANURADO CAFE DE 4.60 MTS,PZA,False,0,0,0,0,LA VIGA EXTRUSIONES,ALUMINIO CAFE (18),PUERTAS,BATIENTE 1750,2
143-9187-7-18,ZOCLO PUERTA BATIENTE CAFE DE 6.10 MTS,PZA,False,0,0,0,0,LA VIGA EXTRUSIONES,ALUMINIO CAFE (18),PUERTAS,BATIENTE 1750,2
133-11067-7-18,TUBO CUADRADO DE 1 1/2 X 1 1/2 CAFE DE 6.10 MTS,PZA,False,0,0,0,0,LA VIGA EXTRUSIONES,ALUMINIO CAFE (18),TUBOS,TUBO CUADRADO,2
133-2356-7-18,TUBO CUADRADO DE 2 X 2 CAFE DE 6.10 MTS,PZA,False,0,0,0,0,LA VIGA EXTRUSIONES,ALUMINIO CAFE (18),TUBOS,TUBO CUADRADO,2
136-2500-7-18,TUBO RECTANGULAR 1 X 1/2 CAFE DE 6.10 MTS,PZA,False,0,0,0,0,LA VIGA EXTRUSIONES,ALUMINIO CAFE (18),TUBOS,TUBO RECTANGULAR,2
136-2516-7-18,"TUBO RECTANGULAR 3 X 1"" CAFE 6.10 MTS",PZA,False,0,0,0,0,LA VIGA EXTRUSIONES,ALUMINIO CAFE (18),TUBOS,TUBO RECTANGULAR,2
131-2520-7-18,TUBO RECTANGULAR 4 X 1 3/4 CAFE 6.10 MTS,PZA,False,0,0,0,0,LA VIGA EXTRUSIONES,ALUMINIO CAFE (18),TUBOS,TUBO RECTANGULAR,2
134-11086-7-18,TUBO RECTANGULAR DE 1 1/2 X 3/4 CAFE DE 6.10 MTS,PZA,False,0,0,0,0,LA VIGA EXTRUSIONES,ALUMINIO CAFE (18),TUBOS,TUBO RECTANGULAR,1
134-11084-7-18,TUBO RECTANGULAR DE 3 X 1 1/2 CAFE DE 6.10 MTS,PZA,False,0,0,0,0,LA VIGA EXTRUSIONES,ALUMINIO CAFE (18),TUBOS,TUBO RECTANGULAR,2
134-11122-7-18,TUBO RECTANGULAR DE 3 X 1 3/4 CAFE DE 6.10 MTS,PZA,False,0,0,0,0,LA VIGA EXTRUSIONES,ALUMINIO CAFE (18),TUBOS,TUBO RECTANGULAR,2
135-2121-7-18,"TUBO REDONDO 1"" CAFE DE 6.10 MTS",PZA,False,0,0,0,0,LA VIGA EXTRUSIONES,ALUMINIO CAFE (18),TUBOS,TUBO REDONDO,2
132-22196-7-18,"TUBO REDONDO 2"" CAFE DE 6.10 MTS",PZA,False,0,0,0,0,LA VIGA CUPRUM,ALUMINIO CAFE (18),TUBOS,TUBO REDONDO,3
153-1324-7-58,"ANGULO DE 1"" CAFE OSCURO DE 6.10 MTS",PZA,True,14,16,0,0,LA VIGA EXTRUSIONES,ALUMINIO CAFE OSCURO (58),ANGULOS,ANGULOS,2
153-1301-7-58,"ANGULO DE 1/2"" CAFE OSCURO DE 6.10 MTS",PZA,True,33.5,-20,0,0,LA VIGA EXTRUSIONES,ALUMINIO CAFE OSCURO (58),ANGULOS,ANGULOS,2
153-1303-7-58,"ANGULO DE 3/4"" CAFE OSCURO DE 6.10 MTS",PZA,True,114.5,-80,0,0,LA VIGA EXTRUSIONES,ALUMINIO CAFE OSCURO (58),ANGULOS,ANGULOS,2
158-1613-7-58,"TEE DE 1"" CAFE OSCURO DE 6.10 MTS",PZA,True,67,32,0,0,LA VIGA EXTRUSIONES,ALUMINIO CAFE OSCURO (58),ANGULOS,TEE,2
143-11032-7-58,TOPE BATIENTE 1/2 X 3/4 CAFE OSCURO DE 6.10 MTS,PZA,True,-47,32,0,0,LA VIGA EXTRUSIONES,ALUMINIO CAFE OSCURO (58),BATIENTES,BATIENTE 1750,2
122-9524-7-58,GUIA PARA BAÑO ANCHA CAFE OSCURO DE 6.10 MTS,PZA,True,8.5,0,0,0,LA VIGA EXTRUSIONES,ALUMINIO CAFE OSCURO (58),BAÑOS,BAÑOS,2
122-9525-7-58,OVAL CHICO CAFE OSCURO DE 6.10 MTS,PZA,True,5.5,0,0,0,LA VIGA EXTRUSIONES,ALUMINIO CAFE OSCURO (58),BAÑOS,BAÑOS,2
122-9756-7-58,OVAL MEDIANO CAFE OSCURO DE 6.10 MTS,PZA,True,-5.5,36,0,0,LA VIGA EXTRUSIONES,ALUMINIO CAFE OSCURO (58),BAÑOS,BAÑOS,2
122-9523-7-58,RIEL SUP ECONOMICO CAFE OSCURO DE 6.10 MTS,PZA,True,-0.5,12,0,0,LA VIGA EXTRUSIONES,ALUMINIO CAFE OSCURO (58),BAÑOS,BAÑOS,2
122-11174-7-58,RIEL SUP REFORZADO CAFE OSCURO DE 6.10 MTS,PZA,True,10.5,12,0,0,LA VIGA EXTRUSIONES,ALUMINIO CAFE OSCURO (58),BAÑOS,BAÑOS,2
163-6053-7-58,CELOSIA LOUVER CAFE OSCURO DE 6.10 MTS,PZA,True,-0.5,32,0,0,LA VIGA EXTRUSIONES,ALUMINIO CAFE OSCURO (58),CELOSIAS,CELOSIAS,2
102-7821-3-58,"CERCO PUERTA DE 2"" CAFE OSCURO DE 4.60 MTS",PZA,True,-3,60,0,0,LA VIGA EXTRUSIONES,ALUMINIO CAFE OSCURO (58),CORREDIZAS,"CORREDIZA 2""",2
102-7821-7-58,"CERCO PUERTA DE 2"" CAFE OSCURO DE 6.10 MTS",PZA,True,0,-36,0,0,LA VIGA EXTRUSIONES,ALUMINIO CAFE OSCURO (58),CORREDIZAS,"CORREDIZA 2""",2
102-7518-7-58,"CHAMBRANA DE 2"" CAFE OSCURO DE 6.10 MTS",PZA,True,81,24,0,0,LA VIGA EXTRUSIONES,ALUMINIO CAFE OSCURO (58),CORREDIZAS,"CORREDIZA 2""",2
102-7818-7-58,"RIEL AUXILIAR DE 2"" CAFE OSCURO DE 6.10 MTS",PZA,True,-24,24,0,0,LA VIGA EXTRUSIONES,ALUMINIO CAFE OSCURO (58),CORREDIZAS,"CORREDIZA 2""",2
102-9953-7-58,RIEL INFERIOR DE 2' CAFE OSCURO DE 6.10 MTS P/CORREDIZA,PZA,True,11,-24,0,0,LA VIGA EXTRUSIONES,ALUMINIO CAFE OSCURO (58),CORREDIZAS,"CORREDIZA 2""",2
102-9955-7-58,"TRASLAPE PUERTA DE 2"" CAFE OSCURO DE 6.10 MTS",PZA,False,-4.5,0,0,0,LA VIGA EXTRUSIONES,ALUMINIO CAFE OSCURO (58),CORREDIZAS,"CORREDIZA 2""",2
102-9955-3-58,TRASLAPE PUERTA DE 2' CAFE OSCURO DE 4.60 MTS P/CORREDIZA,PZA,True,-16,72,0,0,LA VIGA EXTRUSIONES,ALUMINIO CAFE OSCURO (58),CORREDIZAS,"CORREDIZA 2""",2
102-11044-7-58,"ZOCLO CHICO DE 2"" CAFE OSCURO DE 6.10 MTS",PZA,True,86.5,-60,0,0,LA VIGA EXTRUSIONES,ALUMINIO CAFE OSCURO (58),CORREDIZAS,"CORREDIZA 2""",2
102-7825-7-58,"ZOCLO GRANDE DE 2"" CAFE OSCURO DE 6.10 MTS",PZA,True,23.5,-8,0,0,LA VIGA EXTRUSIONES,ALUMINIO CAFE OSCURO (58),CORREDIZAS,"CORREDIZA 2""",2
112-7847-3-58,"CERCO PUERTA DE 3"" CAFE OSCURO 4.60 MTS",PZA,True,38,8,0,0,LA VIGA EXTRUSIONES,ALUMINIO CAFE OSCURO (58),CORREDIZAS,"CORREDIZA 3""",2
112-7847-7-58,"CERCO PUERTA DE 3"" CAFE OSCURO DE 6.10 MTS",PZA,True,11.5,-14,0,0,LA VIGA EXTRUSIONES,ALUMINIO CAFE OSCURO (58),CORREDIZAS,"CORREDIZA 3""",2
112-9082-7-58,"INTERMEDIO DE 3"" CAFE OSCURO DE 6.10 MTS",PZA,True,-16.5,21,0,0,LA VIGA EXTRUSIONES,ALUMINIO CAFE OSCURO (58),CORREDIZAS,"CORREDIZA 3""",2
112-9957-7-58,"RIEL INFERIOR DE 3"" CAFE OSCURO DE 6.10 MTS",PZA,True,-3,18,0,0,LA VIGA EXTRUSIONES,ALUMINIO CAFE OSCURO (58),CORREDIZAS,"CORREDIZA 3""",2
1113-7848-7-58,"TRASLAPE PUERTA DE 3"" CAFE OSCURO DE 6.10 MTS",PZA,True,-26,32,0,0,LA VIGA EXTRUSIONES,ALUMINIO CAFE OSCURO (58),CORREDIZAS,"CORREDIZA 3""",2
112-7848-3-58,TRASLAPE PUERTA DE 3' CAFE OSCURO DE 4.60 MTS P/CORREDIZA,PZA,True,44,0,0,0,LA VIGA EXTRUSIONES,ALUMINIO CAFE OSCURO (58),CORREDIZAS,"CORREDIZA 3""",2
112-7842-7-58,"ZOCLO PUERTA DE 3"" CAFE OSCURO DE 6.10 MTS",PZA,True,-22,8,0,0,LA VIGA EXTRUSIONES,ALUMINIO CAFE OSCURO (58),CORREDIZAS,"CORREDIZA 3""",2
112-7835-7-58,"ZOCLO VENTANA DE 3"" CAFE OSCURO DE 6.10 MTS",PZA,True,4,8,0,0,LA VIGA EXTRUSIONES,ALUMINIO CAFE OSCURO (58),CORREDIZAS,"CORREDIZA 3""",2
171-6617-7-58,DUELA LISA CAFE OSCURO 6.10 MTS,PZA,True,92.5,-18,0,0,LA VIGA EXTRUSIONES,ALUMINIO CAFE OSCURO (58),DUELAS,DUELA LISA,2
171-11128-7-58,DUELA ONDULADA CAFE OSCURO 6.10 MTS,PZA,True,1.5,32,0,0,LA VIGA EXTRUSIONES,ALUMINIO CAFE OSCURO (58),DUELAS,DUELA ONDULADA,2
192-6100-7-58,LAMA MALLORQUINA LINEA 6400 CAFE OSCURO DE 6.10 MTS,PZA,True,5,-12,51,0,LA VIGA EXTRUSIONES,ALUMINIO CAFE OSCURO (58),ESPAÑOLA,6000 ESPAÑOLA,3
107-9084-7-58,ESCALONADO DE 2' CAFE OSCURO DE 6.10 MTS FIJO,PZA,True,-22.5,56,0,0,LA VIGA EXTRUSIONES,ALUMINIO CAFE OSCURO (58),FIJOS,"FIJA 2""",2
107-9083-7-58,"PERIMETRAL DE 2"" CAFE OSCURO DE 6.10 MTS FIJO",PZA,True,2,16,0,0,LA VIGA EXTRUSIONES,ALUMINIO CAFE OSCURO (58),FIJOS,"FIJA 2""",2
107-9085-7-58,"TAPA BOLSA DE 2"" CAFE OSCURO DE 6.10 MTS",PZA,True,7.5,32,0,0,LA VIGA EXTRUSIONES,ALUMINIO CAFE OSCURO (58),FIJOS,"FIJA 2""",2
107-4051-7-58,"TAPA LISA DE 2"" CAFE OSCURO 6.10 MTS",PZA,True,19.5,0,0,0,LA VIGA EXTRUSIONES,ALUMINIO CAFE OSCURO (58),FIJOS,"FIJA 2""",2
117-9136-7-58,"ESCALONADO DE 3"" CAFE OSCURO DE 6.10 MTS",PZA,True,6.5,-2,0,0,LA VIGA EXTRUSIONES,ALUMINIO CAFE OSCURO (58),FIJOS,"FIJA 3""",2
117-9112-7-58,"JUNQUILLO DE 3"" CAFE OSCURO DE 6.10 MTS",PZA,True,8.5,0,0,0,LA VIGA EXTRUSIONES,ALUMINIO CAFE OSCURO (58),FIJOS,"FIJA 3""",2
117-9135-7-58,PERIMETRAL DE 3' CAFE OSCURO DE 6.10 MTS FIJO,PZA,True,-1,0,0,0,LA VIGA EXTRUSIONES,ALUMINIO CAFE OSCURO (58),FIJOS,"FIJA 3""",2
117-7315-7-58,"TAPA BOLSA DE 3"" CAFE OSCURO DE 6.10 MTS",PZA,True,11,-6,0,0,LA VIGA EXTRUSIONES,ALUMINIO CAFE OSCURO (58),FIJOS,"FIJA 3""",2
117-7316-7-58,"TAPA LISA DE 3"" CAFE OSCURO DE 6.10 MTS",PZA,True,7.5,0,0,0,LA VIGA EXTRUSIONES,ALUMINIO CAFE OSCURO (58),FIJOS,"FIJA 3""",2
196-3160-7-58,RIBETE PECHO PALOMA (BOCEL) CAFE OSCURO DE 6.10,PZA,True,6,30,0,0,LA VIGA EXTRUSIONES,ALUMINIO CAFE OSCURO (58),MOLDURAS,MOLDURAS,2
126-7333-7-58,MOSQUITERO ECONOMICO CAFE OSCURO DE 6.10 MTS,PZA,False,399.5,-410,0,0,LA VIGA EXTRUSIONES,ALUMINIO CAFE OSCURO (58),MOSQUITEROS,MOSQUITEROS,2
126-6533-7-58,MOSQUITERO HORIZONTAL CAFE OSCURO 6.10 MTS,PZA,True,17.2,10,0,0,LA VIGA EXTRUSIONES,ALUMINIO CAFE OSCURO (58),MOSQUITEROS,MOSQUITEROS,2
126-6534-3-58,MOSQUITERO VERTICAL CAFE OSCURO DE 4.60 MTS,PZA,True,-27,30,0,0,LA VIGA EXTRUSIONES,ALUMINIO CAFE OSCURO (58),MOSQUITEROS,MOSQUITEROS,2
126-6534-7-58,MOSQUITERO VERTICAL CAFE OSCURO DE 6.10 MTS,PZA,False,-2,0,0,0,LA VIGA EXTRUSIONES,ALUMINIO CAFE OSCURO (58),MOSQUITEROS,MOSQUITEROS,2
991-2389-7-58,"PASAMANOS REDONDO 2"" CAFE OSCURO 6.10 MTS",PZA,True,-1.5,11,0,0,LA VIGA EXTRUSIONES,ALUMINIO CAFE OSCURO (58),PASAMANOS,PASAMANO REDONDO,2
170-2830-7-58,"PASAMANOS REDONDO 3"" CAFE OSCURO DE 6.10 MTS",PZA,True,0,5,0,0,LA VIGA EXTRUSIONES,ALUMINIO CAFE OSCURO (58),PASAMANOS,PASAMANO REDONDO,2
148-7014-7-58,"JUNQUILLO DE 1"" CAFE OSCURO DE 6.10 MTS",PZA,True,1.5,0,0,0,LA VIGA EXTRUSIONES,ALUMINIO CAFE OSCURO (58),PORTAVIDRIOS,"PORTAVIDRIO 1""",2
148-7013-7-58,"PORTAVIDRIO DE 1"" CAFE OSCURO DE 6.10 MTS",PZA,True,19.5,-12,0,0,LA VIGA EXTRUSIONES,ALUMINIO CAFE OSCURO (58),PORTAVIDRIOS,"PORTAVIDRIO 1""",2
642-72230-7-58,CONTRA MARCO CAFE OSCURO 6.10 MTS EXTRUSIONES,PZA,True,-4.5,48,0,0,LA VIGA EXTRUSIONES,ALUMINIO CAFE OSCURO (58),PROYECCION,SERIE 35,2
652-72231-7-58,MARCO OVALADO CAFE OSCURO 6.10 MTS EXTRUSIONES,PZA,True,-7.5,32,0,0,LA VIGA EXTRUSIONES,ALUMINIO CAFE OSCURO (58),PROYECCION,SERIE 35,2
143-9207-7-58,CABEZAL PUERTA BATIENTE CAFE OSCURO DE 6.10 MTS,PZA,True,18,4,0,0,LA VIGA EXTRUSIONES,ALUMINIO CAFE OSCURO (58),PUERTAS,BATIENTE 1750,2
143-6370-7-58,JUNQUILLO RECTO PTA BATIENTE CAFE OSCURO DE 6.10 MTS,PZA,True,-2.5,32,0,0,LA VIGA EXTRUSIONES,ALUMINIO CAFE OSCURO (58),PUERTAS,BATIENTE 1750,2
143-9204-3-58,POSTE FELPA O CERCO RANURADO CAFE OSCURO DE 4.60 MTS,PZA,True,7,4,0,0,LA VIGA EXTRUSIONES,ALUMINIO CAFE OSCURO (58),PUERTAS,BATIENTE 1750,2
143-9187-7-58,ZOCLO PUERTA BATIENTE CAFE OSCURO DE 6.10 MTS,PZA,True,5,-4,0,0,LA VIGA EXTRUSIONES,ALUMINIO CAFE OSCURO (58),PUERTAS,BATIENTE 1750,2
133-11067-7-58,TUBO CUADRADO DE 1 1/2 X 1 1/2 CAFE OSCURO DE 6.10 MTS,PZA,True,21,-24,0,0,LA VIGA EXTRUSIONES,ALUMINIO CAFE OSCURO (58),TUBOS,TUBO CUADRADO,2
133-11154-7-58,TUBO CUADRADO DE 1 1/4 X 1 1/4 CAFE OSCURO DE 6.10 MTS,PZA,True,-4,0,0,0,LA VIGA EXTRUSIONES,ALUMINIO CAFE OSCURO (58),TUBOS,TUBO CUADRADO,2
133-2362-7-58,TUBO CUADRADO DE 1 X 1 CAFE OSCURO DE 6.10 MTS,PZA,True,15.5,-2,0,0,LA VIGA EXTRUSIONES,ALUMINIO CAFE OSCURO (58),TUBOS,TUBO CUADRADO,2
133-2356-7-58,TUBO CUADRADO DE 2 X 2 CAFE OSCURO 6.10 MTS,PZA,True,-5,72,0,0,LA VIGA EXTRUSIONES,ALUMINIO CAFE OSCURO (58),TUBOS,TUBO CUADRADO,2
134-11086-7-58,TUBO RECTANGULAR 1 1/2 X 3/4 CAFE OSCURO DE 6.10 MTS,PZA,False,-3,12,0,0,LA VIGA EXTRUSIONES,ALUMINIO CAFE OSCURO (58),TUBOS,TUBO RECTANGULAR,2
136-2500-7-58,TUBO RECTANGULAR 1 X 1/2 CAFE OSCURO DE 6.10 MTS,PZA,True,-0.5,20,0,0,LA VIGA EXTRUSIONES,ALUMINIO CAFE OSCURO (58),TUBOS,TUBO RECTANGULAR,2
134-11121-7-58,TUBO RECTANGULAR 2 X 1 CAFE OSCURO DE 6.10 MTS,PZA,True,73,-60,0,0,LA VIGA EXTRUSIONES,ALUMINIO CAFE OSCURO (58),TUBOS,TUBO RECTANGULAR,2
134-11084-7-58,TUBO RECTANGULAR 3 X 1 1/2 CAFE OSCURO DE 6.10 MTS,PZA,True,-12,24,0,0,LA VIGA EXTRUSIONES,ALUMINIO CAFE OSCURO (58),TUBOS,TUBO RECTANGULAR,2
134-11122-7-58,TUBO RECTANGULAR 3 X 1 3/4 CAFE OSCURO DE 6.10 MTS,PZA,True,2,8,0,0,LA VIGA EXTRUSIONES,ALUMINIO CAFE OSCURO (58),TUBOS,TUBO RECTANGULAR,2
136-2516-7-58,TUBO RECTANGULAR 3 X 1 CAFE OSCURO 6.10 MTS,PZA,True,1.5,4,0,0,LA VIGA EXTRUSIONES,ALUMINIO CAFE OSCURO (58),TUBOS,TUBO RECTANGULAR,2
131-2520-7-58,TUBO RECTANGULAR 4 X 1 3/4 CAFE OSCURO 6.10 MTS,PZA,True,15,-8,0,0,LA VIGA EXTRUSIONES,ALUMINIO CAFE OSCURO (58),TUBOS,TUBO RECTANGULAR,2
134-11099-7-58,TUBO RECTANGULAR DE 2 1/2 X 1 1/4 CAFE OSCURO DE 6.10 MTS,PZA,True,1,24,0,0,LA VIGA EXTRUSIONES,ALUMINIO CAFE OSCURO (58),TUBOS,TUBO RECTANGULAR,2
135-2121-7-58,"TUBO REDONDO 1"" CAFE OSCURO DE 6.10 MTS",PZA,True,-5.5,12,0,0,LA VIGA EXTRUSIONES,ALUMINIO CAFE OSCURO (58),TUBOS,TUBO REDONDO,2
132-22196-7-58,"TUBO REDONDO DE 2"" CAFE OSCURO DE 6.10 MTS",PZA,True,-9.5,136,0,0,LA VIGA EXTRUSIONES,ALUMINIO CAFE OSCURO (58),TUBOS,TUBO REDONDO,2
155-1303-7-4,ANGULO DE 3/4' CHAMP PULIDO DE 6.10 MTS,PZA,True,32.5,0,0,0,LA VIGA EXTRUSIONES,ALUMINIO CHAMPAGNE (4),ANGULOS,ANGULOS,2
145-11032-7-4,TOPE BATIENTE 1/2 X 3/4 CHAMP PULIDO DE 6.10 MTS,PZA,True,-46,48,0,0,LA VIGA EXTRUSIONES,ALUMINIO CHAMPAGNE (4),BATIENTES,BATIENTE 1750,2
124-9524-7-4,GUIA PARA BAÑO ANCHA CHAMP PULIDO DE 6.10 MTS,PZA,True,9.5,0,0,0,LA VIGA EXTRUSIONES,ALUMINIO CHAMPAGNE (4),BAÑOS,BAÑOS,2
124-9525-7-4,OVAL CHICO CHAMP PULIDO DE 6.10 MTS,PZA,True,9,48,0,0,LA VIGA EXTRUSIONES,ALUMINIO CHAMPAGNE (4),BAÑOS,BAÑOS,2
124-9756-7-4,OVAL MEDIANO CHAMP PULIDO DE 6.10 MTS,PZA,True,8.5,44,0,0,LA VIGA EXTRUSIONES,ALUMINIO CHAMPAGNE (4),BAÑOS,BAÑOS,2
124-9523-7-4,RIEL SUP ECONOMICO CHAMP PULIDO DE 6.10 MTS,PZA,True,3,18,0,0,LA VIGA EXTRUSIONES,ALUMINIO CHAMPAGNE (4),BAÑOS,BAÑOS,2
124-11174-7-4,RIEL SUP REFORZADO CHAMP PULIDO DE 6.10 MTS,PZA,True,8.5,0,0,0,LA VIGA EXTRUSIONES,ALUMINIO CHAMPAGNE (4),BAÑOS,BAÑOS,2
165-6053-7-4,CELOSIA LOUVER CHAMP PULIDO DE 6.10 MTS,PZA,True,9.5,56,0,0,LA VIGA EXTRUSIONES,ALUMINIO CHAMPAGNE (4),CELOSIAS,CELOSIAS,2
104-7821-7-4,"CERCO PUERTA DE 2"" CHAMP PULIDO DE 6.10 MTS",PZA,True,1.5,12,0,0,LA VIGA EXTRUSIONES,ALUMINIO CHAMPAGNE (4),CORREDIZAS,"CORREDIZA 2""",2
104-7821-3-4,CERCO PUERTA DE 2' CHAMP PULIDO DE 4.60MTS P/CORR,PZA,True,8,36,0,0,LA VIGA EXTRUSIONES,ALUMINIO CHAMPAGNE (4),CORREDIZAS,"CORREDIZA 2""",2
104-7518-7-4,CHAMBRANA DE 2' CHAMP PULIDO DE 6.10 MTS P/CORREDIZA,PZA,True,32,-8,0,0,LA VIGA EXTRUSIONES,ALUMINIO CHAMPAGNE (4),CORREDIZAS,"CORREDIZA 2""",2
104-7818-7-4,RIEL AUXILIAR DE 2' CHAMP PULIDO DE 6.10 MTS P/CORR,PZA,True,10.5,24,0,0,LA VIGA EXTRUSIONES,ALUMINIO CHAMPAGNE (4),CORREDIZAS,"CORREDIZA 2""",2
104-9953-7-4,RIEL INFERIOR DE 2' CHAMP PULIDO DE 6.10 MTS P/CORR,PZA,True,-3,24,0,0,LA VIGA EXTRUSIONES,ALUMINIO CHAMPAGNE (4),CORREDIZAS,"CORREDIZA 2""",2
104-9955-7-4,"TRASLAPE PUERTA DE 2"" CHAMP PULIDO DE 6.10 MTS",PZA,True,-12,24,0,0,LA VIGA EXTRUSIONES,ALUMINIO CHAMPAGNE (4),CORREDIZAS,"CORREDIZA 2""",2
104-9955-3-4,TRASLAPE PUERTA DE 2' CHAMP PULIDO DE 4.60 MTS,PZA,True,23,84,0,0,LA VIGA EXTRUSIONES,ALUMINIO CHAMPAGNE (4),CORREDIZAS,"CORREDIZA 2""",2
104-11044-7-4,ZOCLO CHICO DE 2' CHAMP PULIDO DE 6.10 MTS P/CORREDIZA,PZA,True,13,24,0,0,LA VIGA EXTRUSIONES,ALUMINIO CHAMPAGNE (4),CORREDIZAS,"CORREDIZA 2""",2
104-7825-7-4,ZOCLO GRANDE DE 2' CHAMP PULIDO DE 6.10 MTS P/CORR,PZA,True,12.5,-4,0,0,LA VIGA EXTRUSIONES,ALUMINIO CHAMPAGNE (4),CORREDIZAS,"CORREDIZA 2""",2
114-7836-7-4,CABEZAL DE 3' CHAMP PULIDO DE 6.10 MTS P/CORREDIZA,PZA,True,8,32,0,0,LA VIGA EXTRUSIONES,ALUMINIO CHAMPAGNE (4),CORREDIZAS,"CORREDIZA 3""",2
114-7847-7-4,"CERCO PUERTA DE 3"" CHAMP PULIDO DE 6.10 MTS",PZA,True,2,16,0,0,LA VIGA EXTRUSIONES,ALUMINIO CHAMPAGNE (4),CORREDIZAS,"CORREDIZA 3""",2
114-7847-3-4,CERCO PUERTA DE 3' CHAMP PULIDO DE 4.60MTS,PZA,True,-1,48,0,0,LA VIGA EXTRUSIONES,ALUMINIO CHAMPAGNE (4),CORREDIZAS,"CORREDIZA 3""",2
114-7826-7-4,CHAMBRANA DE 3' CHAMP PULIDO DE 6.10 MTS P/CORREDIZA,PZA,True,-2.5,42,0,0,LA VIGA EXTRUSIONES,ALUMINIO CHAMPAGNE (4),CORREDIZAS,"CORREDIZA 3""",2
114-9082-7-4,INTERMEDIO DE 3' CHAMP PULIDO DE 6.10 MTS P/CORREDIZA,PZA,True,-14.5,28,0,0,LA VIGA EXTRUSIONES,ALUMINIO CHAMPAGNE (4),CORREDIZAS,"CORREDIZA 3""",2
114-9957-7-4,RIEL INFERIOR DE 3' CHAMP PULIDO DE 6.10 MTS P/CORR,PZA,True,-2,32,0,0,LA VIGA EXTRUSIONES,ALUMINIO CHAMPAGNE (4),CORREDIZAS,"CORREDIZA 3""",2
114-7848-7-4,"TRASLAPE PUERTA DE 3"" CHAMP PULIDO DE 6.10 MTS",PZA,True,-3,32,0,0,LA VIGA EXTRUSIONES,ALUMINIO CHAMPAGNE (4),CORREDIZAS,"CORREDIZA 3""",2
114-7848-3-4,TRASLAPE PUERTA DE 3' CHAMP PULIDO DE 4.60 MTS,PZA,True,14,72,0,0,LA VIGA EXTRUSIONES,ALUMINIO CHAMPAGNE (4),CORREDIZAS,"CORREDIZA 3""",2
114-7842-7-4,ZOCLO PUERTA DE 3' CHAMP PULIDO DE 6.10MTS P/CORREDIZA,PZA,True,4.5,4,0,0,LA VIGA EXTRUSIONES,ALUMINIO CHAMPAGNE (4),CORREDIZAS,"CORREDIZA 3""",2
114-7835-7-4,ZOCLO VENTANA DE 3' CHAMP PULIDO DE 6.10 MTS P/CORR,PZA,False,-0.5,0,0,0,LA VIGA EXTRUSIONES,ALUMINIO CHAMPAGNE (4),CORREDIZAS,"CORREDIZA 3""",2
173-6617-7-4,DUELA LISA CHAMPAGNE BTE 6.10 MTS,PZA,True,30.5,-40,0,0,LA VIGA EXTRUSIONES,ALUMINIO CHAMPAGNE (4),DUELAS,DUELA LISA,2
173-11128-7-4,DUELA ONDULADA CHAMPAGNE BTE 6.10 MTS,PZA,True,7.5,40,0,0,LA VIGA EXTRUSIONES,ALUMINIO CHAMPAGNE (4),DUELAS,DUELA ONDULADA,2
109-9084-7-4,ESCALONADO DE 2' CHAMP PULIDO DE 6.10 MTS FIJO,PZA,True,27,0,0,0,LA VIGA EXTRUSIONES,ALUMINIO CHAMPAGNE (4),FIJOS,"FIJA 2""",2
109-9083-7-4,PERIMETRAL DE 2' CHAMP PULIDO DE 6.10 MTS FIJO,PZA,True,24,0,0,0,LA VIGA EXTRUSIONES,ALUMINIO CHAMPAGNE (4),FIJOS,"FIJA 2""",2
109-9086-7-4-BC,PERIMETRAL FLEXIBLE DE 2' CHAMP PULIDO DE 6.10MTS FIJO,PZA,False,0,0,0,0,LA VIGA EXTRUSIONES,ALUMINIO CHAMPAGNE (4),FIJOS,"FIJA 2""",1
109-4051-7-4,TAPA LISA DE 2' CHAMP PULIDO DE 6.10 MTS FIJO,PZA,True,10.5,16,0,0,LA VIGA EXTRUSIONES,ALUMINIO CHAMPAGNE (4),FIJOS,"FIJA 2""",2
119-9136-7-4,ESCALONADO DE 3' CHAMP PULIDO DE 6.10 MTS FIJO,PZA,True,2,42,0,0,LA VIGA EXTRUSIONES,ALUMINIO CHAMPAGNE (4),FIJOS,"FIJA 3""",2
119-9112-7-4,JUNQUILLO DE 3' CHAMP PULIDO DE 6.10 MTS FIJO,PZA,True,15,24,0,0,LA VIGA EXTRUSIONES,ALUMINIO CHAMPAGNE (4),FIJOS,"FIJA 3""",2
119-9135-7-4,PERIMETRAL DE 3' CHAMP PULIDO DE 6.10 MTS FIJO,PZA,True,3,12,0,0,LA VIGA EXTRUSIONES,ALUMINIO CHAMPAGNE (4),FIJOS,"FIJA 3""",2
119-7315-7-4,TAPA BOLSA DE 3' CHAMP PULIDO DE 6.10 MTS FIJO,PZA,True,4,30,0,0,LA VIGA EXTRUSIONES,ALUMINIO CHAMPAGNE (4),FIJOS,"FIJA 3""",2
128-7333-7-4,MOSQUITERO ECONOMICO CHAMPAGNE BTE 6.10 MTS,PZA,True,1,20,0,0,LA VIGA EXTRUSIONES,ALUMINIO CHAMPAGNE (4),MOSQUITEROS,MOSQUITEROS,2
128-6533-7-4,MOSQUITERO HORIZONTAL CHAMPAGNE BTE 6.10 MTS,PZA,True,-6,20,0,0,LA VIGA EXTRUSIONES,ALUMINIO CHAMPAGNE (4),MOSQUITEROS,MOSQUITEROS,2
128-6534-3-4,MOSQUITERO VERTICAL CHAMP PULIDO DE 4.60 MTS,PZA,True,94,55,0,0,LA VIGA EXTRUSIONES,ALUMINIO CHAMPAGNE (4),MOSQUITEROS,MOSQUITEROS,2
128-6534-7-4,MOSQUITERO VERTICAL CHAMP PULIDO DE 6.10 MTS,PZA,True,10,0,0,0,LA VIGA EXTRUSIONES,ALUMINIO CHAMPAGNE (4),MOSQUITEROS,MOSQUITEROS,2
991-2389-7-4,"PASAMANOS REDONDO 2"" CHAMPAGNE PULIDO 6.10 MTS",PZA,True,1.5,10,0,0,LA VIGA EXTRUSIONES,ALUMINIO CHAMPAGNE (4),PASAMANOS,PASAMANO REDONDO,2
170-2830-7-4,"PASAMANOS REDONDO 3"" CHAMP PULIDO DE 6.10 MTS",PZA,True,-1,1,0,0,LA VIGA EXTRUSIONES,ALUMINIO CHAMPAGNE (4),PASAMANOS,PASAMANO REDONDO,2
644-72230-7-4,CONTRA MARCO CHAMPAGNE PULIDO 6.10 MTS EXTRUSIONES,PZA,True,3,64,0,0,LA VIGA EXTRUSIONES,ALUMINIO CHAMPAGNE (4),PROYECCION,SERIE 35,2
145-9207-7-4,CABEZAL PUERTA BATIENTE CHAMP PULIDO DE 6.10 MTS,PZA,True,5.5,12,0,0,LA VIGA EXTRUSIONES,ALUMINIO CHAMPAGNE (4),PUERTAS,BATIENTE 1750,2
145-9183-7-4,INTERMEDIO PUERTA BATIENTE CHAMP PULIDO DE 6.10 MTS,PZA,True,5,6,0,0,LA VIGA EXTRUSIONES,ALUMINIO CHAMPAGNE (4),PUERTAS,BATIENTE 1750,2
145-6370-7-4,JUNQUILLO RECTO PTA BATIENTE CHAMP PULIDO DE 6.10 MTS,PZA,True,22.5,0,0,0,LA VIGA EXTRUSIONES,ALUMINIO CHAMPAGNE (4),PUERTAS,BATIENTE 1750,2
145-9204-3-4,POSTE FELPA O CERCO RANURADO CHAMP PULIDO DE 4.60 MTS,PZA,True,3,12,0,0,LA VIGA EXTRUSIONES,ALUMINIO CHAMPAGNE (4),PUERTAS,BATIENTE 1750,2
145-9187-7-4,ZOCLO PUERTA BATIENTE CHAMP PULIDO DE 6.10 MTS,PZA,True,0.5,8,0,0,LA VIGA EXTRUSIONES,ALUMINIO CHAMPAGNE (4),PUERTAS,BATIENTE 1750,2
138-11067-7-4,TUBO CUADRADO DE 1 1/2 X 1 1/2 CHAMP PULIDO DE 6.10MTS,PZA,True,3.5,12,0,0,LA VIGA EXTRUSIONES,ALUMINIO CHAMPAGNE (4),TUBOS,TUBO CUADRADO,2
138-11154-7-4,TUBO CUADRADO DE 1 1/4 X 1 1/4 CHAMP PULIDO DE 6.10MTS,PZA,True,3,32,0,0,LA VIGA EXTRUSIONES,ALUMINIO CHAMPAGNE (4),TUBOS,TUBO CUADRADO,2
138-2362-7-4,TUBO CUADRADO DE 1 X 1 CHAMP PULIDO DE 6.10 MTS,PZA,True,24,0,0,0,LA VIGA EXTRUSIONES,ALUMINIO CHAMPAGNE (4),TUBOS,TUBO CUADRADO,2
138-2356-7-4,TUBO CUADRADO DE 2 X 2 CHAMP PULIDO DE 6.10 MTS,PZA,True,-11,24,0,0,LA VIGA EXTRUSIONES,ALUMINIO CHAMPAGNE (4),TUBOS,TUBO CUADRADO,2
136-2516-7-4,"TUBO RECTANGULAR 3 X 1"" CHAMPAGNE BTE 6.10 MTS",PZA,True,2,20,0,0,LA VIGA EXTRUSIONES,ALUMINIO CHAMPAGNE (4),TUBOS,TUBO RECTANGULAR,2
131-2520-7-4,TUBO RECTANGULAR 4 X 1 3/4 CHAMPAGNE 6.10 MTS,PZA,True,3,18,0,0,LA VIGA EXTRUSIONES,ALUMINIO CHAMPAGNE (4),TUBOS,TUBO RECTANGULAR,2
139-11086-7-4,TUBO RECTANGULAR DE 1 1/2 X 3/4 CHAMP PUL DE 6.10 MTS,PZA,True,-13,12,0,0,LA VIGA EXTRUSIONES,ALUMINIO CHAMPAGNE (4),TUBOS,TUBO RECTANGULAR,2
136-2500-7-4,TUBO RECTANGULAR DE 1 X 1/2 CHAMPAGNE DE 6.10 MTS,PZA,True,20.5,0,0,0,LA VIGA EXTRUSIONES,ALUMINIO CHAMPAGNE (4),TUBOS,TUBO RECTANGULAR,2
139-11099-7-4,TUBO RECTANGULAR DE 2 1/2 X 1 1/4 CHAMP PUL DE 6.10,PZA,False,0,0,0,0,LA VIGA EXTRUSIONES,ALUMINIO CHAMPAGNE (4),TUBOS,TUBO RECTANGULAR,2
139-11121-7-4,TUBO RECTANGULAR DE 2 X 1 CHAMP PULIDO DE 6.10 MTS,PZA,True,-5.5,12,0,0,LA VIGA EXTRUSIONES,ALUMINIO CHAMPAGNE (4),TUBOS,TUBO RECTANGULAR,2
139-11084-7-4,TUBO RECTANGULAR DE 3 X 1 1/2 CHAMP PULIDO DE 6.10 MTS,PZA,True,3,21,0,0,LA VIGA EXTRUSIONES,ALUMINIO CHAMPAGNE (4),TUBOS,TUBO RECTANGULAR,2
139-11122-7-4,TUBO RECTANGULAR DE 3 X 1 3/4 CHAMP PULIDO DE 6.10 MTS,PZA,True,-1,10,0,0,LA VIGA EXTRUSIONES,ALUMINIO CHAMPAGNE (4),TUBOS,TUBO RECTANGULAR,2
137-2121-7-4,"TUBO REDONDO 1"" CHAMPAGNE PULIDO DE 6.10 MTS",PZA,True,8,24,-5,0,LA VIGA EXTRUSIONES,ALUMINIO CHAMPAGNE (4),TUBOS,TUBO REDONDO,2
132-22196-7-4,"TUBO REDONDO 2"" CHAMPAGNE PULIDO DE 6.10 MTS",PZA,True,137,-28,0,0,LA VIGA EXTRUSIONES,ALUMINIO CHAMPAGNE (4),TUBOS,TUBO REDONDO,2
1110-1513-7-50,PERFIL ANGULO 1 1/2 X 1 1/2 X 1/8 S/ANODIZAR 6.10 MTS,PZA,False,0,0,0,0,CONSORCIO DE ALUMINIO DEL SURESTE,ALUMINIO CORPORATIVO VALSA,ANGULOS,ANGULOS,3
1112-21545-7-70,"PERFIL ANGULO 1"" BLANCO 6.10 MTS",PZA,False,0,0,0,0,CONSORCIO DE ALUMINIO DEL SURESTE,ALUMINIO CORPORATIVO VALSA,ANGULOS,ANGULOS,3
1113-21545-7-48,"PERFIL ANGULO 1"" CAFE OSCURO 6.10 MTS",PZA,False,0,0,0,0,CONSORCIO DE ALUMINIO DEL SURESTE,ALUMINIO CORPORATIVO VALSA,ANGULOS,ANGULOS,3
1112-11502-7-70,"PERFIL ANGULO 1/2"" BLANCO 6.10 MTS",PZA,False,0,0,0,0,CONSORCIO DE ALUMINIO DEL SURESTE,ALUMINIO CORPORATIVO VALSA,ANGULOS,ANGULOS,3
1112-21504-7-70,PERFIL ANGULO 3/4 BLANCO 6.10 MTS,PZA,False,0,0,0,0,CONSORCIO DE ALUMINIO DEL SURESTE,ALUMINIO CORPORATIVO VALSA,ANGULOS,ANGULOS,3
1113-21504-7-48,PERFIL ANGULO 3/4 CAFE OSCURO 6.10 MTS,PZA,False,0,0,0,0,CONSORCIO DE ALUMINIO DEL SURESTE,ALUMINIO CORPORATIVO VALSA,ANGULOS,ANGULOS,3
1111-21504-7-14,PERFIL ANGULO 3/4 NATURAL 6.10 MTS,PZA,False,0,0,0,0,CONSORCIO DE ALUMINIO DEL SURESTE,ALUMINIO CORPORATIVO VALSA,ANGULOS,ANGULOS,3
1112-11312-7-70,"PERFIL TEE DE 1"" BLANCO 6.10 MTS",PZA,False,0,0,0,0,CONSORCIO DE ALUMINIO DEL SURESTE,ALUMINIO CORPORATIVO VALSA,ANGULOS,ANGULOS,3
1112-7625-7-70,PERFIL OVAL CHICO BLANCO  6.10 MTS,PZA,False,0,0,0,0,CONSORCIO DE ALUMINIO DEL SURESTE,ALUMINIO CORPORATIVO VALSA,BAÑOS,BAÑOS,3
1112-22140-7-70,PERFIL OVAL MEDIANO BLANCO  6.10 MTS,PZA,False,0,0,0,0,CONSORCIO DE ALUMINIO DEL SURESTE,ALUMINIO CORPORATIVO VALSA,BAÑOS,BAÑOS,3
1113-22140-7-48,PERFIL OVAL MEDIANO CAFE 6.10 MTS,PZA,False,0,0,0,0,CONSORCIO DE ALUMINIO DEL SURESTE,ALUMINIO CORPORATIVO VALSA,BAÑOS,BAÑOS,3
1111-22140-7-14,PERFIL OVAL MEDIANO NATURAL 6.10 MTS,PZA,False,0,0,0,0,CONSORCIO DE ALUMINIO DEL SURESTE,ALUMINIO CORPORATIVO VALSA,BAÑOS,BAÑOS,3
1112-V6053-7-70,PERFIL CELOSIA LOUVER BLANCO 6.10 MTS,PZA,False,0,0,14,0,CONSORCIO DE ALUMINIO DEL SURESTE,ALUMINIO CORPORATIVO VALSA,CELOSIAS,CELOSIAS,3
1113-V6053-7-48,PERFIL CELOSIA LOUVER CAFE OSCURO 6.10 MTS,PZA,False,0,0,0,0,CONSORCIO DE ALUMINIO DEL SURESTE,ALUMINIO CORPORATIVO VALSA,CELOSIAS,CELOSIAS,3
1112-V7821-3-70,"PERFIL CERCO PUERTA DE 2"" BLANCO 4.60 MTS",PZA,False,0,0,0,0,CONSORCIO DE ALUMINIO DEL SURESTE,ALUMINIO CORPORATIVO VALSA,CORREDIZAS,"CORREDIZA 2""",3
1112-V7821-7-70,"PERFIL CERCO PUERTA DE 2"" BLANCO 6.10 MTS",PZA,False,0,0,0,0,CONSORCIO DE ALUMINIO DEL SURESTE,ALUMINIO CORPORATIVO VALSA,CORREDIZAS,"CORREDIZA 2""",3
1113-V7821-3-48,"PERFIL CERCO PUERTA DE 2"" CAFE OSCURO 4.60 MTS",PZA,False,0,0,0,0,CONSORCIO DE ALUMINIO DEL SURESTE,ALUMINIO CORPORATIVO VALSA,CORREDIZAS,"CORREDIZA 2""",3
1113-V7821-7-48,"PERFIL CERCO PUERTA DE 2"" CAFE OSCURO 6.10 MTS",PZA,False,0,0,0,0,CONSORCIO DE ALUMINIO DEL SURESTE,ALUMINIO CORPORATIVO VALSA,CORREDIZAS,"CORREDIZA 2""",3
1111-V7821-3-14,"PERFIL CERCO PUERTA DE 2"" NATURAL 4.60 MTS",PZA,False,0,0,0,0,CONSORCIO DE ALUMINIO DEL SURESTE,ALUMINIO CORPORATIVO VALSA,CORREDIZAS,"CORREDIZA 2""",3
1111-V7821-7-14,"PERFIL CERCO PUERTA DE 2"" NATURAL 6.10 MTS",PZA,False,0,0,0,0,CONSORCIO DE ALUMINIO DEL SURESTE,ALUMINIO CORPORATIVO VALSA,CORREDIZAS,"CORREDIZA 2""",3
1112-21828-7-70,"PERFIL CHAMBRANA DE 2"" BLANCO 6.10 MTS",PZA,False,0,0,0,0,CONSORCIO DE ALUMINIO DEL SURESTE,ALUMINIO CORPORATIVO VALSA,CORREDIZAS,"CORREDIZA 2""",3
1113-21828-7-48,"PERFIL CHAMBRANA DE 2"" CAFE OSCURO 6.10 MTS",PZA,False,0,0,0,0,CONSORCIO DE ALUMINIO DEL SURESTE,ALUMINIO CORPORATIVO VALSA,CORREDIZAS,"CORREDIZA 2""",3
1111-21828-7-14,"PERFIL CHAMBRANA DE 2"" NATURAL 6.10 MTS",PZA,False,0,0,0,0,CONSORCIO DE ALUMINIO DEL SURESTE,ALUMINIO CORPORATIVO VALSA,CORREDIZAS,"CORREDIZA 2""",3
1112-6403-7-70,"PERFIL RIEL AUXILIAR DE 2"" BLANCO 6.10 MTS",PZA,False,0,0,0,0,CONSORCIO DE ALUMINIO DEL SURESTE,ALUMINIO CORPORATIVO VALSA,CORREDIZAS,"CORREDIZA 2""",3
1113-6403-7-48,"PERFIL RIEL AUXILIAR DE 2"" CAFE OSCURO 6.10 MTS",PZA,False,0,0,0,0,CONSORCIO DE ALUMINIO DEL SURESTE,ALUMINIO CORPORATIVO VALSA,CORREDIZAS,"CORREDIZA 2""",3
1111-6403-7-14,"PERFIL RIEL AUXILIAR DE 2"" NATURAL 6.10 MTS",PZA,False,0,0,0,0,CONSORCIO DE ALUMINIO DEL SURESTE,ALUMINIO CORPORATIVO VALSA,CORREDIZAS,"CORREDIZA 2""",3
1112-V9953-7-70,"PERFIL RIEL INFERIOR DE 2"" BLANCO 6.10 MTS",PZA,False,0,0,0,0,CONSORCIO DE ALUMINIO DEL SURESTE,ALUMINIO CORPORATIVO VALSA,CORREDIZAS,"CORREDIZA 2""",3
1113-V9953-7-48,"PERFIL RIEL INFERIOR DE 2"" CAFE OSCURO 6.10 MTS",PZA,False,0,0,0,0,CONSORCIO DE ALUMINIO DEL SURESTE,ALUMINIO CORPORATIVO VALSA,CORREDIZAS,"CORREDIZA 2""",3
1111-V9953-7-14,"PERFIL RIEL INFERIOR DE 2"" NATURAL 6.10 MTS",PZA,False,0,0,0,0,CONSORCIO DE ALUMINIO DEL SURESTE,ALUMINIO CORPORATIVO VALSA,CORREDIZAS,"CORREDIZA 2""",3
1112-V9955-3-70,"PERFIL TRASLAPE PUERTA DE 2"" BLANCO 4.60 MTS",PZA,True,0,0,48,0,CONSORCIO DE ALUMINIO DEL SURESTE,ALUMINIO CORPORATIVO VALSA,CORREDIZAS,"CORREDIZA 2""",3
1112-V9955-7-70,"PERFIL TRASLAPE PUERTA DE 2"" BLANCO 6.10 MTS",PZA,False,0,0,0,0,CONSORCIO DE ALUMINIO DEL SURESTE,ALUMINIO CORPORATIVO VALSA,CORREDIZAS,"CORREDIZA 2""",3
1113-V9955-3-48,"PERFIL TRASLAPE PUERTA DE 2"" CAFE OSCURO 4.60 MTS",PZA,True,0,0,13,0,CONSORCIO DE ALUMINIO DEL SURESTE,ALUMINIO CORPORATIVO VALSA,CORREDIZAS,"CORREDIZA 2""",3
1113-V9955-7-48,"PERFIL TRASLAPE PUERTA DE 2"" CAFE OSCURO 6.10 MTS",PZA,False,0,0,0,0,CONSORCIO DE ALUMINIO DEL SURESTE,ALUMINIO CORPORATIVO VALSA,CORREDIZAS,"CORREDIZA 2""",3
1111-V9955-3-14,"PERFIL TRASLAPE PUERTA DE 2"" NATURAL 4.60 MTS",PZA,False,0,0,0,0,CONSORCIO DE ALUMINIO DEL SURESTE,ALUMINIO CORPORATIVO VALSA,CORREDIZAS,"CORREDIZA 2""",3
1111-V9955-7-14,"PERFIL TRASLAPE PUERTA DE 2"" NATURAL 6.10 MTS",PZA,False,0,0,0,0,CONSORCIO DE ALUMINIO DEL SURESTE,ALUMINIO CORPORATIVO VALSA,CORREDIZAS,"CORREDIZA 2""",3
1112-V11044-7-70,"PERFIL ZOCLO CHICO DE 2"" BLANCO 6.10 MTS",PZA,False,0,0,0,0,CONSORCIO DE ALUMINIO DEL SURESTE,ALUMINIO CORPORATIVO VALSA,CORREDIZAS,"CORREDIZA 2""",3
1113-V11044-7-48,"PERFIL ZOCLO CHICO DE 2"" CAFE OSCURO 6.10 MTS",PZA,False,0,0,0,0,CONSORCIO DE ALUMINIO DEL SURESTE,ALUMINIO CORPORATIVO VALSA,CORREDIZAS,"CORREDIZA 2""",3
1111-V11044-7-14,"PERFIL ZOCLO CHICO DE 2"" NATURAL 6.10 MTS",PZA,False,0,0,0,0,CONSORCIO DE ALUMINIO DEL SURESTE,ALUMINIO CORPORATIVO VALSA,CORREDIZAS,"CORREDIZA 2""",3
1112-V7825-7-70,"PERFIL ZOCLO GRANDE DE 2"" BLANCO 6.10 MTS",PZA,False,0,0,0,0,CONSORCIO DE ALUMINIO DEL SURESTE,ALUMINIO CORPORATIVO VALSA,CORREDIZAS,"CORREDIZA 2""",3
1113-V7825-7-48,"PERFIL ZOCLO GRANDE DE 2"" CAFE OSCURO 6.10 MTS",PZA,False,0,0,0,0,CONSORCIO DE ALUMINIO DEL SURESTE,ALUMINIO CORPORATIVO VALSA,CORREDIZAS,"CORREDIZA 2""",3
1111-V7825-7-14,"PERFIL ZOCLO GRANDE DE 2"" NATURAL 6.10 MTS",PZA,False,0,0,0,0,CONSORCIO DE ALUMINIO DEL SURESTE,ALUMINIO CORPORATIVO VALSA,CORREDIZAS,"CORREDIZA 2""",3
1113-V7842-7-48,"PERFIL ZOCLO PUERTA DE 3"" CAFE OSCURO 6.10 MTS",PZA,True,2,0,2,0,CONSORCIO DE ALUMINIO DEL SURESTE,ALUMINIO CORPORATIVO VALSA,CORREDIZAS,"CORREDIZA 2""",3
1112-90017-7-70,PERFIL ADAPTADOR OXXO BLANCO 6.10 MTS,PZA,False,0,0,0,0,CONSORCIO DE ALUMINIO DEL SURESTE,ALUMINIO CORPORATIVO VALSA,CORREDIZAS,"CORREDIZA 3""",3
1112-V7836-7-70,"PERFIL CABEZAL DE 3"" BLANCO 6.10 MTS",PZA,True,0,0,20,0,CONSORCIO DE ALUMINIO DEL SURESTE,ALUMINIO CORPORATIVO VALSA,CORREDIZAS,"CORREDIZA 3""",3
1113-V7836-7-48,"PERFIL CABEZAL DE 3"" CAFE OSCURO 6.10 MTS",PZA,False,0,0,0,0,CONSORCIO DE ALUMINIO DEL SURESTE,ALUMINIO CORPORATIVO VALSA,CORREDIZAS,"CORREDIZA 3""",3
1112-V7847-3-70,"PERFIL CERCO PUERTA DE 3"" BLANCO 4.60 MTS",PZA,False,0,0,0,0,CONSORCIO DE ALUMINIO DEL SURESTE,ALUMINIO CORPORATIVO VALSA,CORREDIZAS,"CORREDIZA 3""",3
1112-V7847-7-70,"PERFIL CERCO PUERTA DE 3"" BLANCO 6.10 MTS",PZA,False,0,0,0,0,CONSORCIO DE ALUMINIO DEL SURESTE,ALUMINIO CORPORATIVO VALSA,CORREDIZAS,"CORREDIZA 3""",3
1113-V7847-3-48,"PERFIL CERCO PUERTA DE 3"" CAFE OSCURO 4.60 MTS",PZA,False,0,0,0,0,CONSORCIO DE ALUMINIO DEL SURESTE,ALUMINIO CORPORATIVO VALSA,CORREDIZAS,"CORREDIZA 3""",3
1113-V7847-7-48,"PERFIL CERCO PUERTA DE 3"" CAFE OSCURO 6.10 MTS",PZA,False,0,0,0,0,CONSORCIO DE ALUMINIO DEL SURESTE,ALUMINIO CORPORATIVO VALSA,CORREDIZAS,"CORREDIZA 3""",3
1111-V7847-3-14,"PERFIL CERCO PUERTA DE 3"" NATURAL 4.60 MTS",PZA,False,0,0,0,0,CONSORCIO DE ALUMINIO DEL SURESTE,ALUMINIO CORPORATIVO VALSA,CORREDIZAS,"CORREDIZA 3""",3
1111-V7847-7-14,"PERFIL CERCO PUERTA DE 3"" NATURAL 6.10 MTS",PZA,False,0,0,0,0,CONSORCIO DE ALUMINIO DEL SURESTE,ALUMINIO CORPORATIVO VALSA,CORREDIZAS,"CORREDIZA 3""",3
1112-17015-7-70,"PERFIL CHAMBRANA DE 3"" BLANCO 6.10 MTS",PZA,False,0,0,0,0,CONSORCIO DE ALUMINIO DEL SURESTE,ALUMINIO CORPORATIVO VALSA,CORREDIZAS,"CORREDIZA 3""",3
1113-17015-7-48,"PERFIL CHAMBRANA DE 3"" CAFE OSCURO 6.10 MTS",PZA,False,0,0,0,0,CONSORCIO DE ALUMINIO DEL SURESTE,ALUMINIO CORPORATIVO VALSA,CORREDIZAS,"CORREDIZA 3""",3
1111-17015-7-14,"PERFIL CHAMBRANA DE 3"" NATURAL 6.10 MTS",PZA,False,0,0,0,0,CONSORCIO DE ALUMINIO DEL SURESTE,ALUMINIO CORPORATIVO VALSA,CORREDIZAS,"CORREDIZA 3""",3
1112-V9082-7-70,"PERFIL INTERMEDIO DE 3"" BLANCO 6.10 MTS",PZA,False,0,0,0,0,CONSORCIO DE ALUMINIO DEL SURESTE,ALUMINIO CORPORATIVO VALSA,CORREDIZAS,"CORREDIZA 3""",3
1113-V9082-7-48,"PERFIL INTERMEDIO DE 3"" CAFE OSCURO 6.10 MTS",PZA,True,0,0,0,0,CONSORCIO DE ALUMINIO DEL SURESTE,ALUMINIO CORPORATIVO VALSA,CORREDIZAS,"CORREDIZA 3""",3
1112-13902-7-70,PERFIL PECHO PALOMA BOCEL BLANCO 6.10 MTS,PZA,False,0,0,0,0,CONSORCIO DE ALUMINIO DEL SURESTE,ALUMINIO CORPORATIVO VALSA,CORREDIZAS,"CORREDIZA 3""",3
1113-13902-7-48,PERFIL PECHO PALOMA BOCEL CAFE OSCURO 6.10 MTS,PZA,True,0,0,38,0,CONSORCIO DE ALUMINIO DEL SURESTE,ALUMINIO CORPORATIVO VALSA,CORREDIZAS,"CORREDIZA 3""",3
1112-17016-7-70,"PERFIL RIEL INFERIOR DE 3"" BLANCO 6.10 MTS",PZA,False,0,0,0,0,CONSORCIO DE ALUMINIO DEL SURESTE,ALUMINIO CORPORATIVO VALSA,CORREDIZAS,"CORREDIZA 3""",3
1113-17016-7-48,"PERFIL RIEL INFERIOR DE 3"" CAFE OSCURO 6.10 MTS",PZA,False,0,0,0,0,CONSORCIO DE ALUMINIO DEL SURESTE,ALUMINIO CORPORATIVO VALSA,CORREDIZAS,"CORREDIZA 3""",3
1111-17016-7-14,"PERFIL RIEL INFERIOR DE 3"" NATURAL 6.10 MTS",PZA,False,0,0,0,0,CONSORCIO DE ALUMINIO DEL SURESTE,ALUMINIO CORPORATIVO VALSA,CORREDIZAS,"CORREDIZA 3""",3
1112-V7848-3-70,"PERFIL TRASLAPE PUERTA DE 3"" BLANCO 4.60 MTS",PZA,False,0,0,0,0,CONSORCIO DE ALUMINIO DEL SURESTE,ALUMINIO CORPORATIVO VALSA,CORREDIZAS,"CORREDIZA 3""",3
1112-V7848-7-70,"PERFIL TRASLAPE PUERTA DE 3"" BLANCO 6.10 MTS",PZA,True,0,0,40,0,CONSORCIO DE ALUMINIO DEL SURESTE,ALUMINIO CORPORATIVO VALSA,CORREDIZAS,"CORREDIZA 3""",3
1113-V7848-3-48,"PERFIL TRASLAPE PUERTA DE 3"" CAFE OSCURO 4.60 MTS",PZA,False,0,0,0,0,CONSORCIO DE ALUMINIO DEL SURESTE,ALUMINIO CORPORATIVO VALSA,CORREDIZAS,"CORREDIZA 3""",3
1113-V7848-7-48,"PERFIL TRASLAPE PUERTA DE 3"" CAFE OSCURO 6.10 MTS",PZA,False,0,0,0,0,CONSORCIO DE ALUMINIO DEL SURESTE,ALUMINIO CORPORATIVO VALSA,CORREDIZAS,"CORREDIZA 3""",3
1111-V7848-3-14,"PERFIL TRASLAPE PUERTA DE 3"" NATURAL 4.60 MTS",PZA,True,0,0,15,0,CONSORCIO DE ALUMINIO DEL SURESTE,ALUMINIO CORPORATIVO VALSA,CORREDIZAS,"CORREDIZA 3""",3
1111-V7848-7-14,"PERFIL TRASLAPE PUERTA DE 3"" NATURAL 6.10 MTS",PZA,True,0,0,8,0,CONSORCIO DE ALUMINIO DEL SURESTE,ALUMINIO CORPORATIVO VALSA,CORREDIZAS,"CORREDIZA 3""",3
1112-V7842-7-70,"PERFIL ZOCLO PUERTA DE 3"" BLANCO 6.10 MTS",PZA,False,0,0,0,0,CONSORCIO DE ALUMINIO DEL SURESTE,ALUMINIO CORPORATIVO VALSA,CORREDIZAS,"CORREDIZA 3""",3
1111-V7842-7-14,"PERFIL ZOCLO PUERTA DE 3"" NATURAL 6.10 MTS",PZA,False,0,0,0,0,CONSORCIO DE ALUMINIO DEL SURESTE,ALUMINIO CORPORATIVO VALSA,CORREDIZAS,"CORREDIZA 3""",3
1112-V7835-7-70,"PERFIL ZOCLO VENTANA DE 3"" BLANCO 6.10 MTS",PZA,False,0,0,0,0,CONSORCIO DE ALUMINIO DEL SURESTE,ALUMINIO CORPORATIVO VALSA,CORREDIZAS,"CORREDIZA 3""",3
1113-V7835-7-48,"PERFIL ZOCLO VENTANA DE 3"" CAFE OSCURO 6.10 MTS",PZA,False,0,0,0,0,CONSORCIO DE ALUMINIO DEL SURESTE,ALUMINIO CORPORATIVO VALSA,CORREDIZAS,"CORREDIZA 3""",3
1111-V7835-7-14,"PERFIL ZOCLO VENTANA DE 3"" NATURAL 6.10 MTS",PZA,False,0,0,0,0,CONSORCIO DE ALUMINIO DEL SURESTE,ALUMINIO CORPORATIVO VALSA,CORREDIZAS,"CORREDIZA 3""",3
1112-26608-7-70,PERFIL MOSQUITERO HORIZONTAL BLANCO 6.10 MTS,PZA,False,0,0,0,0,CONSORCIO DE ALUMINIO DEL SURESTE,ALUMINIO CORPORATIVO VALSA,CORREDIZAS,MOSQUITEROS,3
1112-26609-7-70,PERFIL MOSQUITERO VERTICAL BLANCO 6.10 MTS,PZA,False,0,0,0,0,CONSORCIO DE ALUMINIO DEL SURESTE,ALUMINIO CORPORATIVO VALSA,CORREDIZAS,MOSQUITEROS,3
1112-V6617-7-70,PERFIL DUELA LISA BLANCA 6.10 MTS,PZA,False,0,0,0,0,CONSORCIO DE ALUMINIO DEL SURESTE,ALUMINIO CORPORATIVO VALSA,DUELAS,DUELA LISA,3
1113-V6617-7-48,PERFIL DUELA LISA CAFE OSCURO 6.10 MTS,PZA,False,0,0,0,0,CONSORCIO DE ALUMINIO DEL SURESTE,ALUMINIO CORPORATIVO VALSA,DUELAS,DUELA LISA,3
1111-V6617-7-14,PERFIL DUELA LISA NATURAL 6.10 MTS,PZA,False,0,0,0,0,CONSORCIO DE ALUMINIO DEL SURESTE,ALUMINIO CORPORATIVO VALSA,DUELAS,DUELA LISA,3
1112-V9084-7-70,"PERFIL ESCALONADO DE 2"" BLANCO 6.10 MTS",PZA,False,0,0,0,0,CONSORCIO DE ALUMINIO DEL SURESTE,ALUMINIO CORPORATIVO VALSA,FIJOS,"FIJA 2""",3
1112-V9088-7-70,"PERFIL JUNQUILLO DE 2"" BLANCO 6.10 MTS",PZA,False,0,0,0,0,CONSORCIO DE ALUMINIO DEL SURESTE,ALUMINIO CORPORATIVO VALSA,FIJOS,"FIJA 2""",3
1113-V9088-7-48,"PERFIL JUNQUILLO DE 2"" CAFE OSCURO 6.10 MTS",PZA,True,0,0,0,0,CONSORCIO DE ALUMINIO DEL SURESTE,ALUMINIO CORPORATIVO VALSA,FIJOS,"FIJA 2""",3
1113-26608-7-48,PERFIL MOSQUITERO HORIZONTAL CAFE OSCURO 6.10 MTS,PZA,False,0,0,0,0,CONSORCIO DE ALUMINIO DEL SURESTE,ALUMINIO CORPORATIVO VALSA,GENERAL,BATIENTE 1750,3
1113-26609-3-48,PERFIL MOSQUITERO VERTICAL CAFE OSCURO 4.60 MTS,PZA,False,0,0,0,0,CONSORCIO DE ALUMINIO DEL SURESTE,ALUMINIO CORPORATIVO VALSA,GENERAL,BATIENTE 1750,3
1112-6013-7-70,PERFIL MOSQUITERO ECONOMICO BLANCO 6.10 MTS,PZA,False,0,0,0,0,CONSORCIO DE ALUMINIO DEL SURESTE,ALUMINIO CORPORATIVO VALSA,MOSQUITEROS,MOSQUITEROS,3
1113-6013-7-48,PERFIL MOSQUITERO ECONOMICO CAFE OSCURO 6.10 MTS,PZA,False,0,0,0,0,CONSORCIO DE ALUMINIO DEL SURESTE,ALUMINIO CORPORATIVO VALSA,MOSQUITEROS,MOSQUITEROS,3
1112-6013-7-14,PERFIL MOSQUITERO ECONOMICO NATURAL 6.10 MTS,PZA,False,0,0,0,0,CONSORCIO DE ALUMINIO DEL SURESTE,ALUMINIO CORPORATIVO VALSA,MOSQUITEROS,MOSQUITEROS,3
1112-16610-7-70,PERFIL MOSQUITERO INTERMEDIO BLANCO 6.10 MTS,PZA,False,0,0,0,0,CONSORCIO DE ALUMINIO DEL SURESTE,ALUMINIO CORPORATIVO VALSA,MOSQUITEROS,MOSQUITEROS,3
1111-26609-3-14,PERFIL MOSQUITERO VERTICAL NATURAL 4.60 MTS,PZA,False,0,0,0,0,CONSORCIO DE ALUMINIO DEL SURESTE,ALUMINIO CORPORATIVO VALSA,MOSQUITEROS,MOSQUITEROS,3
1112-15029-7-70,PERFIL JUNQUILLO RECTO PUERTA BATIENTE BLANCO 6.10 MTS,PZA,False,0,0,0,0,CONSORCIO DE ALUMINIO DEL SURESTE,ALUMINIO CORPORATIVO VALSA,PUERTAS,BATIENTE 1750,3
1113-15029-7-48,PERFIL JUNQUILLO RECTO PUERTA BATIENTE CAFE OSCURO 6.10 MTS,PZA,False,0,0,0,0,CONSORCIO DE ALUMINIO DEL SURESTE,ALUMINIO CORPORATIVO VALSA,PUERTAS,BATIENTE 1750,3
1112-20263-7-70,PERFIL TOPE BATIENTE 1/2 X 3/4 BLANCO 6.10 MTS,PZA,False,0,0,0,0,CONSORCIO DE ALUMINIO DEL SURESTE,ALUMINIO CORPORATIVO VALSA,PUERTAS,BATIENTE 1750,3
1113-20263-7-48,PERFIL TOPE BATIENTE 1/2 X 3/4 CAFE OSCURO 6.10 MTS,PZA,True,0,0,0,0,CONSORCIO DE ALUMINIO DEL SURESTE,ALUMINIO CORPORATIVO VALSA,PUERTAS,BATIENTE 1750,3
1112-V11067-7-70,PERFIL TUBO CUADRADO DE 1 1/2 X 1 1/2 BLANCO 6.10 MTS,PZA,False,0,0,0,0,CONSORCIO DE ALUMINIO DEL SURESTE,ALUMINIO CORPORATIVO VALSA,TUBOS,TUBO CUADRADO,3
1113-V11067-7-48,PERFIL TUBO CUADRADO DE 1 1/2 X 1 1/2 CAFE OSCURO 6.10 MTS,PZA,False,0,0,0,0,CONSORCIO DE ALUMINIO DEL SURESTE,ALUMINIO CORPORATIVO VALSA,TUBOS,TUBO CUADRADO,3
1111-V11067-7-14,PERFIL TUBO CUADRADO DE 1 1/2 X 1 1/2 NATURAL 6.10 MTS,PZA,False,0,0,0,0,CONSORCIO DE ALUMINIO DEL SURESTE,ALUMINIO CORPORATIVO VALSA,TUBOS,TUBO CUADRADO,3
1112-V11161-7-70,"PERFIL TUBO CUADRADO DE 1 X 1"" BLANCO 6.10 MTS",PZA,False,0,0,0,0,CONSORCIO DE ALUMINIO DEL SURESTE,ALUMINIO CORPORATIVO VALSA,TUBOS,TUBO CUADRADO,3
1113-V11161-7-48,"PERFIL TUBO CUADRADO DE 1 X 1"" CAFE OSCURO 6.10 MTS",PZA,False,0,0,0,0,CONSORCIO DE ALUMINIO DEL SURESTE,ALUMINIO CORPORATIVO VALSA,TUBOS,TUBO CUADRADO,3
1111-V11161-7-14,"PERFIL TUBO CUADRADO DE 1 X 1"" NATURAL 6.10 MTS",PZA,False,0,0,0,0,CONSORCIO DE ALUMINIO DEL SURESTE,ALUMINIO CORPORATIVO VALSA,TUBOS,TUBO CUADRADO,3
1113-V11156-7-48,PERFIL TUBO CUADRADO DE 2 X 2 CAFE OSCURO 6.10 MTS,PZA,False,0,0,0,0,CONSORCIO DE ALUMINIO DEL SURESTE,ALUMINIO CORPORATIVO VALSA,TUBOS,TUBO CUADRADO,3
1112-V9204-7-70,PERFIL POSTE FELPA BLANCO 6.10 MTS,PZA,False,0,0,0,0,CONSORCIO DE ALUMINIO DEL SURESTE,ALUMINIO CORPORATIVO VALSA,TUBOS,TUBO RECTANGULAR,3
1112-V11086-7-70,PERFIL TUBO RECTANGULAR DE 1 1/2 X 3/4 BLANCO 6.10 MTS,PZA,False,0,0,0,0,CONSORCIO DE ALUMINIO DEL SURESTE,ALUMINIO CORPORATIVO VALSA,TUBOS,TUBO RECTANGULAR,3
1113-V11086-7-48,PERFIL TUBO RECTANGULAR DE 1 1/2 X 3/4 CAFE OSCURO 6.10 MTS,PZA,False,0,0,0,0,CONSORCIO DE ALUMINIO DEL SURESTE,ALUMINIO CORPORATIVO VALSA,TUBOS,TUBO RECTANGULAR,3
1111-V11086-7-14,PERFIL TUBO RECTANGULAR DE 1 1/2 X 3/4 NATURAL 6.10 MTS,PZA,False,0,0,0,0,CONSORCIO DE ALUMINIO DEL SURESTE,ALUMINIO CORPORATIVO VALSA,TUBOS,TUBO RECTANGULAR,3
1113-V2500-7-48,PERFIL TUBO RECTANGULAR DE 1 X 1/2 CAFE OSCURO 6.10 MTS,PZA,False,0,0,0,0,CONSORCIO DE ALUMINIO DEL SURESTE,ALUMINIO CORPORATIVO VALSA,TUBOS,TUBO RECTANGULAR,3
1112-V11121-7-70,PERFIL TUBO RECTANGULAR DE 2 X 1 BLANCO 6.10 MTS,PZA,False,0,0,0,0,CONSORCIO DE ALUMINIO DEL SURESTE,ALUMINIO CORPORATIVO VALSA,TUBOS,TUBO RECTANGULAR,3
1113-V11121-7-48,PERFIL TUBO RECTANGULAR DE 2 X 1 CAFE OSCURO 6.10 MTS,PZA,False,0,0,0,0,CONSORCIO DE ALUMINIO DEL SURESTE,ALUMINIO CORPORATIVO VALSA,TUBOS,TUBO RECTANGULAR,3
1111-V11121-7-14,PERFIL TUBO RECTANGULAR DE 2 X 1 NATURAL 6.10 MTS,PZA,False,0,0,0,0,CONSORCIO DE ALUMINIO DEL SURESTE,ALUMINIO CORPORATIVO VALSA,TUBOS,TUBO RECTANGULAR,3
1112-22116-7-70,PERFIL TUBO RECTANGULAR DE 3 X 1 3/4  BLANCO 6.10 MTS,PZA,False,0,0,0,0,CONSORCIO DE ALUMINIO DEL SURESTE,ALUMINIO CORPORATIVO VALSA,TUBOS,TUBO RECTANGULAR,3
1113-22116-7-48,PERFIL TUBO RECTANGULAR DE 3 X 1 3/4  CAFE OSCURO 6.10 MTS,PZA,False,0,0,0,0,CONSORCIO DE ALUMINIO DEL SURESTE,ALUMINIO CORPORATIVO VALSA,TUBOS,TUBO RECTANGULAR,3
1112-4130-7-70,PERFIL GUIA VITRINA BLANCO 6.10 MTS,PZA,False,0,0,0,0,CONSORCIO DE ALUMINIO DEL SURESTE,ALUMINIO CORPORATIVO VALSA,VITRINAS,VITRINA,3
1112-4132-7-70,PERFIL ZOBOTE VITRINA BLANCO 6.10 MTS,PZA,False,0,0,0,0,CONSORCIO DE ALUMINIO DEL SURESTE,ALUMINIO CORPORATIVO VALSA,VITRINAS,VITRINA,3
1111-K01314-7-11,BARRA ANGULO 1 1/2 X 3/16 SIN ANODIZAR  6.10 MTS,PZA,True,0,0,15,0,LA VIGA INDALUM,ALUMINIO INDALUM,ANGULOS,ANGULOS,3
1112-K01324-7-80,"BARRA ANGULO 1"" BLANCO 6.10 MTS",PZA,True,0,0,51,0,LA VIGA INDALUM,ALUMINIO INDALUM,ANGULOS,ANGULOS,3
1113-K01324-7-8,"BARRA ANGULO 1"" CAFE OSCURO 6.10 MTS",PZA,False,0,0,0,0,LA VIGA INDALUM,ALUMINIO INDALUM,ANGULOS,ANGULOS,3
1111-K01324-7-11,"BARRA ANGULO 1"" NATURAL 6.10 MTS",PZA,True,0,0,0,0,LA VIGA INDALUM,ALUMINIO INDALUM,ANGULOS,ANGULOS,3
1112-K01301-7-80,BARRA ANGULO 1/2 BLANCO 6.10 MTS,PZA,True,0,0,0,0,LA VIGA INDALUM,ALUMINIO INDALUM,ANGULOS,ANGULOS,3
1113-K01301-7-8,BARRA ANGULO 1/2 CAFE OSCURO 6.10 MTS,PZA,True,0,0,-8.5,0,LA VIGA INDALUM,ALUMINIO INDALUM,ANGULOS,ANGULOS,3
1112-K01303-7-80,BARRA ANGULO 3/4 BLANCO 6.10 MTS,PZA,False,0,0,0,0,LA VIGA INDALUM,ALUMINIO INDALUM,ANGULOS,ANGULOS,3
1113-K01303-7-8,BARRA ANGULO 3/4 CAFE OSCURO 6.10 MTS,PZA,True,0,0,33,0,LA VIGA INDALUM,ALUMINIO INDALUM,ANGULOS,ANGULOS,3
1111-K01303-7-11,BARRA ANGULO 3/4 NATURAL 6.10 MTS,PZA,True,0,0,0,0,LA VIGA INDALUM,ALUMINIO INDALUM,ANGULOS,ANGULOS,3
1113-K68327-7-8,BARRA ZOCLO HERCULITE 1/2 LIGERO CAFE OSCURO 6.10 MTS,PZA,True,0,0,4,0,LA VIGA INDALUM,ALUMINIO INDALUM,ANGULOS,ANGULOS,3
1112-K01613-7-80,"BARRA TEE DE 1"" BLANCO 6.10 MTS",PZA,True,0,0,105,0,LA VIGA INDALUM,ALUMINIO INDALUM,ANGULOS,TEE,3
1111-K01613-7-11,"BARRA TEE DE 1"" NATURAL 6.10 MTS",PZA,True,0,0,29.5,0,LA VIGA INDALUM,ALUMINIO INDALUM,ANGULOS,TEE,3
1112-K08550-7-80,"BARRA BATIENTE 1 1/2""  CON VENAS BLANCO 6.10 MTS",PZA,True,0,0,0,0,LA VIGA INDALUM,ALUMINIO INDALUM,BATIENTES,BATIENTE 1750,3
1113-K08550-7-8,"BARRA BATIENTE 1 1/2""  CON VENAS CAFE OSCURO 6.10 MTS",PZA,True,0,0,3,0,LA VIGA INDALUM,ALUMINIO INDALUM,BATIENTES,BATIENTE 1750,3
1112-K05844-7-80,"BARRA BATIENTE 2""  BLANCO 6.10 MTS",PZA,False,0,0,0,0,LA VIGA INDALUM,ALUMINIO INDALUM,BATIENTES,BATIENTE 1750,3
1113-K05844-7-8,"BARRA BATIENTE 2""  CAFE OSCURO 6.10 MTS",PZA,True,0,0,2,0,LA VIGA INDALUM,ALUMINIO INDALUM,BATIENTES,BATIENTE 1750,3
1112-K04106-7-80,BARRA TOPE BATIENTE 1/2 X 3/4 BLANCO 6.10 MTS,PZA,False,0,0,0,0,LA VIGA INDALUM,ALUMINIO INDALUM,BATIENTES,BATIENTE 1750,3
1113-K04106-7-8,BARRA TOPE BATIENTE 1/2 X 3/4 CAFE OSCURO 6.10 MTS,PZA,True,0,0,35.5,0,LA VIGA INDALUM,ALUMINIO INDALUM,BATIENTES,BATIENTE 1750,3
1112-K09524-7-80,BARRA GUIA BAÑO BLANCO 6.10 MTS,PZA,False,0,0,0,0,LA VIGA INDALUM,ALUMINIO INDALUM,BAÑOS,BAÑOS,3
1113-K09524-7-8,BARRA GUIA BAÑO CAFE OSCURO 6.10 MTS,PZA,False,0,0,0,0,LA VIGA INDALUM,ALUMINIO INDALUM,BAÑOS,BAÑOS,3
1111-K09524-7-11,BARRA GUIA BAÑO NATURAL 6.10 MTS,PZA,False,0,0,0,0,LA VIGA INDALUM,ALUMINIO INDALUM,BAÑOS,BAÑOS,3
1112-K01135-7-80,BARRA OVAL CHICO REFORZADO BLANCO 6.10 MTS,PZA,True,0,0,6,0,LA VIGA INDALUM,ALUMINIO INDALUM,BAÑOS,BAÑOS,3
1113-K6514-7-8,BARRA OVAL CHICO REFORZADO CAFE 6.10 MTS,PZA,True,0,0,9,0,LA VIGA INDALUM,ALUMINIO INDALUM,BAÑOS,BAÑOS,3
1112-K09756-7-80,BARRA OVAL MEDIANO BLANCO 6.10 MTS,PZA,True,0,0,38,0,LA VIGA INDALUM,ALUMINIO INDALUM,BAÑOS,BAÑOS,3
1113-K09756-7-8,BARRA OVAL MEDIANO CAFE OSCURO 6.10 MTS,PZA,True,0,0,6,0,LA VIGA INDALUM,ALUMINIO INDALUM,BAÑOS,BAÑOS,3
1112-K07394-7-80,BARRA RIEL SUP REFORZADO BLANCO 6.10 MTS,PZA,False,0,0,0,0,LA VIGA INDALUM,ALUMINIO INDALUM,BAÑOS,BAÑOS,3
1113-K07394-7-8,BARRA RIEL SUP REFORZADO CAFE OSCURO 6.10 MTS,PZA,True,0,0,0,0,LA VIGA INDALUM,ALUMINIO INDALUM,BAÑOS,BAÑOS,3
1111-K07394-7-11,BARRA RIEL SUP REFORZADO NATURAL 6.10 MTS,PZA,False,0,0,0,0,LA VIGA INDALUM,ALUMINIO INDALUM,BAÑOS,BAÑOS,3
1112-K09338-7-80,"BARRA CELOSIA LOUVER 2"" BLANCA 6.10 MTS",PZA,False,0,0,0,0,LA VIGA INDALUM,ALUMINIO INDALUM,CELOSIAS,CELOSIAS,3
1111-K09338-7-11,"BARRA CELOSIA LOUVER 2"" NATURAL 6.10 MTS",PZA,True,0,0,0,0,LA VIGA INDALUM,ALUMINIO INDALUM,CELOSIAS,CELOSIAS,3
1112-K06053-7-80,BARRA CELOSIA LOUVER BLANCA 6.10 MTS,PZA,True,0,0,16,0,LA VIGA INDALUM,ALUMINIO INDALUM,CELOSIAS,CELOSIAS,3
1113-K06053-7-8,BARRA CELOSIA LOUVER CAFE OSCURO 6.10 MTS,PZA,True,0,0,0,0,LA VIGA INDALUM,ALUMINIO INDALUM,CELOSIAS,CELOSIAS,3
1112-K10220-7-80,BARRA ADAPTADOR OXXO BLANCO 6.10 MTS,PZA,False,0,0,0,0,LA VIGA INDALUM,ALUMINIO INDALUM,CORREDIZAS,"CORREDIZA 2""",3
1113-K10220-7-8,BARRA ADAPTADOR OXXO CAFE OSCURO 6.10 MTS,PZA,True,20,0,20,0,LA VIGA INDALUM,ALUMINIO INDALUM,CORREDIZAS,"CORREDIZA 2""",3
1112-K07821-3-80,"BARRA CERCO PUERTA DE 2"" BLANCO 4.60 MTS",PZA,True,0,0,66,0,LA VIGA INDALUM,ALUMINIO INDALUM,CORREDIZAS,"CORREDIZA 2""",3
1112-K07821-7-80,"BARRA CERCO PUERTA DE 2"" BLANCO 6.10 MTS",PZA,True,0,0,97,0,LA VIGA INDALUM,ALUMINIO INDALUM,CORREDIZAS,"CORREDIZA 2""",3
1113-K07821-3-8,"BARRA CERCO PUERTA DE 2"" CAFE OSCURO 4.60 MTS",PZA,True,0,0,33,0,LA VIGA INDALUM,ALUMINIO INDALUM,CORREDIZAS,"CORREDIZA 2""",3
1113-K07821-7-8,"BARRA CERCO PUERTA DE 2"" CAFE OSCURO 6.10 MTS",PZA,True,0,0,54,0,LA VIGA INDALUM,ALUMINIO INDALUM,CORREDIZAS,"CORREDIZA 2""",3
1111-K07821-7-11,"BARRA CERCO PUERTA DE 2"" NATURAL 6.10 MTS",PZA,True,0,0,12,0,LA VIGA INDALUM,ALUMINIO INDALUM,CORREDIZAS,"CORREDIZA 2""",3
1113-K08320-7-8,"BARRA CERCO VENTANA DE 2"" CAFE OSCURO 6.10 MTS",PZA,True,0,0,14,0,LA VIGA INDALUM,ALUMINIO INDALUM,CORREDIZAS,"CORREDIZA 2""",3
1113-K8320-7-8,"BARRA CERCO VENTANA DE 2"" CAFE OSCURO 6.10 MTS",PZA,False,0,0,0,0,LA VIGA INDALUM,ALUMINIO INDALUM,CORREDIZAS,"CORREDIZA 2""",3
1111-K08320-7-11,"BARRA CERCO VENTANA DE 2"" NATURAL 6.10 MTS",PZA,True,0,0,14,0,LA VIGA INDALUM,ALUMINIO INDALUM,CORREDIZAS,"CORREDIZA 2""",3
1112-K07518-7-80,"BARRA CHAMBRANA DE 2"" BLANCO 6.10 MTS",PZA,True,0,0,131,0,LA VIGA INDALUM,ALUMINIO INDALUM,CORREDIZAS,"CORREDIZA 2""",3
1113-K07518-7-8,"BARRA CHAMBRANA DE 2"" CAFE OSCURO 6.10 MTS",PZA,True,0,0,98,0,LA VIGA INDALUM,ALUMINIO INDALUM,CORREDIZAS,"CORREDIZA 2""",3
1111-K07518-7-11,"BARRA CHAMBRANA DE 2"" NATURAL 6.10 MTS",PZA,True,0,0,7,0,LA VIGA INDALUM,ALUMINIO INDALUM,CORREDIZAS,"CORREDIZA 2""",3
1112-K07818-7-80,"BARRA RIEL AUXILIAR DE 2"" BLANCO 6.10 MTS",PZA,True,0,0,40.5,0,LA VIGA INDALUM,ALUMINIO INDALUM,CORREDIZAS,"CORREDIZA 2""",3
1113-K07818-7-8,"BARRA RIEL AUXILIAR DE 2"" CAFE OSCURO 6.10 MTS",PZA,True,0,0,40,0,LA VIGA INDALUM,ALUMINIO INDALUM,CORREDIZAS,"CORREDIZA 2""",3
1112-K09953-7-80,"BARRA RIEL INFERIOR DE 2"" BLANCO 6.10 MTS",PZA,True,0,0,94,0,LA VIGA INDALUM,ALUMINIO INDALUM,CORREDIZAS,"CORREDIZA 2""",3
1112-K09953-7-8,"BARRA RIEL INFERIOR DE 2"" CAFE OSCURO 6.10 MTS",PZA,True,0,0,71.5,0,LA VIGA INDALUM,ALUMINIO INDALUM,CORREDIZAS,"CORREDIZA 2""",3
1111-K09953-7-11,"BARRA RIEL INFERIOR DE 2"" NATURAL 6.10 MTS",PZA,True,0,0,14,0,LA VIGA INDALUM,ALUMINIO INDALUM,CORREDIZAS,"CORREDIZA 2""",3
1112-K09955-3-80,"BARRA TRASLAPE PUERTA DE 2"" BLANCO 4.60 MTS",PZA,True,0,0,91,0,LA VIGA INDALUM,ALUMINIO INDALUM,CORREDIZAS,"CORREDIZA 2""",3
1112-K09955-7-80,"BARRA TRASLAPE PUERTA DE 2"" BLANCO 6.10 MTS",PZA,True,0,0,115,0,LA VIGA INDALUM,ALUMINIO INDALUM,CORREDIZAS,"CORREDIZA 2""",3
1113-K09955-3-8,"BARRA TRASLAPE PUERTA DE 2"" CAFE OSCURO 4.60 MTS",PZA,True,0,0,65,0,LA VIGA INDALUM,ALUMINIO INDALUM,CORREDIZAS,"CORREDIZA 2""",3
1113-K09955-7-8,"BARRA TRASLAPE PUERTA DE 2"" CAFE OSCURO 6.10 MTS",PZA,True,0,0,37,0,LA VIGA INDALUM,ALUMINIO INDALUM,CORREDIZAS,"CORREDIZA 2""",3
1111-K09955-7-11,"BARRA TRASLAPE PUERTA DE 2"" NATURAL 6.10 MTS",PZA,True,0,0,10,0,LA VIGA INDALUM,ALUMINIO INDALUM,CORREDIZAS,"CORREDIZA 2""",3
1112-K11121-7-80,BARRA TUBO RECTANGULAR 2 X 1 BLANCO 6.10 MTS,PZA,True,0,0,60,0,LA VIGA INDALUM,ALUMINIO INDALUM,CORREDIZAS,"CORREDIZA 2""",3
1112-K11044-7-80,"BARRA ZOCLO CHICO DE 2"" BLANCO 6.10 MTS",PZA,True,40.5,0,88,0,LA VIGA INDALUM,ALUMINIO INDALUM,CORREDIZAS,"CORREDIZA 2""",3
1113-K11044-7-8,"BARRA ZOCLO CHICO DE 2"" CAFE OSCURO 6.10 MTS",PZA,True,0,0,26,0,LA VIGA INDALUM,ALUMINIO INDALUM,CORREDIZAS,"CORREDIZA 2""",3
1111-K11044-7-11,"BARRA ZOCLO CHICO DE 2"" NATURAL 6.10 MTS",PZA,True,0,0,0,0,LA VIGA INDALUM,ALUMINIO INDALUM,CORREDIZAS,"CORREDIZA 2""",3
1112-K67825-7-80,"BARRA ZOCLO GRANDE DE 2"" BLANCO 6.10 MTS",PZA,True,0.5,0,31.5,0,LA VIGA INDALUM,ALUMINIO INDALUM,CORREDIZAS,"CORREDIZA 2""",3
1113-K67825-7-8,"BARRA ZOCLO GRANDE DE 2"" CAFE OSCURO 6.10 MTS",PZA,True,0,0,12.5,0,LA VIGA INDALUM,ALUMINIO INDALUM,CORREDIZAS,"CORREDIZA 2""",3
1111-K67825-7-11,"BARRA ZOCLO GRANDE DE 2"" NATURAL 6.10 MTS",PZA,True,0,0,18,0,LA VIGA INDALUM,ALUMINIO INDALUM,CORREDIZAS,"CORREDIZA 2""",3
1112-K67836-7-80,"BARRA CABEZAL DE 3"" BLANCO 6.10 MTS",PZA,False,0,0,0,0,LA VIGA INDALUM,ALUMINIO INDALUM,CORREDIZAS,"CORREDIZA 3""",3
1113-K67836-7-8,"BARRA CABEZAL DE 3"" CAFE OSCURO 6.10 MTS",PZA,True,0,0,0,0,LA VIGA INDALUM,ALUMINIO INDALUM,CORREDIZAS,"CORREDIZA 3""",3
1112-K67847-3-80,"BARRA CERCO PUERTA DE 3"" BLANCO 4.60 MTS",PZA,True,0,0,0,0,LA VIGA INDALUM,ALUMINIO INDALUM,CORREDIZAS,"CORREDIZA 3""",3
1112-K67847-7-80,"BARRA CERCO PUERTA DE 3"" BLANCO 6.10 MTS",PZA,True,0,0,30,0,LA VIGA INDALUM,ALUMINIO INDALUM,CORREDIZAS,"CORREDIZA 3""",3
1113-K67847-3-8,"BARRA CERCO PUERTA DE 3"" CAFE OSCURO 4.60 MTS",PZA,True,2,0,0,0,LA VIGA INDALUM,ALUMINIO INDALUM,CORREDIZAS,"CORREDIZA 3""",3
1113-K67847-7-8,"BARRA CERCO PUERTA DE 3"" CAFE OSCURO 6.10 MTS",PZA,False,0,0,-1,0,LA VIGA INDALUM,ALUMINIO INDALUM,CORREDIZAS,"CORREDIZA 3""",3
1111-K67847-7-11,"BARRA CERCO PUERTA DE 3"" NATURAL 6.10 MTS",PZA,True,0,0,9,0,LA VIGA INDALUM,ALUMINIO INDALUM,CORREDIZAS,"CORREDIZA 3""",3
1112-K67826-7-80,"BARRA CHAMBRANA DE 3"" BLANCO 6.10 MTS",PZA,True,0,0,37,0,LA VIGA INDALUM,ALUMINIO INDALUM,CORREDIZAS,"CORREDIZA 3""",3
1113-K67826-7-8,"BARRA CHAMBRANA DE 3"" CAFE OSCURO 6.10 MTS",PZA,False,0,0,17,0,LA VIGA INDALUM,ALUMINIO INDALUM,CORREDIZAS,"CORREDIZA 3""",3
1111-K67826-7-11,"BARRA CHAMBRANA DE 3"" NATURAL 6.10 MTS",PZA,False,0,0,0,0,LA VIGA INDALUM,ALUMINIO INDALUM,CORREDIZAS,"CORREDIZA 3""",3
1112-K69082-7-80,"BARRA INTERMEDIO DE 3"" BLANCO 6.10 MTS",PZA,True,11,0,0,0,LA VIGA INDALUM,ALUMINIO INDALUM,CORREDIZAS,"CORREDIZA 3""",3
1113-K69082-7-8,"BARRA INTERMEDIO DE 3"" CAFE OSCURO 6.10 MTS",PZA,True,36.5,0,0,0,LA VIGA INDALUM,ALUMINIO INDALUM,CORREDIZAS,"CORREDIZA 3""",3
1113-K069082-7-11,"BARRA INTERMEDIO DE 3"" NATURAL 6.10 MTS",PZA,True,0,0,18,0,LA VIGA INDALUM,ALUMINIO INDALUM,CORREDIZAS,"CORREDIZA 3""",3
1112-K69957-7-80,"BARRA RIEL INFERIOR DE 3"" BLANCO 6.10 MTS",PZA,True,0,0,47.5,0,LA VIGA INDALUM,ALUMINIO INDALUM,CORREDIZAS,"CORREDIZA 3""",3
1113-K69957-7-8,"BARRA RIEL INFERIOR DE 3"" CAFE OSCURO 6.10 MTS",PZA,True,0,0,40,0,LA VIGA INDALUM,ALUMINIO INDALUM,CORREDIZAS,"CORREDIZA 3""",3
1111-K69957-7-11,"BARRA RIEL INFERIOR DE 3"" NATURAL 6.10 MTS",PZA,False,0,0,0,0,LA VIGA INDALUM,ALUMINIO INDALUM,CORREDIZAS,"CORREDIZA 3""",3
111-K67848-3-80,"BARRA TRASLAPE PUERTA DE 3"" BLANCO 4.60 MTS",PZA,True,0,0,54,0,LA VIGA INDALUM,ALUMINIO INDALUM,CORREDIZAS,"CORREDIZA 3""",3
1112-K67848-7-80,"BARRA TRASLAPE PUERTA DE 3"" BLANCO 6.10 MTS",PZA,True,0,0,108,0,LA VIGA INDALUM,ALUMINIO INDALUM,CORREDIZAS,"CORREDIZA 3""",3
1113-K67848-3-8,"BARRA TRASLAPE PUERTA DE 3"" CAFE OSCURO 4.60 MTS",PZA,True,0,0,22,0,LA VIGA INDALUM,ALUMINIO INDALUM,CORREDIZAS,"CORREDIZA 3""",3
1113-K67848-7-8,"BARRA TRASLAPE PUERTA DE 3"" CAFE OSCURO 6.10 MTS",PZA,True,0,0,46,0,LA VIGA INDALUM,ALUMINIO INDALUM,CORREDIZAS,"CORREDIZA 3""",3
1112-K67842-7-80,"BARRA ZOCLO PUERTA DE 3"" BLANCO 6.10 MTS",PZA,True,1,0,41,0,LA VIGA INDALUM,ALUMINIO INDALUM,CORREDIZAS,"CORREDIZA 3""",3
1113-K67842-7-8,"BARRA ZOCLO PUERTA DE 3"" CAFE OSCURO 6.10 MTS",PZA,False,0,0,15.5,0,LA VIGA INDALUM,ALUMINIO INDALUM,CORREDIZAS,"CORREDIZA 3""",3
1111-K67842-7-11,"BARRA ZOCLO PUERTA DE 3"" NATURAL 6.10 MTS",PZA,False,0,0,0,0,LA VIGA INDALUM,ALUMINIO INDALUM,CORREDIZAS,"CORREDIZA 3""",3
1112-K07835-7-80,"BARRA ZOCLO VENTANA DE 3"" BLANCO 6.10 MTS",PZA,True,0,0,35,0,LA VIGA INDALUM,ALUMINIO INDALUM,CORREDIZAS,"CORREDIZA 3""",3
1113-K07835-7-8,"BARRA ZOCLO VENTANA DE 3"" CAFE OSCURO 6.10 MTS",PZA,True,0,0,29,0,LA VIGA INDALUM,ALUMINIO INDALUM,CORREDIZAS,"CORREDIZA 3""",3
1111-K07835-7-11,"BARRA ZOCLO VENTANA DE 3"" NATURAL 6.10 MTS",PZA,False,0,0,0,0,LA VIGA INDALUM,ALUMINIO INDALUM,CORREDIZAS,"CORREDIZA 3""",3
1112-K06617-7-80,BARRA DUELA LISA BLANCA 6.10 MTS,PZA,False,0,0,0,0,LA VIGA INDALUM,ALUMINIO INDALUM,DUELAS,DUELA LISA,3
1113-K06617-7-8,BARRA DUELA LISA CAFE OSCURO 6.10 MTS,PZA,False,0,0,0,0,LA VIGA INDALUM,ALUMINIO INDALUM,DUELAS,DUELA LISA,3
1111-K06617-7-11,BARRA DUELA LISA NATURAL 6.10 MTS,PZA,True,0,0,54,0,LA VIGA INDALUM,ALUMINIO INDALUM,DUELAS,DUELA LISA,3
1112-K11128-7-80,BARRA DUELA ONDULADA BLANCA 6.10 MTS,PZA,False,0,0,0,0,LA VIGA INDALUM,ALUMINIO INDALUM,DUELAS,DUELA ONDULADA,3
1112-K08591-7-80,"BARRA BOLSA LISA DE 2"" BLANCO 6.10 MTS",PZA,False,0,0,0,0,LA VIGA INDALUM,ALUMINIO INDALUM,FIJOS,"FIJA 2""",3
1112-K09114-7-80,"BARRA BOLSA LISA DE 3"" BLANCO 6.10 MTS",PZA,False,0,0,0,0,LA VIGA INDALUM,ALUMINIO INDALUM,FIJOS,"FIJA 2""",3
1112-K09084-7-80,"BARRA ESCALONADO 2"" BLANCO 6.10MTS",PZA,True,0,0,6,0,LA VIGA INDALUM,ALUMINIO INDALUM,FIJOS,"FIJA 2""",3
1113-K09084-7-8,"BARRA ESCALONADO 2"" CAFE OSCURO 6.10MTS",PZA,False,0,0,0,0,LA VIGA INDALUM,ALUMINIO INDALUM,FIJOS,"FIJA 2""",3
1111-K09084-7-11,"BARRA ESCALONADO DE 2"" NATURAL 6.10 MTS",PZA,True,0,0,0,0,LA VIGA INDALUM,ALUMINIO INDALUM,FIJOS,"FIJA 2""",3
1113-K09088-7-8,"BARRA JUNQUILLO DE 2"" CAFE OSCURO 6.10 MTS",PZA,False,0,0,0,0,LA VIGA INDALUM,ALUMINIO INDALUM,FIJOS,"FIJA 2""",3
1111-K09088-7-11,"BARRA JUNQUILLO DE 2"" NATURAL 6.10 MTS",PZA,True,0,0,16,0,LA VIGA INDALUM,ALUMINIO INDALUM,FIJOS,"FIJA 2""",3
1113-K09083-7-8,"BARRA PERIMETRAL DE 2"" CAFE OSCURO 6.10 MTS",PZA,True,0,0,0,0,LA VIGA INDALUM,ALUMINIO INDALUM,FIJOS,"FIJA 2""",3
1111-K09083-7-11,"BARRA PERIMETRAL DE 2"" NATURAL 6.10 MTS",PZA,False,0,0,0,0,LA VIGA INDALUM,ALUMINIO INDALUM,FIJOS,"FIJA 2""",3
1113-K09085-7-8,"BARRA TAPA BOLSA DE 2"" CAFE OSCURO 6.10 MTS",PZA,False,0,0,0,0,LA VIGA INDALUM,ALUMINIO INDALUM,FIJOS,"FIJA 2""",3
1111-K09085-7-11,"BARRA TAPA BOLSA DE 2"" NATURAL 6.10 MTS",PZA,True,0,0,5,0,LA VIGA INDALUM,ALUMINIO INDALUM,FIJOS,"FIJA 2""",
1112-K04051-7-80,"BARRA TAPA LISA DE 2"" BLANCO 6.10 MTS",PZA,True,0,0,20,0,LA VIGA INDALUM,ALUMINIO INDALUM,FIJOS,"FIJA 2""",3
1113-K04051-7-8,"BARRA TAPA LISA DE 2"" CAFE OSCURO 6.10 MTS",PZA,True,0,0,0,0,LA VIGA INDALUM,ALUMINIO INDALUM,FIJOS,"FIJA 2""",3
1111-K04051-7-11,"BARRA TAPA LISA DE 2"" NATURAL 6.10 MTS",PZA,True,0,0,0,0,LA VIGA INDALUM,ALUMINIO INDALUM,FIJOS,"FIJA 2""",3
1113-K09136-7-80,"BARRA ESCALONADO DE 3"" BLANCO 6.10 MTS",PZA,True,0,0,0,0,LA VIGA INDALUM,ALUMINIO INDALUM,FIJOS,"FIJA 3""",3
1113-K09136-7-8,"BARRA ESCALONADO DE 3"" CAFE OSCURO 6.10 MTS",PZA,True,12,0,12,0,LA VIGA INDALUM,ALUMINIO INDALUM,FIJOS,"FIJA 3""",3
1111-K09136-7-11,"BARRA ESCALONADO DE 3"" NATURAL 6.10 MTS",PZA,True,0,0,0,0,LA VIGA INDALUM,ALUMINIO INDALUM,FIJOS,"FIJA 3""",3
1113-K09112-7-80,"BARRA JUNQUILLO DE 3"" BLANCO 6.10 MTS",PZA,True,0,0,20,0,LA VIGA INDALUM,ALUMINIO INDALUM,FIJOS,"FIJA 3""",3
1113-K09112-7-8,"BARRA JUNQUILLO DE 3"" CAFE OSCURO 6.10 MTS",PZA,False,0,0,0,0,LA VIGA INDALUM,ALUMINIO INDALUM,FIJOS,"FIJA 3""",3
1112-K09135-7-80,"BARRA PERIMETRAL DE 3"" BLANCO 6.10 MTS",PZA,True,0,0,0,0,LA VIGA INDALUM,ALUMINIO INDALUM,FIJOS,"FIJA 3""",3
1113-K09135-7-8,"BARRA PERIMETRAL DE 3"" CAFE OSCURO 6.10 MTS",PZA,True,0,0,11,0,LA VIGA INDALUM,ALUMINIO INDALUM,FIJOS,"FIJA 3""",3
1111-K09135-7-11,"BARRA PERIMETRAL DE 3"" NATURAL 6.10 MTS",PZA,False,0,0,0,0,LA VIGA INDALUM,ALUMINIO INDALUM,FIJOS,"FIJA 3""",3
1112-K07315-7-80,"BARRA TAPA BOLSA DE 3"" BLANCO 6.10 MTS",PZA,True,0,0,0,0,LA VIGA INDALUM,ALUMINIO INDALUM,FIJOS,"FIJA 3""",3
1113-K07315-7-8,"BARRA TAPA BOLSA DE 3"" CAFE OSCURO 6.10 MTS",PZA,False,0,0,0,0,LA VIGA INDALUM,ALUMINIO INDALUM,FIJOS,"FIJA 3""",3
1111-K07315-7-11,"BARRA TAPA BOLSA DE 3"" NATURAL 6.10",PZA,False,0,0,0,0,LA VIGA INDALUM,ALUMINIO INDALUM,FIJOS,"FIJA 3""",3
1113-K07316-7-8,"BARRA TAPA LISA DE 3"" CAFE OSCURO 6.10 MTS",PZA,False,0,0,0,0,LA VIGA INDALUM,ALUMINIO INDALUM,FIJOS,"FIJA 3""",3
1113-K08710-7-8,BARRA CANAL DE 1/2 CAFE  6.10 MTS,PZA,False,0,0,0,0,LA VIGA INDALUM,ALUMINIO INDALUM,MOLDURAS,CANALES,3
1112-K08700-7-80,BARRA CANAL DE 3/8 BLANCO 6.10 MTS,PZA,False,0,0,0,0,LA VIGA INDALUM,ALUMINIO INDALUM,MOLDURAS,CANALES,3
1113-K08700-7-8,BARRA CANAL DE 3/8 CAFE CO 6.10 MTS,PZA,True,0,0,33,0,LA VIGA INDALUM,ALUMINIO INDALUM,MOLDURAS,CANALES,3
1111-K08700-7-11,BARRA CANAL DE 3/8 NATURAL 6.10 MTS,PZA,False,0,0,0,0,LA VIGA INDALUM,ALUMINIO INDALUM,MOLDURAS,CANALES,3
1111-K01207-7-11,BARRA SOLERA 1 1/2 X 1/8 NATURAL 6.10 MTS,PZA,True,0,0,33,0,LA VIGA INDALUM,ALUMINIO INDALUM,MOLDURAS,SOLERAS,3
1112-K01205-7-80,BARRA SOLERA 1 X 1/8 BLANCO 6.10 MTS,PZA,True,0,0,17.5,0,LA VIGA INDALUM,ALUMINIO INDALUM,MOLDURAS,SOLERAS,3
1111-K01205-7-11,BARRA SOLERA 1 X 1/8 NATURAL 6.10 MTS,PZA,True,0,0,12.5,0,LA VIGA INDALUM,ALUMINIO INDALUM,MOLDURAS,SOLERAS,3
1111-K01203-7-11,BARRA SOLERA 1/2 X 1/8 NATURAL 6.10 MTS,PZA,True,0,0,77,0,LA VIGA INDALUM,ALUMINIO INDALUM,MOLDURAS,SOLERAS,3
1113-K01205-7-8,PERFIL BARRA SOLERA 1 X 1/8 CAFE 6.10 MTS,PZA,True,0,0,28,0,LA VIGA CUPRUM,ALUMINIO INDALUM,MOLDURAS,SOLERAS,3
1112-K07333-7-80,BARRA MOSQUITERO ECONOMICO BLANCO 6.10 MTS,PZA,False,0,0,0,0,LA VIGA INDALUM,ALUMINIO INDALUM,MOSQUITEROS,MOSQUITEROS,3
1113-K07333-7-8,BARRA MOSQUITERO ECONOMICO CAFE OSCURO 6.10 MTS,PZA,False,0,0,0,0,LA VIGA INDALUM,ALUMINIO INDALUM,MOSQUITEROS,MOSQUITEROS,3
1112-K06533-7-80,BARRA MOSQUITERO HORIZONTAL BLANCO 6.10 MTS,PZA,False,0,0,0,0,LA VIGA INDALUM,ALUMINIO INDALUM,MOSQUITEROS,MOSQUITEROS,3
1113-K06533-7-8,BARRA MOSQUITERO HORIZONTAL CAFE OSCURO 6.10 MTS,PZA,True,0,0,8,0,LA VIGA INDALUM,ALUMINIO INDALUM,MOSQUITEROS,MOSQUITEROS,3
1112-K2135-7-80,BARRA MOSQUITERO INTERMEDIO BLANCO 6.10 MTS,PZA,False,0,0,0,0,LA VIGA INDALUM,ALUMINIO INDALUM,MOSQUITEROS,MOSQUITEROS,3
1113-K2135-7-8,BARRA MOSQUITERO INTERMEDIO CAFE OSCURO 6.10 MTS,PZA,False,0,0,0,0,LA VIGA INDALUM,ALUMINIO INDALUM,MOSQUITEROS,MOSQUITEROS,3
1111-K2135-7-11,BARRA MOSQUITERO INTERMEDIO NATURAL 6.10 MTS,PZA,False,0,0,0,0,LA VIGA INDALUM,ALUMINIO INDALUM,MOSQUITEROS,MOSQUITEROS,3
1112-K06534-3-80,BARRA MOSQUITERO VERTICAL BLANCO 4.60 MTS,PZA,True,0,0,0,0,LA VIGA INDALUM,ALUMINIO INDALUM,MOSQUITEROS,MOSQUITEROS,3
1112-K06534-7-80,BARRA MOSQUITERO VERTICAL BLANCO 6.10 MTS,PZA,True,0,0,25,0,LA VIGA INDALUM,ALUMINIO INDALUM,MOSQUITEROS,MOSQUITEROS,3
1113-K06534-3-8,BARRA MOSQUITERO VERTICAL CAFE OSCURO 4.60 MTS,PZA,False,0,0,0,0,LA VIGA INDALUM,ALUMINIO INDALUM,MOSQUITEROS,MOSQUITEROS,3
1113-K06534-7-8,BARRA MOSQUITERO VERTICAL CAFE OSCURO 6.10 MTS,PZA,True,0,0,-8,0,LA VIGA INDALUM,ALUMINIO INDALUM,MOSQUITEROS,MOSQUITEROS,3
1113-K23896-7-8,"BARRA PASAMANOS REDONDO DE 2"" CAFE 6.10 MTS",PZA,False,0,0,0,0,LA VIGA INDALUM,ALUMINIO INDALUM,PASAMANOS,PASAMANO REDONDO,3
1113-K09207-7-8,BARRA CABEZAL PUERTA BATIENTE CAFE OSCURO 6.10 MTS,PZA,False,0,0,0,0,LA VIGA INDALUM,ALUMINIO INDALUM,PUERTAS,BATIENTE 1750,3
1113-K09183-7-80,BARRA INTERMEDIO PUERTA BATIENTE BLANCO 6.10 MTS,PZA,True,0,0,11,0,LA VIGA INDALUM,ALUMINIO INDALUM,PUERTAS,BATIENTE 1750,3
1113-K09183-7-8,BARRA INTERMEDIO PUERTA BATIENTE CAFE OSCURO 6.10 MTS,PZA,False,0,0,0,0,LA VIGA INDALUM,ALUMINIO INDALUM,PUERTAS,BATIENTE 1750,3
1111-K09183-7-11,BARRA INTERMEDIO PUERTA BATIENTE NATURAL 6.10 MTS,PZA,True,0,0,20,0,LA VIGA INDALUM,ALUMINIO INDALUM,PUERTAS,BATIENTE 1750,3
1112-K06370-7-80,BARRA JUNQUILLO RECTO BLANCO 6.10 MTS,PZA,False,0,0,0,0,LA VIGA INDALUM,ALUMINIO INDALUM,PUERTAS,BATIENTE 1750,3
1113-K06370-7-8,BARRA JUNQUILLO RECTO CAFE OSCURO 6.10 MTS,PZA,False,0,0,0,0,LA VIGA INDALUM,ALUMINIO INDALUM,PUERTAS,BATIENTE 1750,3
1111-K06370-7-11,BARRA JUNQUILLO RECTO NATURAL 6.10 MTS,PZA,True,0,0,0,0,LA VIGA INDALUM,ALUMINIO INDALUM,PUERTAS,BATIENTE 1750,3
1112-K09204-3-80,BARRA POSTE FELPA BLANCO 4.60 MTS,PZA,True,0,0,42,0,LA VIGA INDALUM,ALUMINIO INDALUM,PUERTAS,BATIENTE 1750,3
1112-K09204-7-80,BARRA POSTE FELPA BLANCO 6.10 MTS,PZA,False,0,0,0,0,LA VIGA INDALUM,ALUMINIO INDALUM,PUERTAS,BATIENTE 1750,3
1113-K09204-3-8,BARRA POSTE FELPA CAFE OSCURO 4.60 MTS,PZA,False,0,0,0,0,LA VIGA INDALUM,ALUMINIO INDALUM,PUERTAS,BATIENTE 1750,3
1113-K09204-7-8,BARRA POSTE FELPA CAFE OSCURO 6.10 MTS,PZA,True,0,0,2,0,LA VIGA INDALUM,ALUMINIO INDALUM,PUERTAS,BATIENTE 1750,3
1111-K09204-3-11,BARRA POSTE FELPA NATURAL 4.60 MTS,PZA,True,0,0,3,0,LA VIGA INDALUM,ALUMINIO INDALUM,PUERTAS,BATIENTE 1750,3
1111-K09204-7-11,BARRA POSTE FELPA NATURAL 6.10 MTS,PZA,True,0,0,10,0,LA VIGA INDALUM,ALUMINIO INDALUM,PUERTAS,BATIENTE 1750,3
1112-K5369-7-80,"BARRA SARDINEL DE 3"" BLANCO DE 6.10 MTS",PZA,False,0,0,0,0,LA VIGA INDALUM,ALUMINIO INDALUM,PUERTAS,BATIENTE 1750,3
1113-K5359-7-8,"BARRA SARDINEL DE 3"" CAFE OSCURO DE 6.10 MTS",PZA,False,0,0,0,0,LA VIGA INDALUM,ALUMINIO INDALUM,PUERTAS,BATIENTE 1750,3
1111-K5369-7-11,"BARRA SARDINEL DE 3"" NATURAL DE 6.10 MTS",PZA,False,0,0,0,0,LA VIGA INDALUM,ALUMINIO INDALUM,PUERTAS,BATIENTE 1750,3
1111-K04106-7-11,BARRA TOPE BATIENTE 1/2 X 3/4 NATURAL 6.10 MTS,PZA,False,0,0,0,0,LA VIGA INDALUM,ALUMINIO INDALUM,PUERTAS,BATIENTE 1750,3
1112-K69187-7-80,BARRA ZOCLO PUERTA BATIENTE BLANCO 6.10 MTS,PZA,True,0,0,0,0,LA VIGA INDALUM,ALUMINIO INDALUM,PUERTAS,BATIENTE 1750,3
1113-K69187-7-8,BARRA ZOCLO PUERTA BATIENTE CAFE OSCURO 6.10 MTS,PZA,False,0,0,0,0,LA VIGA INDALUM,ALUMINIO INDALUM,PUERTAS,BATIENTE 1750,3
1111-K69187-7-11,BARRA ZOCLO PUERTA BATIENTE NATURAL 6.10 MTS,PZA,True,0,0,0,0,LA VIGA INDALUM,ALUMINIO INDALUM,PUERTAS,BATIENTE 1750,3
1112-K11067-7-80,BARRA TUBO CUADRADO DE 1 1/2 X 1 1/2 BLANCO 6.10 MTS,PZA,True,0,0,0,0,LA VIGA INDALUM,ALUMINIO INDALUM,TUBOS,TUBO CUADRADO,3
1113-K11067-7-8,BARRA TUBO CUADRADO DE 1 1/2 X 1 1/2 CAFE OSCURO 6.10 MTS,PZA,True,18,0,23,0,LA VIGA INDALUM,ALUMINIO INDALUM,TUBOS,TUBO CUADRADO,3
1111-K11067-7-11,BARRA TUBO CUADRADO DE 1 1/2 X 1 1/2 NATURAL 6.10 MTS,PZA,True,0,0,0,0,LA VIGA INDALUM,ALUMINIO INDALUM,TUBOS,TUBO CUADRADO,3
1112-K02362-7-80,BARRA TUBO CUADRADO DE 1 X 1 BLANCO DE 6.10 MTS,PZA,True,0,0,46,0,LA VIGA INDALUM,ALUMINIO INDALUM,TUBOS,TUBO CUADRADO,3
1113-K02362-7-8,BARRA TUBO CUADRADO DE 1 X 1 CAFE OSCURO 6.10 MTS,PZA,True,0.5,0,45,0,LA VIGA INDALUM,ALUMINIO INDALUM,TUBOS,TUBO CUADRADO,3
1111-K02362-7-11,BARRA TUBO CUADRADO DE 1 X 1 NATURAL 6.10 MTS,PZA,False,0,0,0,0,LA VIGA INDALUM,ALUMINIO INDALUM,TUBOS,TUBO CUADRADO,3
1112-K02356-7-80,BARRA TUBO CUADRADO DE 2 X 2 BLANCO 6.10 MTS,PZA,True,2,0,0,0,LA VIGA INDALUM,ALUMINIO INDALUM,TUBOS,TUBO CUADRADO,3
1113-K02356-7-8,BARRA TUBO CUADRADO DE 2 X 2 CAFE OSCURO 6.10 MTS,PZA,True,0,0,10,0,LA VIGA INDALUM,ALUMINIO INDALUM,TUBOS,TUBO CUADRADO,3
1111-K02356-7-11,BARRA TUBO CUADRADO DE 2 X 2 NATURAL 6.10 MTS,PZA,False,0,0,0,0,LA VIGA INDALUM,ALUMINIO INDALUM,TUBOS,TUBO CUADRADO,3
1112-K18006-7-80,BARRA TUBO RECTANGULAR 1 1/2 X 3/4 BLANCO 6.10 MTS,PZA,True,0.5,0,24,0,LA VIGA INDALUM,ALUMINIO INDALUM,TUBOS,TUBO RECTANGULAR,3
1113-K18006-7-8,BARRA TUBO RECTANGULAR 1 1/2 X 3/4 CAFE OSCURO 6.10 MTS,PZA,True,0,0,-2,0,LA VIGA INDALUM,ALUMINIO INDALUM,TUBOS,TUBO RECTANGULAR,3
1111-K18006-7-11,BARRA TUBO RECTANGULAR 1 1/2 X 3/4 NATURAL 6.10 MTS,PZA,False,0,0,0,0,LA VIGA INDALUM,ALUMINIO INDALUM,TUBOS,TUBO RECTANGULAR,3
1111-K02500-7-11,BARRA TUBO RECTANGULAR 1 X 1/2 NATURAL 6.10 MTS,PZA,False,0,0,0,0,LA VIGA INDALUM,ALUMINIO INDALUM,TUBOS,TUBO RECTANGULAR,3
1113-K11121-7-8,BARRA TUBO RECTANGULAR 2 X 1 CAFE OSCURO 6.10 MTS,PZA,True,0,0,57,0,LA VIGA INDALUM,ALUMINIO INDALUM,TUBOS,TUBO RECTANGULAR,3
1111-K11121-7-11,BARRA TUBO RECTANGULAR 2 X 1 NATURAL 6.10 MTS,PZA,False,0,0,0,0,LA VIGA INDALUM,ALUMINIO INDALUM,TUBOS,TUBO RECTANGULAR,3
1112-K62509-7-80,BARRA TUBO RECTANGULAR 3 X 1 1/2 BLANCO 6.10 MTS,PZA,False,0,0,0,0,LA VIGA INDALUM,ALUMINIO INDALUM,TUBOS,TUBO RECTANGULAR,3
1113-K62509-7-8,BARRA TUBO RECTANGULAR 3 X 1 1/2 CAFE OSCURO 6.10 MTS,PZA,True,11,0,10,0,LA VIGA INDALUM,ALUMINIO INDALUM,TUBOS,TUBO RECTANGULAR,3
1111-K62509-7-11,BARRA TUBO RECTANGULAR 3 X 1 1/2 NATURAL 6.10 MTS,PZA,True,0,0,0,0,LA VIGA INDALUM,ALUMINIO INDALUM,TUBOS,TUBO RECTANGULAR,3
1112-K11122-7-80,BARRA TUBO RECTANGULAR 3 X 1 3/4 BLANCO 6.10 MTS,PZA,True,0,0,33,0,LA VIGA INDALUM,ALUMINIO INDALUM,TUBOS,TUBO RECTANGULAR,3
1113-K11122-7-8,BARRA TUBO RECTANGULAR 3 X 1 3/4 CAFE OSCURO 6.10 MTS,PZA,True,0,0,13.5,0,LA VIGA INDALUM,ALUMINIO INDALUM,TUBOS,TUBO RECTANGULAR,3
1111-K11122-7-11,BARRA TUBO RECTANGULAR 3 X 1 3/4 NATURAL 6.10 MTS,PZA,True,0,0,0,0,LA VIGA INDALUM,ALUMINIO INDALUM,TUBOS,TUBO RECTANGULAR,3
1113-K18055-7-8,"BARRA TUBO RECTANGULAR 3 X 1"" CAFE OSCURO 6.10 MTS",PZA,False,0,0,0,0,LA VIGA INDALUM,ALUMINIO INDALUM,TUBOS,TUBO RECTANGULAR,3
1111-K18055-7-11,"BARRA TUBO RECTANGULAR 3 X 1"" NATURAL 6.10 MTS",PZA,False,0,0,0,0,LA VIGA INDALUM,ALUMINIO INDALUM,TUBOS,TUBO RECTANGULAR,3
1112-K02520-7-80,BARRA TUBO RECTANGULAR 4 X 1 3/4 BLANCO 6.10 MTS,PZA,False,0,0,0,0,LA VIGA INDALUM,ALUMINIO INDALUM,TUBOS,TUBO RECTANGULAR,3
1113-K02520-7-8,BARRA TUBO RECTANGULAR 4 X 1 3/4 CAFE OSCURO 6.10 MTS,PZA,True,0.5,0,2,0,LA VIGA INDALUM,ALUMINIO INDALUM,TUBOS,TUBO RECTANGULAR,3
1111-K02520-7-11,BARRA TUBO RECTANGULAR 4 X 1 3/4 NATURAL 6.10 MTS,PZA,True,0,0,0,0,LA VIGA INDALUM,ALUMINIO INDALUM,TUBOS,TUBO RECTANGULAR,3
1113-K09402-7-8,"BARRA TUBO REDONDO 1"" CAFE OSCURO 6.10 MTS",PZA,False,0,0,0,0,LA VIGA INDALUM,ALUMINIO INDALUM,TUBOS,TUBO REDONDO,3
1111-K09402-7-11,"BARRA TUBO REDONDO 1"" NATURAL 6.10 MTS",PZA,False,0,0,0,0,LA VIGA INDALUM,ALUMINIO INDALUM,TUBOS,TUBO REDONDO,3
1111-K09398-7-11,BARRA TUBO REDONDO 1/2 NATURAL 6.10 MTS,PZA,False,0,0,0,0,LA VIGA INDALUM,ALUMINIO INDALUM,TUBOS,TUBO REDONDO,3
1111-K09501-7-11,"BARRA TUBO REDONDO 2"" NATURAL 6.10 MTS",PZA,False,0,0,0,0,LA VIGA INDALUM,ALUMINIO INDALUM,TUBOS,TUBO REDONDO,3
1112-K03329-7-80,BARRA GUIA VITRINA BLANCO 6.10 MTS,PZA,True,0,0,1,0,LA VIGA INDALUM,ALUMINIO INDALUM,VITRINAS,VITRINA,3
1113-K03329-7-8,BARRA GUIA VITRINA CAFE 6.10 MTS,PZA,False,0,0,0,0,LA VIGA INDALUM,ALUMINIO INDALUM,VITRINAS,VITRINA,3
1111-K03329-7-11,BARRA GUIA VITRINA NATURAL 6.10 MTS,PZA,False,0,0,0,0,LA VIGA INDALUM,ALUMINIO INDALUM,VITRINAS,VITRINA,3
1112-K03316-7-80,BARRA RIEL VITRINA BLANCO 6.10 MTS,PZA,True,0,0,5,0,LA VIGA INDALUM,ALUMINIO INDALUM,VITRINAS,VITRINA,3
1113-K03316-7-8,BARRA RIEL VITRINA CAFE 6.10 MTS,PZA,False,0,0,0,0,LA VIGA INDALUM,ALUMINIO INDALUM,VITRINAS,VITRINA,3
1111-K03316-7-11,BARRA RIEL VITRINA NATURAL 6.10 MTS,PZA,False,0,0,0,0,LA VIGA INDALUM,ALUMINIO INDALUM,VITRINAS,VITRINA,3
1112-K03358-7-80,BARRA ZOBOTE VITRINA BLANCO 6.10 MTS,PZA,True,0,0,0,0,LA VIGA INDALUM,ALUMINIO INDALUM,VITRINAS,VITRINA,3
1112-K03358-7-8,BARRA ZOBOTE VITRINA CAFE OSCURO 6.10 MTS,PZA,False,0,0,0,0,LA VIGA INDALUM,ALUMINIO INDALUM,VITRINAS,VITRINA,3
1112-K03358-7-11,BARRA ZOBOTE VITRINA NATURAL 6.10 MTS,PZA,False,0,0,0,0,LA VIGA INDALUM,ALUMINIO INDALUM,VITRINAS,VITRINA,3
192-4508-7-80,CERCO LATERAL LINEA ESPAÑOLA 4500 BLANCO 6.10 MTS,PZA,True,0,0,6,0,LA VIGA EXTRUSIONES,ALUMINIO LINEA ESPAÑOLA,CRISTAL,4500 ESPAÑOLA,3
192-4508-7-4,CERCO LATERAL LINEA ESPAÑOLA 4500 CHAMPAGNE 6.10,PZA,True,0,0,2,0,LA VIGA EXTRUSIONES,ALUMINIO LINEA ESPAÑOLA,CRISTAL,4500 ESPAÑOLA,3
194-10005-7-58,ADAPTADOR PARA 3 RIELES LINEA 10000 ESPAÑOLA CAFE OSCURO 6.10 MTS,PZA,True,0,0,0,0,LA VIGA EXTRUSIONES,ALUMINIO LINEA ESPAÑOLA,ESPAÑOLA,10000 ESPAÑOLA,3
194-10002-7-58,CERCO PERIMETRAL 2 RIELES LINEA 10000 CAFE OSCURO 6.10 MTS,PZA,True,0,-4,10,0,LA VIGA EXTRUSIONES,ALUMINIO LINEA ESPAÑOLA,ESPAÑOLA,10000 ESPAÑOLA,3
194-10012-7-58,CERCO PERIMETRAL 3 RIELES LINEA 10000 ESPAÑOLA CAFE OSCURO 6.10 MTS,PZA,True,1,-6,18,0,LA VIGA EXTRUSIONES,ALUMINIO LINEA ESPAÑOLA,ESPAÑOLA,10000 ESPAÑOLA,3
194-100012-7-4,CERCO PERIMETRAL 3 RIELES LINEA 10000 ESPAÑOLA CHAMPAGNE 6.10 MTS,PZA,False,0,0,0,0,LA VIGA EXTRUSIONES,ALUMINIO LINEA ESPAÑOLA,ESPAÑOLA,10000 ESPAÑOLA,2
194-10003-7-4,FIJO TUBULAR 3 RIELES LINEA 10000 ESPAÑOLA CHAMPAGNE 6.10 MTS,PZA,True,0,0,0,0,LA VIGA EXTRUSIONES,ALUMINIO LINEA ESPAÑOLA,ESPAÑOLA,10000 ESPAÑOLA,3
194-10001-7-58,HOJA PERIMETRAL LINEA 10000 CAFE OSCURO 6.10 MTS,PZA,True,0,-16,45,0,LA VIGA EXTRUSIONES,ALUMINIO LINEA ESPAÑOLA,ESPAÑOLA,10000 ESPAÑOLA,3
194-10001-7-4,HOJA PERIMETRAL LINEA 10000 CHAMPAGNE BRILLANTE 6.10 MTS,PZA,False,0,0,2,0,LA VIGA EXTRUSIONES,ALUMINIO LINEA ESPAÑOLA,ESPAÑOLA,10000 ESPAÑOLA,2
192-6021-7-4,"JUNQUILLO HUECO 23,MM LINEA 10000 CHAMPAGNE 6.10 MTS",PZA,False,0,0,2,0,LA VIGA EXTRUSIONES,ALUMINIO LINEA ESPAÑOLA,ESPAÑOLA,10000 ESPAÑOLA,2
192-6018-7-18,"JUNQUILLO HUECO 8,MM LINEA 10000 CAFE 6.10 MTS",PZA,False,0,0,0,0,LA VIGA EXTRUSIONES,ALUMINIO LINEA ESPAÑOLA,ESPAÑOLA,10000 ESPAÑOLA,1
192-6018-7-4,"JUNQUILLO HUECO 8,MM LINEA 10000 CHAMPAGNE 6.10 MTS",PZA,False,0,0,2,0,LA VIGA EXTRUSIONES,ALUMINIO LINEA ESPAÑOLA,ESPAÑOLA,10000 ESPAÑOLA,2
194-10004-7-58,TAPETA HOJA CENTRAL LINEA 10000 ESPAÑOLA CAFE OSCURO 6.10 MTS,PZA,True,0,-8,36,0,LA VIGA EXTRUSIONES,ALUMINIO LINEA ESPAÑOLA,ESPAÑOLA,10000 ESPAÑOLA,3
194-10004-7-4,TAPETA HOJA CENTRAL LINEA 10000 ESPAÑOLA CHAMPAGNE 6.10 MTS,PZA,True,0,0,5,0,LA VIGA EXTRUSIONES,ALUMINIO LINEA ESPAÑOLA,ESPAÑOLA,10000 ESPAÑOLA,3
194-10006-7-58,UNION 4 HOJAS LINEA 10000 ESPAÑOLA CAFE OSCURO,PZA,True,0,0,16,0,LA VIGA EXTRUSIONES,ALUMINIO LINEA ESPAÑOLA,ESPAÑOLA,10000 ESPAÑOLA,3
318-1407-7-80,CERCO LISO PUERTA LINEA 1400 BLANCO 6.10 MTS,PZA,True,-6,2,4,0,LA VIGA EXTRUSIONES,ALUMINIO LINEA ESPAÑOLA,ESPAÑOLA,1400 ESPAÑOLA,2
318-1407-7-58,CERCO LISO PUERTA LINEA 1400 CAFE OSCURO 6.10 MTS,PZA,True,0,0,9,0,LA VIGA EXTRUSIONES,ALUMINIO LINEA ESPAÑOLA,ESPAÑOLA,1400 ESPAÑOLA,3
318-1407-7-4,CERCO LISO PUERTA LINEA 1400 CHAMPAGNE 6.10 MTS,PZA,False,0,0,0,0,LA VIGA EXTRUSIONES,ALUMINIO LINEA ESPAÑOLA,ESPAÑOLA,1400 ESPAÑOLA,2
318-1407-7-88,CERCO LISO PUERTA LINEA 1400 MADERA 6.10 MTS,PZA,True,0,0,4,0,LA VIGA EXTRUSIONES,ALUMINIO LINEA ESPAÑOLA,ESPAÑOLA,1400 ESPAÑOLA,3
318-1407-7-11,CERCO LISO PUERTA LINEA 1400 NATURAL 6.10 MTS,PZA,True,0,0,0,0,LA VIGA EXTRUSIONES,ALUMINIO LINEA ESPAÑOLA,ESPAÑOLA,1400 ESPAÑOLA,3
318-1407-7-10,CERCO LISO PUERTA LINEA 1400 NATURAL PULIDO 6.10 MTS,PZA,True,0,0,1,0,LA VIGA EXTRUSIONES,ALUMINIO LINEA ESPAÑOLA,ESPAÑOLA,1400 ESPAÑOLA,3
318-1402-7-18,CERCO LISO VENTANA LINEA 1400 CAFE 6.10 MTS,PZA,False,0,0,0,0,LA VIGA EXTRUSIONES,ALUMINIO LINEA ESPAÑOLA,ESPAÑOLA,1400 ESPAÑOLA,2
318-1402-7-88,CERCO LISO VENTANA LINEA 1400 MADERA 6.10 MTS,PZA,True,0,0,0,0,LA VIGA EXTRUSIONES,ALUMINIO LINEA ESPAÑOLA,ESPAÑOLA,1400 ESPAÑOLA,3
320-1402-7-11,CERCO LISO VENTANA LINEA 1400 NATURAL 6.10 MTS,PZA,True,0,0,0,0,LA VIGA EXTRUSIONES,ALUMINIO LINEA ESPAÑOLA,ESPAÑOLA,1400 ESPAÑOLA,3
318-1408-7-80,CERCO PUERTA CURVO S-1400 MONUMENTAL BLANCO 6.10 MTS,PZA,True,-1,8,1,0,LA VIGA EXTRUSIONES,ALUMINIO LINEA ESPAÑOLA,ESPAÑOLA,1400 ESPAÑOLA,2
318-1408-7-58,CERCO PUERTA CURVO S-1400 MONUMENTAL CAFE OSCURO 6.10 MTS,PZA,True,0,0,4,0,LA VIGA EXTRUSIONES,ALUMINIO LINEA ESPAÑOLA,ESPAÑOLA,1400 ESPAÑOLA,3
318-1408-7-4,CERCO PUERTA CURVO S-1400 MONUMENTAL CHAMPAGNE 6.10 MTS,PZA,True,0,0,10,0,LA VIGA EXTRUSIONES,ALUMINIO LINEA ESPAÑOLA,ESPAÑOLA,1400 ESPAÑOLA,3
318-1408-7-88,CERCO PUERTA CURVO S-1400 MONUMENTAL MADERA 6.10 MTS,PZA,True,0,0,16,0,LA VIGA EXTRUSIONES,ALUMINIO LINEA ESPAÑOLA,ESPAÑOLA,1400 ESPAÑOLA,3
318-1406-7-80,HOJA LISA PUERTA LINEA 1400 BLANCO 6.10 MTS,PZA,True,0,-2,1,0,LA VIGA EXTRUSIONES,ALUMINIO LINEA ESPAÑOLA,ESPAÑOLA,1400 ESPAÑOLA,3
318-1406-7-18,HOJA LISA PUERTA LINEA 1400 CAFE 6.10 MTS,PZA,True,0,0,0,0,LA VIGA EXTRUSIONES,ALUMINIO LINEA ESPAÑOLA,ESPAÑOLA,1400 ESPAÑOLA,3
318-1406-7-58,HOJA LISA PUERTA LINEA 1400 CAFE OSCURO 6.10 MTS,PZA,True,0,0,5,0,LA VIGA EXTRUSIONES,ALUMINIO LINEA ESPAÑOLA,ESPAÑOLA,1400 ESPAÑOLA,3
318-1406-7-4,HOJA LISA PUERTA LINEA 1400 CHAMPAGNE 6.10 MTS,PZA,True,0,0,5,0,LA VIGA EXTRUSIONES,ALUMINIO LINEA ESPAÑOLA,ESPAÑOLA,1400 ESPAÑOLA,3
318-1406-7-88,HOJA LISA PUERTA LINEA 1400 MADERA 6.10 MTS,PZA,True,0,0,0,0,LA VIGA EXTRUSIONES,ALUMINIO LINEA ESPAÑOLA,ESPAÑOLA,1400 ESPAÑOLA,3
318-1406-7-10,HOJA LISA PUERTA LINEA 1400 NATURAL PULIDO 6.10 MTS,PZA,True,0,0,4,0,LA VIGA EXTRUSIONES,ALUMINIO LINEA ESPAÑOLA,ESPAÑOLA,1400 ESPAÑOLA,3
318-1401-7-88,HOJA LISA VENTANA LINEA 1400 MADERA 6.10 MTS,PZA,True,0,0,8,0,LA VIGA EXTRUSIONES,ALUMINIO LINEA ESPAÑOLA,ESPAÑOLA,1400 ESPAÑOLA,3
318-1423-7-80,HOJA MONUMENTAL S-1400 BLANCO 6.10 MTS,PZA,True,0,0,0,0,LA VIGA EXTRUSIONES,ALUMINIO LINEA ESPAÑOLA,ESPAÑOLA,1400 ESPAÑOLA,2
318-1423-7-58,HOJA MONUMENTAL S-1400 CAFE OSCURO 6.10 MTS,PZA,True,0,0,17,0,LA VIGA EXTRUSIONES,ALUMINIO LINEA ESPAÑOLA,ESPAÑOLA,1400 ESPAÑOLA,3
318-1423-7-4,HOJA MONUMENTAL S-1400 CHAMPAGNE 6.10 MTS,PZA,True,0,0,7,0,LA VIGA EXTRUSIONES,ALUMINIO LINEA ESPAÑOLA,ESPAÑOLA,1400 ESPAÑOLA,3
318-1423-7-88,HOJA MONUMENTAL S-1400 MADERA 6.10 MTS,PZA,True,0,0,8,0,LA VIGA EXTRUSIONES,ALUMINIO LINEA ESPAÑOLA,ESPAÑOLA,1400 ESPAÑOLA,3
318-1430-7-80,JUNQUILLO ANCHO LINEA 1400 BLANCO 6.10 MTS,PZA,True,0,0,1,0,LA VIGA EXTRUSIONES,ALUMINIO LINEA ESPAÑOLA,ESPAÑOLA,1400 ESPAÑOLA,3
318-1430-7-88,JUNQUILLO ANCHO LINEA 1400 MADERA 6.10 MTS,PZA,True,0,0,26,0,LA VIGA EXTRUSIONES,ALUMINIO LINEA ESPAÑOLA,ESPAÑOLA,1400 ESPAÑOLA,3
318-1432-7-58,JUNQUILLO ESTRECHO LINEA 1400 CAFE OSCURO 6.10 MTS,PZA,True,0,0,0,0,LA VIGA EXTRUSIONES,ALUMINIO LINEA ESPAÑOLA,ESPAÑOLA,1400 ESPAÑOLA,3
318-1432-7-88,JUNQUILLO ESTRECHO LINEA 1400 MADERA 6.10 MTS,PZA,True,0,0,0,0,LA VIGA EXTRUSIONES,ALUMINIO LINEA ESPAÑOLA,ESPAÑOLA,1400 ESPAÑOLA,3
318-1431-7-4,JUNQUILLO ESTRECHO REDONDO LINEA 1400 CHAMPAGNE DE 6.10 MTS,PZA,True,0,0,3,0,LA VIGA EXTRUSIONES,ALUMINIO LINEA ESPAÑOLA,ESPAÑOLA,1400 ESPAÑOLA,3
318-1433-7-80,JUNQUILLO REDONDO LINEA 1400 BLANCO 6.10 MTS,PZA,True,10,-5,4,0,LA VIGA EXTRUSIONES,ALUMINIO LINEA ESPAÑOLA,ESPAÑOLA,1400 ESPAÑOLA,3
318-1433-7-18,JUNQUILLO REDONDO LINEA 1400 CAFE 6.10 MTS,PZA,True,0,0,0,0,LA VIGA EXTRUSIONES,ALUMINIO LINEA ESPAÑOLA,ESPAÑOLA,1400 ESPAÑOLA,3
318-1433-7-58,JUNQUILLO REDONDO LINEA 1400 CAFE OSCURO 6.10 MTS,PZA,True,0,-1,35,0,LA VIGA EXTRUSIONES,ALUMINIO LINEA ESPAÑOLA,ESPAÑOLA,1400 ESPAÑOLA,3
318-1433-7-4,JUNQUILLO REDONDO LINEA 1400 CHAMPAGNE 6.10 MTS,PZA,True,0,0,20,0,LA VIGA EXTRUSIONES,ALUMINIO LINEA ESPAÑOLA,ESPAÑOLA,1400 ESPAÑOLA,3
318-1433-7-88,JUNQUILLO REDONDO LINEA 1400 MADERA 6.10 MTS,PZA,True,9,0,31,0,LA VIGA EXTRUSIONES,ALUMINIO LINEA ESPAÑOLA,ESPAÑOLA,1400 ESPAÑOLA,3
318-1433-7-11,JUNQUILLO REDONDO LINEA 1400 NATURAL 6.10 MTS,PZA,True,0,0,0,0,LA VIGA EXTRUSIONES,ALUMINIO LINEA ESPAÑOLA,ESPAÑOLA,1400 ESPAÑOLA,3
318-1433-7-29,JUNQUILLO REDONDO LINEA 1400 NATURAL GRATADO 6.10 MTS,PZA,False,0,0,0,0,LA VIGA EXTRUSIONES,ALUMINIO LINEA ESPAÑOLA,ESPAÑOLA,1400 ESPAÑOLA,2
318-1433-7-10,JUNQUILLO REDONDO LINEA 1400 NATURAL PULIDO  6.10 MTS,PZA,True,0,0,11,0,LA VIGA EXTRUSIONES,ALUMINIO LINEA ESPAÑOLA,ESPAÑOLA,1400 ESPAÑOLA,3
318-1429-7-80,JUNQUILLO REDONDO MEDIANO LINEA 1400 BLANCO 6.10 MTS,PZA,True,0,-2,2,0,LA VIGA EXTRUSIONES,ALUMINIO LINEA ESPAÑOLA,ESPAÑOLA,1400 ESPAÑOLA,3
318-1429-7-58,JUNQUILLO REDONDO MEDIANO LINEA 1400 BRONCE OSCURO 6.10 MTS,PZA,True,12,2,10,0,LA VIGA EXTRUSIONES,ALUMINIO LINEA ESPAÑOLA,ESPAÑOLA,1400 ESPAÑOLA,3
318-1429-7-4,JUNQUILLO REDONDO MEDIANO LINEA 1400 CHAMPAGNE 6.10 MTS,PZA,False,0,0,0,0,LA VIGA EXTRUSIONES,ALUMINIO LINEA ESPAÑOLA,ESPAÑOLA,1400 ESPAÑOLA,3
318-1429-7-88,JUNQUILLO REDONDO MEDIANO LINEA 1400 MADERA 6.10 MTS,PZA,True,0,0,2,0,LA VIGA EXTRUSIONES,ALUMINIO LINEA ESPAÑOLA,ESPAÑOLA,1400 ESPAÑOLA,3
3158-1430-7-58,JUNQULLO ANCHO LINEA 1400 CAFE OSCURO 6.10 MTS,PZA,True,0,0,8,0,LA VIGA EXTRUSIONES,ALUMINIO LINEA ESPAÑOLA,ESPAÑOLA,1400 ESPAÑOLA,3
318-1430-7-4,JUNQULLO ANCHO LINEA 1400 CHAMPAGNE PULIDO 6.10 MTS,PZA,True,0,0,0,0,LA VIGA EXTRUSIONES,ALUMINIO LINEA ESPAÑOLA,ESPAÑOLA,1400 ESPAÑOLA,3
318-1405-7-88,PILASTRA LISA PUERTA LINEA 1400  MADERA DE 6.10 MTS,PZA,True,0,0,14,0,LA VIGA EXTRUSIONES,ALUMINIO LINEA ESPAÑOLA,ESPAÑOLA,1400 ESPAÑOLA,3
318-1405-7-80,PILASTRA LISA PUERTA LINEA 1400 BLANCO 6.10 MTS,PZA,True,0,0,0,0,LA VIGA EXTRUSIONES,ALUMINIO LINEA ESPAÑOLA,ESPAÑOLA,1400 ESPAÑOLA,3
318-1405-7-58,PILASTRA LISA PUERTA LINEA 1400 CAFE OSCURO 6.10 MTS,PZA,True,0,0,14,0,LA VIGA EXTRUSIONES,ALUMINIO LINEA ESPAÑOLA,ESPAÑOLA,1400 ESPAÑOLA,3
318-1405-7-4,PILASTRA LISA PUERTA LINEA 1400 CHAMPAGNE PULIDO DE 6.10 MTS,PZA,True,0,0,0,0,LA VIGA EXTRUSIONES,ALUMINIO LINEA ESPAÑOLA,ESPAÑOLA,1400 ESPAÑOLA,3
318-1405-7-10,PILASTRA LISA PUERTA LINEA 1400 NATURAL PULIDO DE 6.10 MTS,PZA,True,0,0,0,0,LA VIGA EXTRUSIONES,ALUMINIO LINEA ESPAÑOLA,ESPAÑOLA,1400 ESPAÑOLA,3
318-1400-7-80,PILASTRA LISA VENTANA LINEA 1400 BLANCO 6.10 MTS,PZA,True,0,0,1,0,LA VIGA EXTRUSIONES,ALUMINIO LINEA ESPAÑOLA,ESPAÑOLA,1400 ESPAÑOLA,3
318-1400-7-58,PILASTRA LISA VENTANA LINEA 1400 CAFE OSCURO 6.10 MTS,PZA,True,0,0,2,0,LA VIGA EXTRUSIONES,ALUMINIO LINEA ESPAÑOLA,ESPAÑOLA,1400 ESPAÑOLA,3
318-1400-7-4,PILASTRA LISA VENTANA LINEA 1400 CHAMPAGNE 6.10 MTS,PZA,False,0,0,2,0,LA VIGA EXTRUSIONES,ALUMINIO LINEA ESPAÑOLA,ESPAÑOLA,1400 ESPAÑOLA,1
318-1400-7-88,PILASTRA LISA VENTANA LINEA 1400 MADERA 6.10 MTS,PZA,True,0,0,2,0,LA VIGA EXTRUSIONES,ALUMINIO LINEA ESPAÑOLA,ESPAÑOLA,1400 ESPAÑOLA,3
318-1400-7-11,PILASTRA LISA VENTANA LINEA 1400 NATURAL 6.10 MTS,PZA,True,0,0,0,0,LA VIGA EXTRUSIONES,ALUMINIO LINEA ESPAÑOLA,ESPAÑOLA,1400 ESPAÑOLA,3
318-1506-7-80,PLETINA CREMONA LINEA 1400 BLANCO 6.10 MTS,PZA,True,0,0,2,0,LA VIGA EXTRUSIONES,ALUMINIO LINEA ESPAÑOLA,ESPAÑOLA,1400 ESPAÑOLA,3
318-1506-7-88,PLETINA CREMONA LINEA 1400 MADERA 6.10 MTS,PZA,False,0,0,0,0,LA VIGA EXTRUSIONES,ALUMINIO LINEA ESPAÑOLA,ESPAÑOLA,1400 ESPAÑOLA,1
318-1422-7-80,ZOCLO CENTRAL S-1400 MONUMENTAL BLANCO 6.10 MTS,PZA,False,0,0,0,0,LA VIGA EXTRUSIONES,ALUMINIO LINEA ESPAÑOLA,ESPAÑOLA,1400 ESPAÑOLA,3
318-1422-7-18,ZOCLO CENTRAL S-1400 MONUMENTAL CAFE 6.10 MTS,PZA,False,0,0,0,0,LA VIGA EXTRUSIONES,ALUMINIO LINEA ESPAÑOLA,ESPAÑOLA,1400 ESPAÑOLA,1
318-1422-7-58,ZOCLO CENTRAL S-1400 MONUMENTAL CAFE OSCURO 6.10 MTS,PZA,True,0,0,-2,0,LA VIGA EXTRUSIONES,ALUMINIO LINEA ESPAÑOLA,ESPAÑOLA,1400 ESPAÑOLA,3
318-1422-7-88,ZOCLO CENTRAL S-1400 MONUMENTAL MADERA 6.10 MTS,PZA,True,0,0,0,0,LA VIGA EXTRUSIONES,ALUMINIO LINEA ESPAÑOLA,ESPAÑOLA,1400 ESPAÑOLA,3
318-1434-7-80,ZOCLO INFERIOR LINEA 1400 BLANCO 6.10 MTS,PZA,True,2,0,0,0,LA VIGA EXTRUSIONES,ALUMINIO LINEA ESPAÑOLA,ESPAÑOLA,1400 ESPAÑOLA,2
318-1434-7-18,ZOCLO INFERIOR LINEA 1400 CAFE 6.10 MTS,PZA,False,0,0,0,0,LA VIGA EXTRUSIONES,ALUMINIO LINEA ESPAÑOLA,ESPAÑOLA,1400 ESPAÑOLA,2
318-1434-7-58,ZOCLO INFERIOR LINEA 1400 CAFE OSCURO 6.10 MTS,PZA,True,0,0,6,0,LA VIGA EXTRUSIONES,ALUMINIO LINEA ESPAÑOLA,ESPAÑOLA,1400 ESPAÑOLA,3
318-1434-7-4,ZOCLO INFERIOR LINEA 1400 CHAMPAGNE 6.10 MTS,PZA,True,0,0,4,0,LA VIGA EXTRUSIONES,ALUMINIO LINEA ESPAÑOLA,ESPAÑOLA,1400 ESPAÑOLA,3
318-1434-7-88,ZOCLO INFERIOR LINEA 1400 MADERA 6.10 MTS,PZA,True,0,0,3,0,LA VIGA EXTRUSIONES,ALUMINIO LINEA ESPAÑOLA,ESPAÑOLA,1400 ESPAÑOLA,3
318-1434-7-10,ZOCLO INFERIOR LINEA 1400 NATURAL PULIDO 6.10 MTS,PZA,True,0,0,2,0,LA VIGA EXTRUSIONES,ALUMINIO LINEA ESPAÑOLA,ESPAÑOLA,1400 ESPAÑOLA,3
912-3504-7-80,HOJA CENTRAL BLANCO LINEA 3500 DE 6.10 MTS,PZA,True,0,0,0,0,LA VIGA EXTRUSIONES,ALUMINIO LINEA ESPAÑOLA,ESPAÑOLA,3500 ESPAÑOLA,3
912-3535-7-88,HOJA LATERAL MOSQUITERO LINEA 3500 DE 6.10 MTS MADERA,PZA,True,0,0,4,0,LA VIGA EXTRUSIONES,ALUMINIO LINEA ESPAÑOLA,ESPAÑOLA,3500 ESPAÑOLA,3
912-3536-7-58,HOJA RUEDAS MOSQUITERO LINEA 3500 DE 6.10 MTS CAFE OSCURO,PZA,True,0,0,20,0,LA VIGA EXTRUSIONES,ALUMINIO LINEA ESPAÑOLA,ESPAÑOLA,3500 ESPAÑOLA,3
912-3536-7-88,HOJA RUEDAS MOSQUITERO LINEA 3500 DE 6.10 MTS MADERA,PZA,True,0,0,8,0,LA VIGA EXTRUSIONES,ALUMINIO LINEA ESPAÑOLA,ESPAÑOLA,3500 ESPAÑOLA,3
912-3601-7-80,CERCO PERIMETRAL 2 RIELES BLANCO LINEA 3600 ESPAÑOLA 6.10 MTS,PZA,True,0,0,11,0,LA VIGA EXTRUSIONES,ALUMINIO LINEA ESPAÑOLA,ESPAÑOLA,3600 ESPAÑOLA,3
912-3601-7-4,CERCO PERIMETRAL 2 RIELES CHAMPAGNE PULIDO LINEA 3600 6.10 MTS,PZA,True,0,0,0,0,LA VIGA EXTRUSIONES,ALUMINIO LINEA ESPAÑOLA,ESPAÑOLA,3600 ESPAÑOLA,3
912-3601-7-16,CERCO PERIMETRAL 2 RIELES INOX GRATADO LINEA 3600 MATE 6.10 MTS,PZA,True,0,0,0,0,LA VIGA EXTRUSIONES,ALUMINIO LINEA ESPAÑOLA,ESPAÑOLA,3600 ESPAÑOLA,3
912-3601-7-29,CERCO PERIMETRAL 2 RIELES NAT PUL GRATADO LINEA 3600 6.10 MTS,PZA,True,0,0,0,0,LA VIGA EXTRUSIONES,ALUMINIO LINEA ESPAÑOLA,ESPAÑOLA,3600 ESPAÑOLA,3
192-3602-7-80,CERCO PERIMETRAL 3 RIELES BLANCO LINEA 3600 6.10 MTS,PZA,True,0,0,11,0,LA VIGA EXTRUSIONES,ALUMINIO LINEA ESPAÑOLA,ESPAÑOLA,3600 ESPAÑOLA,3
192-3602-7-18,CERCO PERIMETRAL 3 RIELES CAFE LINEA 3600 6.10 MTS BRONCE,PZA,False,0,0,0,0,LA VIGA EXTRUSIONES,ALUMINIO LINEA ESPAÑOLA,ESPAÑOLA,3600 ESPAÑOLA,1
192-3602-7-4,CERCO PERIMETRAL 3 RIELES CHAMPAGNE LINEA 3600 6.10 MTS,PZA,True,0,0,1,0,LA VIGA EXTRUSIONES,ALUMINIO LINEA ESPAÑOLA,ESPAÑOLA,3600 ESPAÑOLA,3
192-3602-7-16,CERCO PERIMETRAL 3 RIELES INOX GRATADO LINEA 3600 6.10 MTS,PZA,True,0,0,0,0,LA VIGA EXTRUSIONES,ALUMINIO LINEA ESPAÑOLA,ESPAÑOLA,3600 ESPAÑOLA,3
192-3602-7-88,CERCO PERIMETRAL 3 RIELES MADERA 6.10 MTS,PZA,False,0,0,0,0,LA VIGA EXTRUSIONES,ALUMINIO LINEA ESPAÑOLA,ESPAÑOLA,3600 ESPAÑOLA,1
192-3602-7-29,CERCO PERIMETRAL 3 RIELES NAT PUL GRATADO LINEA 3600 6.10 MTS,PZA,True,0,0,0,0,LA VIGA EXTRUSIONES,ALUMINIO LINEA ESPAÑOLA,ESPAÑOLA,3600 ESPAÑOLA,3
192-3605-7-80,HOJA PERIMETRAL BLANCO LINEA 3600 ESPAÑOLA 6.10 MTS,PZA,True,0,0,16,0,LA VIGA EXTRUSIONES,ALUMINIO LINEA ESPAÑOLA,ESPAÑOLA,3600 ESPAÑOLA,3
912-3605-7-4,HOJA PERIMETRAL CHAMPAGNE PULIDO LINEA 3600 6.10 MTS,PZA,True,0,0,5,0,LA VIGA EXTRUSIONES,ALUMINIO LINEA ESPAÑOLA,ESPAÑOLA,3600 ESPAÑOLA,3
192-3605-7-16,HOJA PERIMETRAL INOX GRATADO MATE LINEA 3600 ESPAÑOLA 6.10 MTS,PZA,True,0,0,0,0,LA VIGA EXTRUSIONES,ALUMINIO LINEA ESPAÑOLA,ESPAÑOLA,3600 ESPAÑOLA,2
192-3605-7-18,HOJA PERIMETRAL LINEA 3600 6.10 MTS CAFE,PZA,False,0,0,0,0,LA VIGA EXTRUSIONES,ALUMINIO LINEA ESPAÑOLA,ESPAÑOLA,3600 ESPAÑOLA,1
192-3605-7-88,HOJA PERIMETRAL LINEA 3600 MADERA 6.10 MTS,PZA,True,0,0,1,0,LA VIGA EXTRUSIONES,ALUMINIO LINEA ESPAÑOLA,ESPAÑOLA,3600 ESPAÑOLA,3
192-3605-7-29,HOJA PERIMETRAL NAT PUL GRATADO LINEA 3600 6.10 MTS,PZA,True,0,0,0,0,LA VIGA EXTRUSIONES,ALUMINIO LINEA ESPAÑOLA,ESPAÑOLA,3600 ESPAÑOLA,3
912-3604-7-80,TAPETA HOJA CENTRAL BLANCO LINEA 3600 6.10 MTS,PZA,True,0,0,8,0,LA VIGA EXTRUSIONES,ALUMINIO LINEA ESPAÑOLA,ESPAÑOLA,3600 ESPAÑOLA,3
912-3604-7-18,TAPETA HOJA CENTRAL CAFE LINEA 3600 6.10 MTS,PZA,False,0,0,0,0,LA VIGA EXTRUSIONES,ALUMINIO LINEA ESPAÑOLA,ESPAÑOLA,3600 ESPAÑOLA,1
912-3604-7-4,TAPETA HOJA CENTRAL CHAMPAGNE BTE LINEA 3600 6.10 MTS,PZA,True,0,0,9,0,LA VIGA EXTRUSIONES,ALUMINIO LINEA ESPAÑOLA,ESPAÑOLA,3600 ESPAÑOLA,3
912-3604-7-16,TAPETA HOJA CENTRAL INOX GRATADO MATE LINEA 3600  6.10 MTS,PZA,True,0,0,0,0,LA VIGA EXTRUSIONES,ALUMINIO LINEA ESPAÑOLA,ESPAÑOLA,3600 ESPAÑOLA,3
192-3604-7-88,TAPETA HOJA CENTRAL MADERA LINEA 3600 6.10,PZA,False,0,0,0,0,LA VIGA EXTRUSIONES,ALUMINIO LINEA ESPAÑOLA,ESPAÑOLA,3600 ESPAÑOLA,1
912-3604-7-29,TAPETA HOJA CENTRAL NAT PUL GRATADO LINEA 3600 6.10,PZA,True,0,0,0,0,LA VIGA EXTRUSIONES,ALUMINIO LINEA ESPAÑOLA,ESPAÑOLA,3600 ESPAÑOLA,3
192-3609-7-80,UNION CUATRO HOJAS BLANCA LINEA 3600 6.10 MTS,PZA,False,0,0,0,0,LA VIGA EXTRUSIONES,ALUMINIO LINEA ESPAÑOLA,ESPAÑOLA,3600 ESPAÑOLA,1
192-3609-7-16,UNION CUATRO HOJAS INOX LINEA 3600 6.10 MTS,PZA,True,0,0,0,0,LA VIGA EXTRUSIONES,ALUMINIO LINEA ESPAÑOLA,ESPAÑOLA,3600 ESPAÑOLA,3
192-3609-7-29,UNION CUATRO HOJAS NAT PUL GRATADO LINEA 3600 6.10 MTS,PZA,False,0,0,0,0,LA VIGA EXTRUSIONES,ALUMINIO LINEA ESPAÑOLA,ESPAÑOLA,3600 ESPAÑOLA,1
192-4501-7-80,CERCO INFERIOR LINEA ESPAÑOLA 4500 BLANCO 6.10 MTS,PZA,True,0,0,4,0,LA VIGA EXTRUSIONES,ALUMINIO LINEA ESPAÑOLA,ESPAÑOLA,4500 ESPAÑOLA,3
192-4501-7-4,CERCO INFERIOR LINEA ESPAÑOLA 4500 CHAMPAGNE PUL 6.10,PZA,True,0,0,1,0,LA VIGA EXTRUSIONES,ALUMINIO LINEA ESPAÑOLA,ESPAÑOLA,4500 ESPAÑOLA,3
1924501-7-88,CERCO INFERIOR LINEA ESPAÑOLA 4500 MADERA 6.10 MTS,PZA,True,0,0,3,0,LA VIGA EXTRUSIONES,ALUMINIO LINEA ESPAÑOLA,ESPAÑOLA,4500 ESPAÑOLA,3
192-4508-7-88,CERCO LATERAL LINEA ESPAÑOLA 4500 MADERA 6.10 MTS,PZA,True,0,0,7,0,LA VIGA EXTRUSIONES,ALUMINIO LINEA ESPAÑOLA,ESPAÑOLA,4500 ESPAÑOLA,3
192-4502-7-80,CERCO SUPERIOR LINEA ESPAÑOLA 4500 BLANCO 6.10 MTS,PZA,True,0,0,4,0,LA VIGA EXTRUSIONES,ALUMINIO LINEA ESPAÑOLA,ESPAÑOLA,4500 ESPAÑOLA,3
192-4502-7-4,CERCO SUPERIOR LINEA ESPAÑOLA 4500 CHAMPAGNE 6.10,PZA,True,0,0,2,0,LA VIGA EXTRUSIONES,ALUMINIO LINEA ESPAÑOLA,ESPAÑOLA,4500 ESPAÑOLA,3
192-4502-7-88,CERCO SUPERIOR LINEA ESPAÑOLA 4500 MADERA 6.10 MTS,PZA,True,0,0,3,0,LA VIGA EXTRUSIONES,ALUMINIO LINEA ESPAÑOLA,ESPAÑOLA,4500 ESPAÑOLA,3
992-4504-7-4,HOJA CENTRAL LINEA 4500 CHAMPAGNE PULIDO,PZA,False,0,0,0,0,LA VIGA EXTRUSIONES,ALUMINIO LINEA ESPAÑOLA,ESPAÑOLA,4500 ESPAÑOLA,1
192-4504-7-80,HOJA CENTRAL LINEA ESPAÑOLA 4500 BLANCA,PZA,True,0,0,7,0,LA VIGA EXTRUSIONES,ALUMINIO LINEA ESPAÑOLA,ESPAÑOLA,4500 ESPAÑOLA,3
192-4504-7-4,HOJA CENTRAL LINEA ESPAÑOLA 4500 CHAMPAGNE 6.10,PZA,False,0,0,0,0,LA VIGA EXTRUSIONES,ALUMINIO LINEA ESPAÑOLA,ESPAÑOLA,4500 ESPAÑOLA,3
192-4504-7-88,HOJA CENTRAL LINEA ESPAÑOLA 4500 MADERA 6.10 MTS,PZA,True,0,0,4,0,LA VIGA EXTRUSIONES,ALUMINIO LINEA ESPAÑOLA,ESPAÑOLA,4500 ESPAÑOLA,3
192-4505-7-80,HOJA LATERAL LINEA ESPAÑOLA 4500 BLANCO 6.10 MTS,PZA,True,0,0,0,0,LA VIGA EXTRUSIONES,ALUMINIO LINEA ESPAÑOLA,ESPAÑOLA,4500 ESPAÑOLA,3
192-4505-7-4,HOJA LATERAL LINEA ESPAÑOLA 4500 CHAMPAGNE 6.10,PZA,True,0,0,4,0,LA VIGA EXTRUSIONES,ALUMINIO LINEA ESPAÑOLA,ESPAÑOLA,4500 ESPAÑOLA,3
192-4505-7-88,HOJA LATERAL LINEA ESPAÑOLA 4500 MADERA 6.10 MTS,PZA,True,0,0,4,0,LA VIGA EXTRUSIONES,ALUMINIO LINEA ESPAÑOLA,ESPAÑOLA,4500 ESPAÑOLA,3
992-4507-7-4,HOJA RUEDA LINEA 4500 CHAMPAGNE PULIDO,PZA,False,0,0,0,0,LA VIGA EXTRUSIONES,ALUMINIO LINEA ESPAÑOLA,ESPAÑOLA,4500 ESPAÑOLA,1
192-4507-7-80,HOJA RUEDAS LINEA ESPAÑOLA 4500 BLANCA 6.10 MTS,PZA,True,0,0,6,0,LA VIGA EXTRUSIONES,ALUMINIO LINEA ESPAÑOLA,ESPAÑOLA,4500 ESPAÑOLA,3
192-4507-7-4,HOJA RUEDAS LINEA ESPAÑOLA 4500 CHAMPAGNE 6.10,PZA,False,0,0,0,0,LA VIGA EXTRUSIONES,ALUMINIO LINEA ESPAÑOLA,ESPAÑOLA,4500 ESPAÑOLA,1
192-4507-7-88,HOJA RUEDAS LINEA ESPAÑOLA 4500 MADERA 6.10 MTS,PZA,True,0,0,1,0,LA VIGA EXTRUSIONES,ALUMINIO LINEA ESPAÑOLA,ESPAÑOLA,4500 ESPAÑOLA,3
192-4509-7-80,ZOCLO LINEA ESPAÑOLA 4500 BLANCO 6.10 MTS,PZA,True,0,0,0,0,LA VIGA EXTRUSIONES,ALUMINIO LINEA ESPAÑOLA,ESPAÑOLA,4500 ESPAÑOLA,3
192-4509-7-4,ZOCLO LINEA ESPAÑOLA 4500 CHAMPAGNE 6.10,PZA,True,0,0,3,0,LA VIGA EXTRUSIONES,ALUMINIO LINEA ESPAÑOLA,ESPAÑOLA,4500 ESPAÑOLA,3
192-4509-7-88,ZOCLO LINEA ESPAÑOLA 4500 MADERA 6.10 MTS,PZA,True,0,0,1,0,LA VIGA EXTRUSIONES,ALUMINIO LINEA ESPAÑOLA,ESPAÑOLA,4500 ESPAÑOLA,3
192-4610-7-80,ADAPTADOR  MOSQUITERO BLANCO LINEA 4600 6.10 MTS,PZA,True,0,0,16,0,LA VIGA EXTRUSIONES,ALUMINIO LINEA ESPAÑOLA,ESPAÑOLA,4600 ESPAÑOLA,2
192-4610-7-18,ADAPTADOR MOSQUITERO CAFE LINEA 4600 6.10 MTS,PZA,False,0,0,0,0,LA VIGA EXTRUSIONES,ALUMINIO LINEA ESPAÑOLA,ESPAÑOLA,4600 ESPAÑOLA,2
192-4610-7-58,ADAPTADOR MOSQUITERO CAFE OSCURO LINEA 4600 6.10 MTS,PZA,True,0,0,0,0,LA VIGA EXTRUSIONES,ALUMINIO LINEA ESPAÑOLA,ESPAÑOLA,4600 ESPAÑOLA,3
192-4610-7-4,ADAPTADOR MOSQUITERO CHAMPAGNE  LINEA 4600 6.10 MTS,PZA,True,0,0,15,0,LA VIGA EXTRUSIONES,ALUMINIO LINEA ESPAÑOLA,ESPAÑOLA,4600 ESPAÑOLA,3
192-4610-7-16,ADAPTADOR MOSQUITERO INOX LINEA 4600 6.10 MTS,PZA,True,0,0,0,0,LA VIGA EXTRUSIONES,ALUMINIO LINEA ESPAÑOLA,ESPAÑOLA,4600 ESPAÑOLA,3
192-4610-7-88,ADAPTADOR MOSQUITERO LINEA 4600 ESP MADERA 6.10 MTS,PZA,True,0,0,28,0,LA VIGA EXTRUSIONES,ALUMINIO LINEA ESPAÑOLA,ESPAÑOLA,4600 ESPAÑOLA,3
192-4610-7-10,ADAPTADOR MOSQUITERO NAT PUL GRATADO LINEA 4600 6.10 MTS,PZA,False,0,0,0,0,LA VIGA EXTRUSIONES,ALUMINIO LINEA ESPAÑOLA,ESPAÑOLA,4600 ESPAÑOLA,2
192-4601-7-58,CERCO PERIMETRAL 2 RIELES  LINEA 4600 CAFE OSCURO 6.10 MTS,PZA,True,0,0,6,0,LA VIGA EXTRUSIONES,ALUMINIO LINEA ESPAÑOLA,ESPAÑOLA,4600 ESPAÑOLA,3
192-4601-7-4,CERCO PERIMETRAL 2 RIELES  LINEA 4600 CHAMPAGNE 6.10 MTS,PZA,True,0,0,13,0,LA VIGA EXTRUSIONES,ALUMINIO LINEA ESPAÑOLA,ESPAÑOLA,4600 ESPAÑOLA,3
192-4601-7-88,CERCO PERIMETRAL 2 RIELES  LINEA 4600 MADERA 6.10 MTS,PZA,True,0,0,0,0,LA VIGA EXTRUSIONES,ALUMINIO LINEA ESPAÑOLA,ESPAÑOLA,4600 ESPAÑOLA,3
192-4601-7-80,CERCO PERIMETRAL 2 RIELES LINEA ESPAÑOLA 4600 BLANCA 6.10 MTS,PZA,True,0,0,9,0,LA VIGA EXTRUSIONES,ALUMINIO LINEA ESPAÑOLA,ESPAÑOLA,4600 ESPAÑOLA,3
192-4602-7-80,CERCO PERIMETRAL 3 RIELES LINEA 4600 BLANCA 6.10,PZA,True,0,0,3,0,LA VIGA EXTRUSIONES,ALUMINIO LINEA ESPAÑOLA,ESPAÑOLA,4600 ESPAÑOLA,3
192-4602-7-58,CERCO PERIMETRAL 3 RIELES LINEA 4600 CAFE OSCURO 6.10,PZA,True,0,0,9,0,LA VIGA EXTRUSIONES,ALUMINIO LINEA ESPAÑOLA,ESPAÑOLA,4600 ESPAÑOLA,3
192-4602-7-4,CERCO PERIMETRAL 3 RIELES LINEA 4600 CHAMP PULIDO 6.10 MTS,PZA,True,0,0,1,0,LA VIGA EXTRUSIONES,ALUMINIO LINEA ESPAÑOLA,ESPAÑOLA,4600 ESPAÑOLA,1
192-4602-7-88,CERCO PERIMETRAL 3 RIELES LINEA 4600 MADERA 6.10 MTS,PZA,False,0,0,1,0,LA VIGA EXTRUSIONES,ALUMINIO LINEA ESPAÑOLA,ESPAÑOLA,4600 ESPAÑOLA,2
192-4603-7-58,FIJO TUBULAR LINEA 4600 CAFE OSCURO 6.10,PZA,False,0,0,0,0,LA VIGA EXTRUSIONES,ALUMINIO LINEA ESPAÑOLA,ESPAÑOLA,4600 ESPAÑOLA,2
192-4605-7-80,HOJA PERIMETRAL LINEA 4600 BLANCA 6.10 MTS,PZA,True,0,0,4,0,LA VIGA EXTRUSIONES,ALUMINIO LINEA ESPAÑOLA,ESPAÑOLA,4600 ESPAÑOLA,3
192-4605-7-18,HOJA PERIMETRAL LINEA 4600 CAFE 6.10 MTS,PZA,False,0,0,0,0,LA VIGA EXTRUSIONES,ALUMINIO LINEA ESPAÑOLA,ESPAÑOLA,4600 ESPAÑOLA,2
192-4605-7-58,HOJA PERIMETRAL LINEA 4600 CAFE OSCURO 6.10 MTS,PZA,True,0,0,10,0,LA VIGA EXTRUSIONES,ALUMINIO LINEA ESPAÑOLA,ESPAÑOLA,4600 ESPAÑOLA,3
192-4605-7-4,HOJA PERIMETRAL LINEA 4600 CHAMP PUL 6.10 MTS,PZA,True,0,0,0,0,LA VIGA EXTRUSIONES,ALUMINIO LINEA ESPAÑOLA,ESPAÑOLA,4600 ESPAÑOLA,1
192-4605-7-88,HOJA PERIMETRAL LINEA 4600 MADERA 6.10 MTS,PZA,True,0,0,0,0,LA VIGA EXTRUSIONES,ALUMINIO LINEA ESPAÑOLA,ESPAÑOLA,4600 ESPAÑOLA,3
192-64624-7-58,HOJA PERIMETRAL MOSQUITERO  LINEA 4600 CAFE OSCURO 6.10 MTS,PZA,True,0,0,10,0,LA VIGA EXTRUSIONES,ALUMINIO LINEA ESPAÑOLA,ESPAÑOLA,4600 ESPAÑOLA,3
192-4624-7-4,HOJA PERIMETRAL MOSQUITERO LINEA 4600 CHAMPAGNE 6.10 MTS,PZA,True,0,0,0,0,LA VIGA EXTRUSIONES,ALUMINIO LINEA ESPAÑOLA,ESPAÑOLA,4600 ESPAÑOLA,3
192-4615-7-4,HOJA PLAYA LINEA 4600 CHAMP PUL 6.10 MTS,PZA,False,0,0,0,0,LA VIGA EXTRUSIONES,ALUMINIO LINEA ESPAÑOLA,ESPAÑOLA,4600 ESPAÑOLA,1
192-74633-7-58,RIEL ADAPTADOR LINEA 4600 CAFE OSCURO 6.10 MTS,PZA,True,0,0,7,0,LA VIGA EXTRUSIONES,ALUMINIO LINEA ESPAÑOLA,ESPAÑOLA,4600 ESPAÑOLA,3
192-4604-7-80,TAPA HOJA CENTRAL LINEA 4600 BLANCA 6.10 MTS,PZA,True,0,0,4,0,LA VIGA EXTRUSIONES,ALUMINIO LINEA ESPAÑOLA,ESPAÑOLA,4600 ESPAÑOLA,3
192-4604-7-18,TAPA HOJA CENTRAL LINEA 4600 CAFE 6.10 MTS,PZA,True,0,0,0,0,LA VIGA EXTRUSIONES,ALUMINIO LINEA ESPAÑOLA,ESPAÑOLA,4600 ESPAÑOLA,3
192-4604-7-58,TAPA HOJA CENTRAL LINEA 4600 CAFE OSCURO 6.10 MTS,PZA,True,0,0,6,0,LA VIGA EXTRUSIONES,ALUMINIO LINEA ESPAÑOLA,ESPAÑOLA,4600 ESPAÑOLA,3
192-4604-7-88,TAPA HOJA CENTRAL LINEA 4600 MADERA 6.10 MTS,PZA,True,0,0,1,0,LA VIGA EXTRUSIONES,ALUMINIO LINEA ESPAÑOLA,ESPAÑOLA,4600 ESPAÑOLA,3
192-4604-7-4,TAPETA HOJA CENTRAL LINEA 4600 CHAMPAGNE PUL 6.10 MTS,PZA,True,0,0,2,0,LA VIGA EXTRUSIONES,ALUMINIO LINEA ESPAÑOLA,ESPAÑOLA,4600 ESPAÑOLA,3
192-4609-7-58,UNION CUATRO HOJAS CAFE OSCURO LINEA 4600 6.10 MTS,PZA,True,0,0,23,0,LA VIGA EXTRUSIONES,ALUMINIO LINEA ESPAÑOLA,ESPAÑOLA,4600 ESPAÑOLA,3
192-4609-7-80,UNION CUATRO HOJAS LINEA 4600 ESP BLANCA 6.10 MTS,PZA,False,0,0,0,0,LA VIGA EXTRUSIONES,ALUMINIO LINEA ESPAÑOLA,ESPAÑOLA,4600 ESPAÑOLA,2
192-4609-7-4,UNION DE 4 HOJAS LINEA 4600 CHAMP PUL 6.10 MTS,PZA,False,0,0,0,0,LA VIGA EXTRUSIONES,ALUMINIO LINEA ESPAÑOLA,ESPAÑOLA,4600 ESPAÑOLA,1
318-6006-7-4,CERCO PUERTA PUERTA LINEA 6000 CHAMPAGNE PULIDO DE 6.10 MTS,PZA,True,0,0,1,0,LA VIGA EXTRUSIONES,ALUMINIO LINEA ESPAÑOLA,ESPAÑOLA,6000 ESPAÑOLA,3
318-6029-7-58,"JUNQUILLO CURVO HUECO 10,MM LINEA 6000 CAFE OSCURO DE 6.10 MTS",PZA,True,0,0,52,0,LA VIGA EXTRUSIONES,ALUMINIO LINEA ESPAÑOLA,ESPAÑOLA,6000 ESPAÑOLA,3
318-6029-7-4,"JUNQUILLO CURVO HUECO 10,MM LINEA 6000 CHAMPAGNE DE 6.10 MTS",PZA,True,0,0,1,0,LA VIGA EXTRUSIONES,ALUMINIO LINEA ESPAÑOLA,ESPAÑOLA,6000 ESPAÑOLA,3
318-6027-7-4,JUNQUILLO CURVO HUECO 24 MM LINEA 6000 CHAMPAGNE DE 6.10 MTS,PZA,True,0,0,0,0,LA VIGA EXTRUSIONES,ALUMINIO LINEA ESPAÑOLA,ESPAÑOLA,6000 ESPAÑOLA,3
192-6019-7-58,JUNQUILLO HUECO 11MM LINEA 6000 CAFE OSCURO DE 6.10 MTS,PZA,True,0,-7,7,0,LA VIGA EXTRUSIONES,ALUMINIO LINEA ESPAÑOLA,ESPAÑOLA,6000 ESPAÑOLA,3
192-6019-7-4,JUNQUILLO HUECO 11MM LINEA 6000 CHAMPAGNE DE 6.10 MTS,PZA,True,0,0,0,0,LA VIGA EXTRUSIONES,ALUMINIO LINEA ESPAÑOLA,ESPAÑOLA,6000 ESPAÑOLA,3
318-6021-7-58,JUNQUILLO HUECO 23 MM LINEA 6000 CAFE OSCURO 6.10 MTS,PZA,True,0,-9,9,0,LA VIGA EXTRUSIONES,ALUMINIO LINEA ESPAÑOLA,ESPAÑOLA,6000 ESPAÑOLA,3
318-6018-7-18,JUNQUILLO HUECO 8 MM LINEA 6000 CAFE DE 6.10 MTS,PZA,False,0,0,0,0,LA VIGA EXTRUSIONES,ALUMINIO LINEA ESPAÑOLA,ESPAÑOLA,6000 ESPAÑOLA,1
318-6017-7-58,JUNQUILLO HUECO 8.5 MM LINEA 6000 CAFE OSCURO DE 6.10 MTS,PZA,True,0,0,0,0,LA VIGA EXTRUSIONES,ALUMINIO LINEA ESPAÑOLA,ESPAÑOLA,6000 ESPAÑOLA,3
318-6017-7-88,JUNQUILLO HUECO 8.5 MM LINEA 6000 MADERA DE 6.10 MTS,PZA,True,0,0,0,0,LA VIGA EXTRUSIONES,ALUMINIO LINEA ESPAÑOLA,ESPAÑOLA,6000 ESPAÑOLA,3
192-6031-7-4,JUNQUILLO MALLORQUINA LINEA 6400 CHAMPAGNE DE 6.10 MTS,PZA,True,0,0,1,0,LA VIGA EXTRUSIONES,ALUMINIO LINEA ESPAÑOLA,ESPAÑOLA,6000 ESPAÑOLA,3
192-6100-7-80,LAMA MALLORQUINA LINEA 6400 BLANCO DE 6.10 MTS,PZA,True,0,0,40,0,LA VIGA EXTRUSIONES,ALUMINIO LINEA ESPAÑOLA,ESPAÑOLA,6000 ESPAÑOLA,3
192-6100-7-4,LAMA MALLORQUINA LINEA 6400 CHAMPAGNE DE 6.10 MTS,PZA,True,0,0,24,0,LA VIGA EXTRUSIONES,ALUMINIO LINEA ESPAÑOLA,ESPAÑOLA,6000 ESPAÑOLA,3
192-6100-7-88,LAMA MALLORQUINA LINEA 6400 MADERA DE 6.10 MTS,PZA,True,0,0,9,0,LA VIGA EXTRUSIONES,ALUMINIO LINEA ESPAÑOLA,ESPAÑOLA,6000 ESPAÑOLA,3
192-6100-7-11,LAMA MALLORQUINA LINEA 6400 NATURAL DE 6.10 MTS,PZA,True,0,0,26,0,LA VIGA EXTRUSIONES,ALUMINIO LINEA ESPAÑOLA,ESPAÑOLA,6000 ESPAÑOLA,3
318-6008-7-4,PILASTRA PUERTA LINEA 6000 CHAMPAGNE DE 6.10 MTS,PZA,True,0,0,1,0,LA VIGA EXTRUSIONES,ALUMINIO LINEA ESPAÑOLA,ESPAÑOLA,6000 ESPAÑOLA,3
318-6008-7-88,PILASTRA PUERTA LINEA 6000 MADERA DE 6.10 MTS,PZA,True,0,0,1,0,LA VIGA EXTRUSIONES,ALUMINIO LINEA ESPAÑOLA,ESPAÑOLA,6000 ESPAÑOLA,3
318-6010-7-4,ZOCLO INFERIOR PUERTA LINEA 6000 CHAMPAGNE PULIDO DE 6.10 MTS,PZA,True,0,0,0,0,LA VIGA EXTRUSIONES,ALUMINIO LINEA ESPAÑOLA,ESPAÑOLA,6000 ESPAÑOLA,3
318-6010-7-88,ZOCLO INFERIOR PUERTA LINEA 6000 MADERA DE 6.10 MTS,PZA,True,0,0,2,0,LA VIGA EXTRUSIONES,ALUMINIO LINEA ESPAÑOLA,ESPAÑOLA,6000 ESPAÑOLA,3
192-2416-7-10,BARROTILLO LINEA ESPAÑOLA NATURAL PULIDO 6.10 MTS,PZA,True,0,0,21,0,LA VIGA EXTRUSIONES,ALUMINIO LINEA ESPAÑOLA,ESPAÑOLA,CUADRICULA,3
194-2416-7-80M,BARROTILLO O CUADRICULA LINEA ESPAÑOLA BLANCO,MTS,False,0,0,0,0,LA VIGA EXTRUSIONES,ALUMINIO LINEA ESPAÑOLA,ESPAÑOLA,CUADRICULA,1
194-2416-7-80,BARROTILLO O CUADRICULA LINEA ESPAÑOLA BLANCO 6.10 MTS,PZA,True,15,-25,62,0,LA VIGA EXTRUSIONES,ALUMINIO LINEA ESPAÑOLA,ESPAÑOLA,CUADRICULA,3
951-2416-7-18M,BARROTILLO O CUADRICULA LINEA ESPAÑOLA CAFE,MTS,False,0,0,0,0,LA VIGA EXTRUSIONES,ALUMINIO LINEA ESPAÑOLA,ESPAÑOLA,CUADRICULA,1
951-2416-7-18,BARROTILLO O CUADRICULA LINEA ESPAÑOLA CAFE 6.10 MTS,PZA,True,0,0,0,0,LA VIGA EXTRUSIONES,ALUMINIO LINEA ESPAÑOLA,ESPAÑOLA,CUADRICULA,3
951-2416-7-58,BARROTILLO O CUADRICULA LINEA ESPAÑOLA CAFE OSCURO 6.10 MTS,PZA,True,13.5,-10,80,0,LA VIGA EXTRUSIONES,ALUMINIO LINEA ESPAÑOLA,ESPAÑOLA,CUADRICULA,3
193-2416-7-4M,BARROTILLO O CUADRICULA LINEA ESPAÑOLA CHAMPAGNE,MTS,False,0,0,0,0,LA VIGA EXTRUSIONES,ALUMINIO LINEA ESPAÑOLA,ESPAÑOLA,CUADRICULA,1
193-2416-7-4,BARROTILLO O CUADRICULA LINEA ESPAÑOLA CHAMPAGNE 6.10,PZA,True,9,-10,25,0,LA VIGA EXTRUSIONES,ALUMINIO LINEA ESPAÑOLA,ESPAÑOLA,CUADRICULA,3
192-2416-7-88M,BARROTILLO O CUADRICULA LINEA ESPAÑOLA MADERA,MTS,False,0,0,0,0,LA VIGA EXTRUSIONES,ALUMINIO LINEA ESPAÑOLA,ESPAÑOLA,CUADRICULA,1
192-2416-7-88,BARROTILLO O CUADRICULA LINEA ESPAÑOLA MADERA 6.10 MTS,PZA,True,0,0,17,0,LA VIGA EXTRUSIONES,ALUMINIO LINEA ESPAÑOLA,ESPAÑOLA,CUADRICULA,3
191-2416-7-11M,BARROTILLO O CUADRICULA LINEA ESPAÑOLA NATURA,MTS,False,0,0,0,0,LA VIGA EXTRUSIONES,ALUMINIO LINEA ESPAÑOLA,ESPAÑOLA,CUADRICULA,1
191-2416-7-11,BARROTILLO O CUADRICULA LINEA ESPAÑOLA NATURAL 6.10,PZA,False,0,0,0,0,LA VIGA EXTRUSIONES,ALUMINIO LINEA ESPAÑOLA,ESPAÑOLA,CUADRICULA,1
194-2415-7-80M,RECERCADO LINEA ESPAÑOLA BLANCO,MTS,False,0,0,0,0,LA VIGA EXTRUSIONES,ALUMINIO LINEA ESPAÑOLA,ESPAÑOLA,CUADRICULA,1
194-2415-7-80,RECERCADO LINEA ESPAÑOLA BLANCO 6.10 MTS,PZA,True,3,-15,74,0,LA VIGA EXTRUSIONES,ALUMINIO LINEA ESPAÑOLA,ESPAÑOLA,CUADRICULA,3
951-2415-7-18M,RECERCADO LINEA ESPAÑOLA CAFE,MTS,False,58.4,0,0,0,LA VIGA EXTRUSIONES,ALUMINIO LINEA ESPAÑOLA,ESPAÑOLA,CUADRICULA,1
951-2415-7-18,RECERCADO LINEA ESPAÑOLA CAFE DE 6.10 MTS,PZA,True,0,0,0,0,LA VIGA EXTRUSIONES,ALUMINIO LINEA ESPAÑOLA,ESPAÑOLA,CUADRICULA,3
951-2415-7-58,RECERCADO LINEA ESPAÑOLA CAFE OSCURO DE 6.10 MTS,PZA,True,8,0,33,0,LA VIGA EXTRUSIONES,ALUMINIO LINEA ESPAÑOLA,ESPAÑOLA,CUADRICULA,3
193-2415-7-4M,RECERCADO LINEA ESPAÑOLA CHAMPAGNE PULIDO,MTS,False,0,0,0,0,LA VIGA EXTRUSIONES,ALUMINIO LINEA ESPAÑOLA,ESPAÑOLA,CUADRICULA,1
193-2415-7-4,RECERCADO LINEA ESPAÑOLA CHAMPAGNE PULIDO 6.10 MTS,PZA,True,0,0,26,0,LA VIGA EXTRUSIONES,ALUMINIO LINEA ESPAÑOLA,ESPAÑOLA,CUADRICULA,3
192-2415-7-88M,RECERCADO LINEA ESPAÑOLA MADERA,MTS,False,0,0,0,0,LA VIGA EXTRUSIONES,ALUMINIO LINEA ESPAÑOLA,ESPAÑOLA,CUADRICULA,1
192-2415-7-88,RECERCADO LINEA ESPAÑOLA MADERA 6.10 MTS,PZA,True,0,0,16,0,LA VIGA EXTRUSIONES,ALUMINIO LINEA ESPAÑOLA,ESPAÑOLA,CUADRICULA,3
191-2415-7-11M,RECERCADO LINEA ESPAÑOLA NATURAL,MTS,False,0,0,0,0,LA VIGA EXTRUSIONES,ALUMINIO LINEA ESPAÑOLA,ESPAÑOLA,CUADRICULA,1
191-2415-7-11,RECERCADO LINEA ESPAÑOLA NATURAL DE 6.10 MTS,PZA,False,0,0,0,0,LA VIGA EXTRUSIONES,ALUMINIO LINEA ESPAÑOLA,ESPAÑOLA,CUADRICULA,1
192-2415-7-10,RECERCADO LINEA ESPAÑOLA NATURAL PULIDO 6.10 MTS,PZA,True,0,0,20,0,LA VIGA EXTRUSIONES,ALUMINIO LINEA ESPAÑOLA,ESPAÑOLA,CUADRICULA,3
318-67062-7-88,COMPENSADOR DE LAMA MOVIL MADERA DE 6.10 MTS,PZA,True,0,0,2,0,LA VIGA EXTRUSIONES,ALUMINIO LINEA ESPAÑOLA,ESPAÑOLA,LAMA MOVIL,3
318-67061-7-88,LAMA MOVIL MADERA DE 6.10 MTS,PZA,True,0,0,6,0,LA VIGA EXTRUSIONES,ALUMINIO LINEA ESPAÑOLA,ESPAÑOLA,LAMA MOVIL,3
318- 67059-7-88,PILASTRA DE HOJA LAMA MOVIL MADERA DE 6.10 MTS,PZA,True,0,0,2,0,LA VIGA EXTRUSIONES,ALUMINIO LINEA ESPAÑOLA,ESPAÑOLA,LAMA MOVIL,3
318-67060-7-88,SUPLEMENTO DE HOJA LAMA MOVIL MADERA DE 6.10 MTS,PZA,True,0,0,2,0,LA VIGA EXTRUSIONES,ALUMINIO LINEA ESPAÑOLA,ESPAÑOLA,LAMA MOVIL,3
192-3609-7-18,UNION CUATRO HOJAS CAFE LINEA 3600 6.10 MTS,PZA,False,0,0,0,0,LA VIGA EXTRUSIONES,ALUMINIO LINEA ESPAÑOLA,ESPAÑOLA,"PORTAVIDRIO 1""",1
192-VARI1006,TAPA SALIDA DE AGUA NEGRO GN-554 POL S-1400,PZA,True,0,0,14,0,LA VIGA EXTRUSIONES,ALUMINIO LINEA ESPAÑOLA,HERRAJES,3600 ESPAÑOLA,3
192-VARI241,TAPON DESAGUE NEGRO GN-105 SERIE 80,PZA,False,0,0,0,0,LA VIGA EXTRUSIONES,ALUMINIO LINEA ESPAÑOLA,HERRAJES,3600 ESPAÑOLA,1
192-VARI1007,VÁLVULA DESAGUE NEGRO MOD GN-105 POL  S-1400,PZA,True,0,0,26,0,LA VIGA EXTRUSIONES,ALUMINIO LINEA ESPAÑOLA,HERRAJES,3600 ESPAÑOLA,3
152-1311I-7-0E,ANGULO DE 1 1/2 X 1 1/2 X 1/8 ESPECIAL SIN ANODIZAR 6.00 MTS,PZA,False,0,0,0,0,"PERFILETTO ALUMINIO, S.A. DE C.V.",ALUMINIO LINEA ESPECIAL,ANGULOS,ANGULOS,3
154-1324-7-80E,"ANGULO DE 1"" ESPECIAL BLANCO DE 6.00 MTS",PZA,False,0,0,0,0,"PERFILETTO ALUMINIO, S.A. DE C.V.",ALUMINIO LINEA ESPECIAL,ANGULOS,ANGULOS,3
154-1324I-7-18E,"ANGULO DE 1"" ESPECIAL CAFE DE 6.00 MTS",PZA,False,0,0,0,0,"PERFILETTO ALUMINIO, S.A. DE C.V.",ALUMINIO LINEA ESPECIAL,ANGULOS,ANGULOS,3
152-1324-7-11E,"ANGULO DE 1"" ESPECIAL NATURAL DE 6.00 MTS",PZA,False,0,0,0,0,"PERFILETTO ALUMINIO, S.A. DE C.V.",ALUMINIO LINEA ESPECIAL,ANGULOS,ANGULOS,3
154-1301-7-80E,ANGULO DE 1/2 ESPECIAL BLANCO DE 6.00 MTS,PZA,False,0,0,0,0,"PERFILETTO ALUMINIO, S.A. DE C.V.",ALUMINIO LINEA ESPECIAL,ANGULOS,ANGULOS,3
154-1301I-7-18E,ANGULO DE 1/2 ESPECIAL CAFE DE 6.00 NTS,PZA,False,0,0,0,0,"PERFILETTO ALUMINIO, S.A. DE C.V.",ALUMINIO LINEA ESPECIAL,ANGULOS,ANGULOS,3
152-1301-7-11E,"ANGULO DE 1/2"" ESPECIAL NATURAL DE 6.00 MTS",PZA,True,0,0,2,0,"PERFILETTO ALUMINIO, S.A. DE C.V.",ALUMINIO LINEA ESPECIAL,ANGULOS,ANGULOS,3
154-1303I-7-80E,ANGULO DE 3/4 ESPECIAL BLANCO DE 6.00 MTS,PZA,False,0,0,0,0,"PERFILETTO ALUMINIO, S.A. DE C.V.",ALUMINIO LINEA ESPECIAL,ANGULOS,ANGULOS,3
154-1303I-7-18E,ANGULO DE 3/4 ESPECIAL CAFE DE 6.00 MTS,PZA,False,0,0,0,0,"PERFILETTO ALUMINIO, S.A. DE C.V.",ALUMINIO LINEA ESPECIAL,ANGULOS,ANGULOS,3
152-1303-7-11E,"ANGULO DE 3/4"" ESPECIAL NATURAL DE 6.00 MTS",PZA,False,0,0,0,0,"PERFILETTO ALUMINIO, S.A. DE C.V.",ALUMINIO LINEA ESPECIAL,ANGULOS,ANGULOS,3
144-11032-7-80E,TOPE BATIENTE 1/2 X 3/4 ESPECIAL BLANCO DE 6.00 MTS,PZA,False,0,0,0,0,"PERFILETTO ALUMINIO, S.A. DE C.V.",ALUMINIO LINEA ESPECIAL,BATIENTES,BATIENTE 1750,3
144-11032I-7-18E,TOPE BATIENTE 1/2 X 3/4 ESPECIAL CAFE DE 6.00 MTS,PZA,False,0,0,0,0,"PERFILETTO ALUMINIO, S.A. DE C.V.",ALUMINIO LINEA ESPECIAL,BATIENTES,BATIENTE 1750,3
142-11032-7-11E,TOPE BATIENTE 1/2 X 3/4 ESPECIAL NATURAL DE 6.00 MTS,PZA,False,0,0,0,0,"PERFILETTO ALUMINIO, S.A. DE C.V.",ALUMINIO LINEA ESPECIAL,BATIENTES,BATIENTE 1750,3
162-6053I-7-80E,CELOSIA LOUVER ESPECIAL BLANCO 6.00 MTS,PZA,False,0,0,0,0,"PERFILETTO ALUMINIO, S.A. DE C.V.",ALUMINIO LINEA ESPECIAL,CELOSIAS,CELOSIAS,3
162-6053I-7-18E,CELOSIA LOUVER ESPECIAL CAFE 6.00 MTS,PZA,False,0,0,0,0,"PERFILETTO ALUMINIO, S.A. DE C.V.",ALUMINIO LINEA ESPECIAL,CELOSIAS,CELOSIAS,3
162-6053I-7-11E,CELOSIA LOUVER ESPECIAL NATURAL 6.00 MTS,PZA,False,0,0,0,0,"PERFILETTO ALUMINIO, S.A. DE C.V.",ALUMINIO LINEA ESPECIAL,CELOSIAS,CELOSIAS,3
103-10220I-7-80E,ADAPTADOR OXXO ESPECIAL BLANCO 6.00 MTS,PZA,False,0,0,0,0,"PERFILETTO ALUMINIO, S.A. DE C.V.",ALUMINIO LINEA ESPECIAL,CORREDIZAS,"CORREDIZA 2""",3
101-10220I-11E,ADAPTADOR OXXO ESPECIAL NATURAL 6.00 MTS,PZA,True,0,0,0,0,"PERFILETTO ALUMINIO, S.A. DE C.V.",ALUMINIO LINEA ESPECIAL,CORREDIZAS,"CORREDIZA 2""",3
103-7821I-7-80E,"CERCO PUERTA DE 2"" ESPECIAL BLANCO DE 6.00 MTS",PZA,False,0,0,0,0,"PERFILETTO ALUMINIO, S.A. DE C.V.",ALUMINIO LINEA ESPECIAL,CORREDIZAS,"CORREDIZA 2""",3
103-7821I-7-18E,"CERCO PUERTA DE 2"" ESPECIAL CAFE 6.00 MTS",PZA,True,0,0,0,0,"PERFILETTO ALUMINIO, S.A. DE C.V.",ALUMINIO LINEA ESPECIAL,CORREDIZAS,"CORREDIZA 2""",3
101-7821I-7-11E,"CERCO PUERTA DE 2"" ESPECIAL NATURAL DE 6.00 MTS",PZA,False,0,0,0,0,"PERFILETTO ALUMINIO, S.A. DE C.V.",ALUMINIO LINEA ESPECIAL,CORREDIZAS,"CORREDIZA 2""",3
103-7518I-7-80E,"CHAMBRANA DE 2"" ESPECIAL BLANCO 6.00 MTS",PZA,False,0,0,0,0,"PERFILETTO ALUMINIO, S.A. DE C.V.",ALUMINIO LINEA ESPECIAL,CORREDIZAS,"CORREDIZA 2""",3
103-7518I-7-18E,"CHAMBRANA DE 2"" ESPECIAL CAFE 6.00 MTS",PZA,False,0,0,0,0,"PERFILETTO ALUMINIO, S.A. DE C.V.",ALUMINIO LINEA ESPECIAL,CORREDIZAS,"CORREDIZA 2""",3
101-7518I-7-11E,"CHAMBRANA DE 2"" ESPECIAL NATURAL DE 6.00 MTS",PZA,False,0,0,0,0,"PERFILETTO ALUMINIO, S.A. DE C.V.",ALUMINIO LINEA ESPECIAL,CORREDIZAS,"CORREDIZA 2""",3
103-7818I-7-80E,"RIEL AUXILIAR DE 2"" ESPECIAL BLANCO 6.00 MTS",PZA,False,0,0,0,0,"PERFILETTO ALUMINIO, S.A. DE C.V.",ALUMINIO LINEA ESPECIAL,CORREDIZAS,"CORREDIZA 2""",3
103-7818I-7-18E,"RIEL AUXILIAR DE 2"" ESPECIAL CAFE 6.00 MTS",PZA,False,0,0,0,0,"PERFILETTO ALUMINIO, S.A. DE C.V.",ALUMINIO LINEA ESPECIAL,CORREDIZAS,"CORREDIZA 2""",3
101-7818I-7-11E,"RIEL AUXILIAR DE 2"" ESPECIAL NATURAL 6.00 MTS",PZA,True,0,0,3,0,"PERFILETTO ALUMINIO, S.A. DE C.V.",ALUMINIO LINEA ESPECIAL,CORREDIZAS,"CORREDIZA 2""",3
103-9953I-7-80E,"RIEL INFERIOR DE 2"" ESPECIAL BLANCO DE 6.00 MTS",PZA,False,0,0,0,0,"PERFILETTO ALUMINIO, S.A. DE C.V.",ALUMINIO LINEA ESPECIAL,CORREDIZAS,"CORREDIZA 2""",3
103-9953I-7-18E,"RIEL INFERIOR DE 2"" ESPECIAL CAFE 6.00 MTS",PZA,False,0,0,0,0,"PERFILETTO ALUMINIO, S.A. DE C.V.",ALUMINIO LINEA ESPECIAL,CORREDIZAS,"CORREDIZA 2""",3
101-9953I-7-11E,"RIEL INFERIOR DE 2"" ESPECIAL NATURAL DE 6.00 MTS",PZA,False,0,0,0,0,"PERFILETTO ALUMINIO, S.A. DE C.V.",ALUMINIO LINEA ESPECIAL,CORREDIZAS,"CORREDIZA 2""",3
103-9955I-7-80E,"TRASLAPE PUERTA DE 2"" ESPECIAL BLANCO DE 6.00 MTS",PZA,False,0,0,0,0,"PERFILETTO ALUMINIO, S.A. DE C.V.",ALUMINIO LINEA ESPECIAL,CORREDIZAS,"CORREDIZA 2""",3
103-9955I-7-18E,"TRASLAPE PUERTA DE 2"" ESPECIAL CAFE 6.00 MTS",PZA,True,0,0,26,0,"PERFILETTO ALUMINIO, S.A. DE C.V.",ALUMINIO LINEA ESPECIAL,CORREDIZAS,"CORREDIZA 2""",3
101-9955I-7-11E,"TRASLAPE PUERTA DE 2"" ESPECIAL NATURAL DE 6.00 MTS",PZA,False,0,0,0,0,"PERFILETTO ALUMINIO, S.A. DE C.V.",ALUMINIO LINEA ESPECIAL,CORREDIZAS,"CORREDIZA 2""",3
103-11044I-7-80E,"ZOCLO CHICO DE 2"" ESPECIAL BLANCO DE 6.00 MTS",PZA,True,0,0,34,0,"PERFILETTO ALUMINIO, S.A. DE C.V.",ALUMINIO LINEA ESPECIAL,CORREDIZAS,"CORREDIZA 2""",3
103-11044I-7-18E,"ZOCLO CHICO DE 2"" ESPECIAL CAFE 6.00 MTS",PZA,False,0,0,0,0,"PERFILETTO ALUMINIO, S.A. DE C.V.",ALUMINIO LINEA ESPECIAL,CORREDIZAS,"CORREDIZA 2""",3
101-11044I-7-11E,"ZOCLO CHICO DE 2"" ESPECIAL NATURAL DE 6.00 MTS",PZA,True,0,0,0,0,"PERFILETTO ALUMINIO, S.A. DE C.V.",ALUMINIO LINEA ESPECIAL,CORREDIZAS,"CORREDIZA 2""",3
103-7825I-7-80E,"ZOCLO GRANDE DE 2"" ESPECIAL BLANCO DE 6.00 MTS",PZA,False,0,0,0,0,"PERFILETTO ALUMINIO, S.A. DE C.V.",ALUMINIO LINEA ESPECIAL,CORREDIZAS,"CORREDIZA 2""",3
103-7825I-7-18E,"ZOCLO GRANDE DE 2"" ESPECIAL CAFE DE 6.00 MTS",PZA,False,0,0,0,0,"PERFILETTO ALUMINIO, S.A. DE C.V.",ALUMINIO LINEA ESPECIAL,CORREDIZAS,"CORREDIZA 2""",3
101-7825I-7-11E,"ZOCLO GRANDE DE 2"" ESPECIAL NATURAL DE 6.00 MTS",PZA,False,0,0,0,0,"PERFILETTO ALUMINIO, S.A. DE C.V.",ALUMINIO LINEA ESPECIAL,CORREDIZAS,"CORREDIZA 2""",3
172-6617I-7-80E,DUELA LISA ESPECIAL BLANCO 6.00 MTS,PZA,False,0,0,0,0,"PERFILETTO ALUMINIO, S.A. DE C.V.",ALUMINIO LINEA ESPECIAL,DUELAS,DUELA LISA,3
172-6617I-7-11E,DUELA LISA ESPECIAL NATURAL 6.00 MTS,PZA,False,0,0,0,0,"PERFILETTO ALUMINIO, S.A. DE C.V.",ALUMINIO LINEA ESPECIAL,DUELAS,DUELA LISA,3
127-7333I-7-80E,MOSQUITERO ECONOMICO ESPECIAL BLANCO DE 6.00 MTS,PZA,False,0,0,0,0,"PERFILETTO ALUMINIO, S.A. DE C.V.",ALUMINIO LINEA ESPECIAL,MOSQUITEROS,MOSQUITEROS,3
127-7333I-7-18E,MOSQUITERO ECONOMICO ESPECIAL CAFE DE 6.00 MTS,PZA,False,0,0,0,0,"PERFILETTO ALUMINIO, S.A. DE C.V.",ALUMINIO LINEA ESPECIAL,MOSQUITEROS,MOSQUITEROS,3
127-733I-7-11E,MOSQUITERO ECONOMICO ESPECIAL NATURAL DE 6.00 MTS,PZA,False,0,0,0,0,"PERFILETTO ALUMINIO, S.A. DE C.V.",ALUMINIO LINEA ESPECIAL,MOSQUITEROS,MOSQUITEROS,3
136-11086I-7-80E,TUBO RECTANGULAR 1 1/2 X 3/4 ESPECIAL BLANCO 6.00 MTS,PZA,False,0,0,0,0,"PERFILETTO ALUMINIO, S.A. DE C.V.",ALUMINIO LINEA ESPECIAL,TUBOS,TUBO RECTANGULAR,3
136-11086I-7-18E,TUBO RECTANGULAR 1 1/2 X 3/4 ESPECIAL CAFE 6.00 MTS,PZA,False,0,0,0,0,"PERFILETTO ALUMINIO, S.A. DE C.V.",ALUMINIO LINEA ESPECIAL,TUBOS,TUBO RECTANGULAR,3
136-11086I-7-11E,TUBO RECTANGULAR 1 1/2 X 3/4 ESPECIAL NATURAL 6.00 MTS,PZA,True,0,0,1,0,"PERFILETTO ALUMINIO, S.A. DE C.V.",ALUMINIO LINEA ESPECIAL,TUBOS,TUBO RECTANGULAR,3
134-11121I-7-80E,TUBO RECTANGULAR 2 X 1 ESPECIAL BLANCO 6.00 MTS,PZA,False,0,0,0,0,"PERFILETTO ALUMINIO, S.A. DE C.V.",ALUMINIO LINEA ESPECIAL,TUBOS,TUBO RECTANGULAR,3
103-11121I-7-18E,TUBO RECTANGULAR 2 X 1 ESPECIAL CAFE 6.00 MTS,PZA,False,0,0,0,0,"PERFILETTO ALUMINIO, S.A. DE C.V.",ALUMINIO LINEA ESPECIAL,TUBOS,TUBO RECTANGULAR,3
134-11121I-7-11E,TUBO RECTANGULAR 2 X 1 ESPECIAL NATURAL 6.00 MTS,PZA,False,0,0,0,0,"PERFILETTO ALUMINIO, S.A. DE C.V.",ALUMINIO LINEA ESPECIAL,TUBOS,TUBO RECTANGULAR,3
136-11122I-7-80E,TUBO RECTANGULAR 3 X 1 3/4 ESPECIAL BLANCO 6.00 MTS,PZA,False,0,0,0,0,"PERFILETTO ALUMINIO, S.A. DE C.V.",ALUMINIO LINEA ESPECIAL,TUBOS,TUBO RECTANGULAR,3
152-1311-7-11,ANGULO DE 1 1/2 X 1 1/2 X 1/8 NATURAL 6.10 MTS,PZA,True,14,20,0,0,LA VIGA EXTRUSIONES,ALUMINIO LINEA NACIONAL,ANGULOS,ANGULOS,2
152-1311-7-0,ANGULO DE 1 1/2 X 1 1/2 X 1/8 SIN ANODIZAR 6.10 MTS,PZA,True,32.5,16,0,0,LA VIGA EXTRUSIONES,ALUMINIO LINEA NACIONAL,ANGULOS,ANGULOS,2
154-1324-7-80,"ANGULO DE 1"" BLANCO DE 6.10 MTS",PZA,True,24,176,0,0,LA VIGA EXTRUSIONES,ALUMINIO LINEA NACIONAL,ANGULOS,ANGULOS,2
152-1324-7-11,"ANGULO DE 1"" NATURAL DE 6.10 MTS",PZA,True,27,-16,0,0,LA VIGA EXTRUSIONES,ALUMINIO LINEA NACIONAL,ANGULOS,ANGULOS,2
152-1324-7-10,"ANGULO DE 1"" NATURAL PULIDO DE 6.10 MTS",PZA,True,0,0,-2,0,LA VIGA EXTRUSIONES,ALUMINIO LINEA NACIONAL,ANGULOS,ANGULOS,3
155-1324-7-4,ANGULO DE 1' CHAMP PULIDO DE 6.10 MTS,PZA,True,30,32,0,0,LA VIGA EXTRUSIONES,ALUMINIO LINEA NACIONAL,ANGULOS,ANGULOS,2
156-1324-7-88,ANGULO DE 1' MADERA DE 6.10 MTS,PZA,True,0,0,20,0,LA VIGA EXTRUSIONES,ALUMINIO LINEA NACIONAL,ANGULOS,ANGULOS,3
991-1301-7-10,ANGULO DE 1/2 NATURAL PULIDO 6.10 MTS,PZA,True,0,0,16.5,0,LA VIGA EXTRUSIONES,ALUMINIO LINEA NACIONAL,ANGULOS,ANGULOS,3
154-1301-7-80,"ANGULO DE 1/2"" BLANCO DE 6.10 MTS",PZA,True,196,-60,0,0,LA VIGA EXTRUSIONES,ALUMINIO LINEA NACIONAL,ANGULOS,ANGULOS,2
152-1301-7-11,"ANGULO DE 1/2"" NATURAL DE 6.10 MTS",PZA,True,-4,76,0,0,LA VIGA EXTRUSIONES,ALUMINIO LINEA NACIONAL,ANGULOS,ANGULOS,2
155-1301-7-4,ANGULO DE 1/2' CHAMP PULIDO DE 6.10 MTS,PZA,True,-23.5,20,0,0,LA VIGA EXTRUSIONES,ALUMINIO LINEA NACIONAL,ANGULOS,ANGULOS,2
156-1301-7-88,ANGULO DE 1/2' MADERA DE 6.10 MTS,PZA,True,0,0,4.5,0,LA VIGA EXTRUSIONES,ALUMINIO LINEA NACIONAL,ANGULOS,ANGULOS,3
851-1303-7-85M,ANGULO DE 3/4 BEIGE,MTS,False,0,0,0,0,LA VIGA EXTRUSIONES,ALUMINIO LINEA NACIONAL,ANGULOS,ANGULOS,1
851-1303-7-85,ANGULO DE 3/4 BEIGE DE 6.10 MTS,PZA,False,0,0,0,0,LA VIGA EXTRUSIONES,ALUMINIO LINEA NACIONAL,ANGULOS,ANGULOS,1
152-1303-7-10,ANGULO DE 3/4 NATURAL PULIDO DE 6.10 MTS,PZA,True,0,0,47.5,0,LA VIGA EXTRUSIONES,ALUMINIO LINEA NACIONAL,ANGULOS,ANGULOS,3
154-1303-7-80,"ANGULO DE 3/4"" BLANCO DE 6.10 MTS",PZA,True,16.5,80,0,0,LA VIGA EXTRUSIONES,ALUMINIO LINEA NACIONAL,ANGULOS,ANGULOS,2
152-1303-7-11,"ANGULO DE 3/4"" NATURAL DE 6.10 MTS",PZA,True,-32.5,64,0,0,LA VIGA EXTRUSIONES,ALUMINIO LINEA NACIONAL,ANGULOS,ANGULOS,2
156-1303-7-88,ANGULO DE 3/4' MADERA DE 6.10 MTS,PZA,True,0,0,43,0,LA VIGA EXTRUSIONES,ALUMINIO LINEA NACIONAL,ANGULOS,ANGULOS,3
157-1613-7-10,"TEE DE 1"" NATURAL PULIDO DE 6.10 MTS",PZA,False,0,0,0,0,LA VIGA EXTRUSIONES,ALUMINIO LINEA NACIONAL,ANGULOS,TEE,3
159-1613-7-80,TEE DE 1' BLANCO DE 6.10 MTS,PZA,True,-44.5,32,0,0,LA VIGA EXTRUSIONES,ALUMINIO LINEA NACIONAL,ANGULOS,TEE,2
160-1613-7-4,TEE DE 1' CHAMP PULIDO DE 6.10 MTS,PZA,True,35.5,0,0,0,LA VIGA EXTRUSIONES,ALUMINIO LINEA NACIONAL,ANGULOS,TEE,2
161-1613-7-88,TEE DE 1' MADERA DE 6.10 MTS,PZA,True,0,0,30,0,LA VIGA EXTRUSIONES,ALUMINIO LINEA NACIONAL,ANGULOS,TEE,3
157-1613-7-11,TEE DE 1' NATURAL DE 6.10 MTS,PZA,True,137,128,0,0,LA VIGA EXTRUSIONES,ALUMINIO LINEA NACIONAL,ANGULOS,TEE,2
143-5844-7-80,"BATIENTE 2"" BLANCO DE 6.10 MTS",PZA,True,22,-12,0,0,LA VIGA EXTRUSIONES,ALUMINIO LINEA NACIONAL,BATIENTES,BATIENTE 1750,2
142-5844-7-88,"BATIENTE 2"" MADERA DE 6.10 MTS",PZA,False,0,0,1,0,LA VIGA EXTRUSIONES,ALUMINIO LINEA NACIONAL,BATIENTES,BATIENTE 1750,3
142-5844-7-11,"BATIENTE 2"" NATURAL DE 6.10 MTS",PZA,True,11.5,12,0,0,LA VIGA EXTRUSIONES,ALUMINIO LINEA NACIONAL,BATIENTES,BATIENTE 1750,2
144-8550-7-80,"BATIENTE CON VENAS DE 1 1/2  X 1"" BLANCO 6.10 MTS",PZA,True,-2,21,-21,0,LA VIGA EXTRUSIONES,ALUMINIO LINEA NACIONAL,BATIENTES,BATIENTE 1750,2
142-8550-7-11,"BATIENTE CON VENAS DE 1 1/2 X 1"" NATURAL 6.10 MTS",PZA,True,9,0,0,0,LA VIGA EXTRUSIONES,ALUMINIO LINEA NACIONAL,BATIENTES,BATIENTE 1750,2
142-8550-7-58,"BATIENTE CON VENAS DE 1 3/4 X 1"" CAFE OSCURO 6.10 MTS",PZA,False,0,0,0,0,LA VIGA EXTRUSIONES,ALUMINIO LINEA NACIONAL,BATIENTES,BATIENTE 1750,2
144-11032-7-80,TOPE BATIENTE 1/2 X 3/4 BLANCO DE 6.10 MTS,PZA,True,136,144,0,0,LA VIGA EXTRUSIONES,ALUMINIO LINEA NACIONAL,BATIENTES,BATIENTE 1750,2
146-11032-7-88,TOPE BATIENTE 1/2 X 3/4 MADERA DE 6.10 MTS,PZA,True,0,0,4.5,0,LA VIGA EXTRUSIONES,ALUMINIO LINEA NACIONAL,BATIENTES,BATIENTE 1750,3
145-11032-7-10,TOPE BATIENTE 1/2 X 3/4 NAT PULIDO DE 6.10 MTS,PZA,True,0,0,3,0,LA VIGA EXTRUSIONES,ALUMINIO LINEA NACIONAL,BATIENTES,BATIENTE 1750,3
142-11032-7-11,TOPE BATIENTE 1/2 X 3/4 NATURAL DE 6.10 MTS,PZA,True,86,-17,0,0,LA VIGA EXTRUSIONES,ALUMINIO LINEA NACIONAL,BATIENTES,BATIENTE 1750,2
123-9524-7-80,GUIA PARA BAÑO ANCHA BLANCO DE 6.10 MTS,PZA,True,15.5,0,0,0,LA VIGA EXTRUSIONES,ALUMINIO LINEA NACIONAL,BAÑOS,BAÑOS,2
124-9524-7-88,GUIA PARA BAÑO ANCHA MADERA DE 6.10 MTS,PZA,True,0,0,62.5,0,LA VIGA EXTRUSIONES,ALUMINIO LINEA NACIONAL,BAÑOS,BAÑOS,3
121-9524-7-11,GUIA PARA BAÑO ANCHA NATURAL DE 6.10 MTS,PZA,True,13,60,0,0,LA VIGA EXTRUSIONES,ALUMINIO LINEA NACIONAL,BAÑOS,BAÑOS,2
821-9525-7-85M,OVAL CHICO BEIGE,MTS,False,0,0,0,0,LA VIGA EXTRUSIONES,ALUMINIO LINEA NACIONAL,BAÑOS,BAÑOS,1
821-9525-7-85,OVAL CHICO BEIGE DE 6.10 MTS,PZA,False,0,0,0,0,LA VIGA EXTRUSIONES,ALUMINIO LINEA NACIONAL,BAÑOS,BAÑOS,1
123-9525-7-80,OVAL CHICO BLANCO DE 6.10 MTS,PZA,True,88.5,0,0,0,LA VIGA EXTRUSIONES,ALUMINIO LINEA NACIONAL,BAÑOS,BAÑOS,2
124-9525-7-88,OVAL CHICO MADERA DE 6.10 MTS,PZA,True,2,0,32.5,0,LA VIGA EXTRUSIONES,ALUMINIO LINEA NACIONAL,BAÑOS,BAÑOS,3
121-9525-7-11,OVAL CHICO NATURAL DE 6.10 MTS,PZA,True,-1,32,0,0,LA VIGA EXTRUSIONES,ALUMINIO LINEA NACIONAL,BAÑOS,BAÑOS,2
121-9525-7-10,OVAL CHICO NATURAL PULIDO 6.10 MTS,PZA,False,0,0,0,0,LA VIGA EXTRUSIONES,ALUMINIO LINEA NACIONAL,BAÑOS,BAÑOS,3
821-11035-7-85,OVAL CHICO REFORZADO BEIGE DE 6.10 MTS,PZA,False,0,0,0,0,LA VIGA EXTRUSIONES,ALUMINIO LINEA NACIONAL,BAÑOS,BAÑOS,1
123-10103-7-80M,OVAL DE LUJO BLANCO,MTS,False,0,0,0,0,LA VIGA EXTRUSIONES,ALUMINIO LINEA NACIONAL,BAÑOS,BAÑOS,1
123-10103-7-80,OVAL DE LUJO BLANCO DE 6.10 MTS,PZA,False,0,0,0,0,LA VIGA EXTRUSIONES,ALUMINIO LINEA NACIONAL,BAÑOS,BAÑOS,1
124-10103-7-4,OVAL DE LUJO CHAMP PULIDO DE 6.10 MTS,PZA,False,0,0,0,0,LA VIGA EXTRUSIONES,ALUMINIO LINEA NACIONAL,BAÑOS,BAÑOS,1
124-10103-7-88,OVAL DE LUJO MADERA,PZA,False,0,0,0,0,LA VIGA EXTRUSIONES,ALUMINIO LINEA NACIONAL,BAÑOS,BAÑOS,1
121-10103-7-11,OVAL DE LUJO NATURAL DE 6.10 MTS,PZA,False,0,0,0,0,LA VIGA EXTRUSIONES,ALUMINIO LINEA NACIONAL,BAÑOS,BAÑOS,1
821-9756-7-85M,OVAL MEDIANO BEIGE,MTS,False,0,0,0,0,LA VIGA EXTRUSIONES,ALUMINIO LINEA NACIONAL,BAÑOS,BAÑOS,1
821-9756-7-85,OVAL MEDIANO BEIGE DE 6.10 MTS,PZA,False,0,0,0,0,LA VIGA EXTRUSIONES,ALUMINIO LINEA NACIONAL,BAÑOS,BAÑOS,1
123-9756-7-80,OVAL MEDIANO BLANCO DE 6.10 MTS,PZA,True,-9.5,-4,0,0,LA VIGA EXTRUSIONES,ALUMINIO LINEA NACIONAL,BAÑOS,BAÑOS,2
124-9756-7-88,OVAL MEDIANO MADERA DE 6.10 MTS,PZA,True,0,0,43.5,0,LA VIGA EXTRUSIONES,ALUMINIO LINEA NACIONAL,BAÑOS,BAÑOS,3
121-9756-7-11,OVAL MEDIANO NATURAL DE 6.10 MTS,PZA,True,1.5,24,0,0,LA VIGA EXTRUSIONES,ALUMINIO LINEA NACIONAL,BAÑOS,BAÑOS,2
123-9523-7-80,RIEL SUP ECONOMICO BLANCO DE 6.10 MTS,PZA,True,20,0,0,0,LA VIGA EXTRUSIONES,ALUMINIO LINEA NACIONAL,BAÑOS,BAÑOS,2
124-9523-7-88,RIEL SUP ECONOMICO MADERA DE 6.10 MTS,PZA,True,0,0,21.5,0,LA VIGA EXTRUSIONES,ALUMINIO LINEA NACIONAL,BAÑOS,BAÑOS,3
121-9523-7-11,RIEL SUP ECONOMICO NATURAL DE 6.10 MTS,PZA,True,10.5,6,0,0,LA VIGA EXTRUSIONES,ALUMINIO LINEA NACIONAL,BAÑOS,BAÑOS,2
821-11174-7-85M,RIEL SUP REFORZADO BEIGE,MTS,False,0,0,0,0,LA VIGA EXTRUSIONES,ALUMINIO LINEA NACIONAL,BAÑOS,BAÑOS,1
821-11174-7-85,RIEL SUP REFORZADO BEIGE DE 6.10 MTS,PZA,False,0,0,0,0,LA VIGA EXTRUSIONES,ALUMINIO LINEA NACIONAL,BAÑOS,BAÑOS,1
123-11174-7-80,RIEL SUP REFORZADO BLANCO DE 6.10 MTS,PZA,True,21.5,-12,0,0,LA VIGA EXTRUSIONES,ALUMINIO LINEA NACIONAL,BAÑOS,BAÑOS,2
121-11174-7-11,RIEL SUP REFORZADO NATURAL DE 6.10 MTS,PZA,True,3,18,0,0,LA VIGA EXTRUSIONES,ALUMINIO LINEA NACIONAL,BAÑOS,BAÑOS,2
121-11174-7-10,RIEL SUP REFORZADO NATURAL PULIDO DE 6.10 MTS,PZA,False,0,0,0,0,LA VIGA EXTRUSIONES,ALUMINIO LINEA NACIONAL,BAÑOS,BAÑOS,3
124-11174-7-88,RIEL SUPER REFORZADO MADERA DE 6.10 MTS,PZA,True,0,0,30,0,LA VIGA EXTRUSIONES,ALUMINIO LINEA NACIONAL,BAÑOS,BAÑOS,3
121-9523-7-10,RIEL SUPERIOR ECONOMICO NATURAL PULIDO 6.10 MTS,PZA,True,0,0,10,0,LA VIGA EXTRUSIONES,ALUMINIO LINEA NACIONAL,BAÑOS,BAÑOS,3
164-7794-7-80M,CABEZAL P/CELOSIA DE LUJO BLANCO,MTS,False,60,0,0,0,LA VIGA EXTRUSIONES,ALUMINIO LINEA NACIONAL,CELOSIAS,CELOSIAS,1
164-7794-7-80,CABEZAL P/CELOSIA DE LUJO BLANCO DE 6.10 MTS,PZA,True,0,12,0,0,LA VIGA EXTRUSIONES,ALUMINIO LINEA NACIONAL,CELOSIAS,CELOSIAS,2
164-7794-7-4,CABEZAL P/CELOSIA DE LUJO CHAMP PULIDO 6.10 MTS,PZA,False,0,0,0,0,LA VIGA EXTRUSIONES,ALUMINIO LINEA NACIONAL,CELOSIAS,CELOSIAS,1
162-7794-7-11M,CABEZAL P/CELOSIA DE LUJO NATURAL,MTS,False,60,0,0,0,LA VIGA EXTRUSIONES,ALUMINIO LINEA NACIONAL,CELOSIAS,CELOSIAS,1
162-7794-7-11,CABEZAL P/CELOSIA DE LUJO NATURAL DE 6.10 MTS,PZA,True,0,36,0,0,LA VIGA EXTRUSIONES,ALUMINIO LINEA NACIONAL,CELOSIAS,CELOSIAS,2
164-6053-7-80,CELOSIA LOUVER BLANCO DE 6.10 MTS,PZA,True,-12,80,-2,0,LA VIGA EXTRUSIONES,ALUMINIO LINEA NACIONAL,CELOSIAS,CELOSIAS,2
166-6053-7-88,CELOSIA LOUVER MADERA DE 6.10 MTS,PZA,True,19,0,41,0,LA VIGA EXTRUSIONES,ALUMINIO LINEA NACIONAL,CELOSIAS,CELOSIAS,3
162-6053-7-11,CELOSIA LOUVER NATURAL DE 6.10 MTS,PZA,True,-1,54,0,0,LA VIGA EXTRUSIONES,ALUMINIO LINEA NACIONAL,CELOSIAS,CELOSIAS,2
162-6053-7-10,CELOSIA LOUVER NATURAL PULIDO DE 6.10 MTS,PZA,True,0,0,28,0,LA VIGA EXTRUSIONES,ALUMINIO LINEA NACIONAL,CELOSIAS,CELOSIAS,3
164-7795-7-80M,REPIZON P/CELOSIA DE LUJO BLANCO,MTS,False,60,0,0,0,LA VIGA EXTRUSIONES,ALUMINIO LINEA NACIONAL,CELOSIAS,CELOSIAS,1
164-7795-7-80,REPIZON P/CELOSIA DE LUJO BLANCO DE 6.10 MTS,PZA,False,0,0,0,0,LA VIGA EXTRUSIONES,ALUMINIO LINEA NACIONAL,CELOSIAS,CELOSIAS,2
164-7795-7-4,REPIZON P/CELOSIA DE LUJO CHAMP PULIDO DE 6.10 MTS,PZA,False,0,0,0,0,LA VIGA EXTRUSIONES,ALUMINIO LINEA NACIONAL,CELOSIAS,CELOSIAS,1
162-7795-7-11M,REPIZON P/CELOSIA DE LUJO NATURAL,MTS,False,60,0,0,0,LA VIGA EXTRUSIONES,ALUMINIO LINEA NACIONAL,CELOSIAS,CELOSIAS,1
162-7795-7-11,REPIZON P/CELOSIA DE LUJO NATURAL DE 6.10 MTS,PZA,True,0,8,0,0,LA VIGA EXTRUSIONES,ALUMINIO LINEA NACIONAL,CELOSIAS,CELOSIAS,2
181-11041-7-18,CERCO/TRASLAPE DE 1 1/2 CAFE 6.10,PZA,False,0,0,0,0,LA VIGA EXTRUSIONES,ALUMINIO LINEA NACIONAL,CORREDIZAS,"CORREDIZA 1 1/2""",1
180-11041-7-11M,CERCO/TRASLAPE DE 1 1/2 NATURAL,MTS,False,0,0,0,0,LA VIGA EXTRUSIONES,ALUMINIO LINEA NACIONAL,CORREDIZAS,"CORREDIZA 1 1/2""",1
180-11037-7-11M,CHAMBRANA DE 1 1/2 NATURAL,MTS,False,0,0,0,0,LA VIGA EXTRUSIONES,ALUMINIO LINEA NACIONAL,CORREDIZAS,"CORREDIZA 1 1/2""",1
180-11068-7-11M,RIEL INFERIOR DE 1 1/2 NATURAL,MTS,False,0,0,0,0,LA VIGA EXTRUSIONES,ALUMINIO LINEA NACIONAL,CORREDIZAS,"CORREDIZA 1 1/2""",1
101-20220-7-80,ADAPTADOR OXXO BLANCO 6.10 MTS,PZA,True,40.5,0,0,0,LA VIGA EXTRUSIONES,ALUMINIO LINEA NACIONAL,CORREDIZAS,"CORREDIZA 2""",2
102-20220-7-58,ADAPTADOR OXXO CAFE OSCURO 6.10 MTS,PZA,True,-21,24,0,0,LA VIGA EXTRUSIONES,ALUMINIO LINEA NACIONAL,CORREDIZAS,"CORREDIZA 2""",2
103-20220-7-4,ADAPTADOR OXXO CHAMPAGNE PULIDO 6.10 MTS,PZA,True,0,29,0,0,LA VIGA EXTRUSIONES,ALUMINIO LINEA NACIONAL,CORREDIZAS,"CORREDIZA 2""",2
103-20220-7-88M,ADAPTADOR OXXO MADERA,MTS,True,44.66,0,0,0,LA VIGA EXTRUSIONES,ALUMINIO LINEA NACIONAL,CORREDIZAS,"CORREDIZA 2""",1
103-20220-7-88,ADAPTADOR OXXO MADERA 6.10 MTS,PZA,True,0,0,13,0,LA VIGA EXTRUSIONES,ALUMINIO LINEA NACIONAL,CORREDIZAS,"CORREDIZA 2""",3
101-20220-7-11,ADAPTADOR OXXO NATURAL 6.10 MTS,PZA,True,11,24,0,0,LA VIGA EXTRUSIONES,ALUMINIO LINEA NACIONAL,CORREDIZAS,"CORREDIZA 2""",2
801-7821-3-85M,"CERCO PUERTA DE 2"" BEIGE",MTS,False,0,0,0,0,LA VIGA EXTRUSIONES,ALUMINIO LINEA NACIONAL,CORREDIZAS,"CORREDIZA 2""",1
801-7821-3-85,"CERCO PUERTA DE 2"" BEIGE DE 4.60 MTS",PZA,False,0,0,0,0,LA VIGA EXTRUSIONES,ALUMINIO LINEA NACIONAL,CORREDIZAS,"CORREDIZA 2""",1
105-7821-3-88,"CERCO PUERTA DE 2"" MADERA DE 4.60 MTS P/CORREDIZA",PZA,True,0,0,51,0,LA VIGA EXTRUSIONES,ALUMINIO LINEA NACIONAL,CORREDIZAS,"CORREDIZA 2""",3
105-7821-7-88,"CERCO PUERTA DE 2"" MADERA DE 6.10 MTS P/CORREDIZA",PZA,True,0,0,9,0,LA VIGA EXTRUSIONES,ALUMINIO LINEA NACIONAL,CORREDIZAS,"CORREDIZA 2""",3
991-7821-3-10,"CERCO PUERTA DE 2"" NATURAL PULIDO 4.60 MTS",PZA,True,0,0,0,0,LA VIGA EXTRUSIONES,ALUMINIO LINEA NACIONAL,CORREDIZAS,"CORREDIZA 2""",3
991-7821-7-10,"CERCO PUERTA DE 2"" NATURAL PULIDO DE 6.10 MTS",PZA,False,0,0,6,0,LA VIGA EXTRUSIONES,ALUMINIO LINEA NACIONAL,CORREDIZAS,"CORREDIZA 2""",3
103-7821-3-80,CERCO PUERTA DE 2' BLANCO DE 4.60 MTS,PZA,True,29.5,120,0,0,LA VIGA EXTRUSIONES,ALUMINIO LINEA NACIONAL,CORREDIZAS,"CORREDIZA 2""",2
103-8320-7-80,"CERCO VENTANA DE 2"" BLANCO DE 6.10 MTS",PZA,False,0,0,0,0,LA VIGA EXTRUSIONES,ALUMINIO LINEA NACIONAL,CORREDIZAS,"CORREDIZA 2""",1
103-8320-7-1,"CERCO VENTANA DE 2"" NATURAL 6.10 MTS",PZA,False,0,0,0,0,LA VIGA EXTRUSIONES,ALUMINIO LINEA NACIONAL,CORREDIZAS,"CORREDIZA 2""",2
991-7518-7-10,"CHAMBRANA DE 2"" NATURAL PULIDO 6.10 MTS",PZA,False,0,0,0,0,LA VIGA EXTRUSIONES,ALUMINIO LINEA NACIONAL,CORREDIZAS,"CORREDIZA 2""",3
105-7518-7-88,CHAMBRANA DE 2' MADERA DE 6.10 MTS P/CORREDIZA,PZA,True,0,0,49.5,0,LA VIGA EXTRUSIONES,ALUMINIO LINEA NACIONAL,CORREDIZAS,"CORREDIZA 2""",3
991-7818-7-10,"RIEL AUXILIAR DE 2"" NATURAL PULIDO 6.10 MTS",PZA,True,0,0,8.5,0,LA VIGA EXTRUSIONES,ALUMINIO LINEA NACIONAL,CORREDIZAS,"CORREDIZA 2""",3
105-7818-7-88,RIEL AUXILIAR DE 2' MADERA DE 6.10 MTS P/CORREDIZA,PZA,True,0,0,-0.5,0,LA VIGA EXTRUSIONES,ALUMINIO LINEA NACIONAL,CORREDIZAS,"CORREDIZA 2""",3
801-9953-7-85M,"RIEL INFERIOR DE 2"" BEIGE",MTS,False,0,0,0,0,LA VIGA EXTRUSIONES,ALUMINIO LINEA NACIONAL,CORREDIZAS,"CORREDIZA 2""",1
801-9953-7-85,"RIEL INFERIOR DE 2"" BEIGE DE 6.10 MTS",PZA,False,0,0,0,0,LA VIGA EXTRUSIONES,ALUMINIO LINEA NACIONAL,CORREDIZAS,"CORREDIZA 2""",1
991-9953-7-10,"RIEL INFERIOR DE 2"" NATURAL PULIDO 6.10 MTS",PZA,True,0.5,0,2,0,LA VIGA EXTRUSIONES,ALUMINIO LINEA NACIONAL,CORREDIZAS,"CORREDIZA 2""",3
105-9953-7-88,RIEL INFERIOR DE 2' MADERA DE 6.10 MTS P/CORREDIZA,PZA,True,0,0,20.5,0,LA VIGA EXTRUSIONES,ALUMINIO LINEA NACIONAL,CORREDIZAS,"CORREDIZA 2""",3
801-9955-7-85,"TRASLAPE PUERTA DE 2"" BEIGE DE 6.10 MTS",PZA,False,0,0,0,0,LA VIGA EXTRUSIONES,ALUMINIO LINEA NACIONAL,CORREDIZAS,"CORREDIZA 2""",1
105-9955-7-88,"TRASLAPE PUERTA DE 2"" MADERA DE 6.10 MTS",PZA,True,0,0,38,0,LA VIGA EXTRUSIONES,ALUMINIO LINEA NACIONAL,CORREDIZAS,"CORREDIZA 2""",3
991-9955-3-10,"TRASLAPE PUERTA DE 2"" NATURAL PULIDO 4.60 MTS",PZA,True,0,0,21,0,LA VIGA EXTRUSIONES,ALUMINIO LINEA NACIONAL,CORREDIZAS,"CORREDIZA 2""",3
991-9955-7-10,"TRASLAPE PUERTA DE 2"" NATURAL PULIDO 6.10 MTS",PZA,True,0,0,34,0,LA VIGA EXTRUSIONES,ALUMINIO LINEA NACIONAL,CORREDIZAS,"CORREDIZA 2""",3
105-9955-3-88,TRASLAPE PUERTA DE 2' MADERA DE 4.60 MTS P/CORREDIZA,PZA,False,0,0,-1,0,LA VIGA EXTRUSIONES,ALUMINIO LINEA NACIONAL,CORREDIZAS,"CORREDIZA 2""",3
103-9954-7-80,"TRASLAPE VENTANA DE 2"" BLANCO 6.10 MTS",PZA,True,11,0,0,0,LA VIGA EXTRUSIONES,ALUMINIO LINEA NACIONAL,CORREDIZAS,"CORREDIZA 2""",2
102-9954-7-18,"TRASLAPE VENTANA DE 2"" CAFE 6.10 MTS",PZA,True,11,0,0,0,LA VIGA EXTRUSIONES,ALUMINIO LINEA NACIONAL,CORREDIZAS,"CORREDIZA 2""",2
103-9954-7-4,"TRASLAPE VENTANA DE 2"" CHAMPAGNE BTE 6.10 MTS",PZA,True,9.5,60,0,0,LA VIGA EXTRUSIONES,ALUMINIO LINEA NACIONAL,CORREDIZAS,"CORREDIZA 2""",2
801-11044-7-85M,"ZOCLO CHICO DE 2"" BEIGE",MTS,False,0,0,0,0,LA VIGA EXTRUSIONES,ALUMINIO LINEA NACIONAL,CORREDIZAS,"CORREDIZA 2""",1
801-11044-7-85,"ZOCLO CHICO DE 2"" BEIGE DE 6.10 MTS",PZA,False,0,0,0,0,LA VIGA EXTRUSIONES,ALUMINIO LINEA NACIONAL,CORREDIZAS,"CORREDIZA 2""",1
103-5278-7-80,"ZOCLO CHICO DE 2"" LIGHT BLANCO DE 6.10 MTS",PZA,False,0,0,0,0,LA VIGA EXTRUSIONES,ALUMINIO LINEA NACIONAL,CORREDIZAS,"CORREDIZA 2""",1
103-5278-7-11,"ZOCLO CHICO DE 2"" LIGHT NATURAL DE 6.10 MTS",PZA,False,0,0,0,0,LA VIGA EXTRUSIONES,ALUMINIO LINEA NACIONAL,CORREDIZAS,"CORREDIZA 2""",1
991-11044-7-10,"ZOCLO CHICO DE 2"" NATURAL PULIDO DE 6.10 MTS",PZA,True,0,0,-1,0,LA VIGA EXTRUSIONES,ALUMINIO LINEA NACIONAL,CORREDIZAS,"CORREDIZA 2""",3
105-11044-7-88,ZOCLO CHICO DE 2' MADERA DE 6.10 MTS P/CORREDIZA,PZA,True,1,0,21,0,LA VIGA EXTRUSIONES,ALUMINIO LINEA NACIONAL,CORREDIZAS,"CORREDIZA 2""",3
991-7825-7-10,"ZOCLO GRANDE DE 2"" NATURAL PULIDO 6.10 MTS",PZA,True,0.5,0,12,0,LA VIGA EXTRUSIONES,ALUMINIO LINEA NACIONAL,CORREDIZAS,"CORREDIZA 2""",3
105-7825-7-88,ZOCLO GRANDE DE 2' MADERA DE 6.10 MTS P/CORREDIZA,PZA,True,0,0,13,0,LA VIGA EXTRUSIONES,ALUMINIO LINEA NACIONAL,CORREDIZAS,"CORREDIZA 2""",3
113-7836-7-85,"CABEZAL 3"" BEIGE 6.10 MTS",PZA,True,8,0,0,0,LA VIGA EXTRUSIONES,ALUMINIO LINEA NACIONAL,CORREDIZAS,"CORREDIZA 3""",2
111-7836-7-10,"CABEZAL DE 3"" NATURAL PULIDO 6.10 MTS",PZA,True,0,0,25,0,LA VIGA EXTRUSIONES,ALUMINIO LINEA NACIONAL,CORREDIZAS,"CORREDIZA 3""",3
112-7836-7-58,CABEZAL DE 3' CAFE OSCURO DE 6.10 MTS P/CORREDIZA,PZA,True,11.5,15,0,0,LA VIGA EXTRUSIONES,ALUMINIO LINEA NACIONAL,CORREDIZAS,"CORREDIZA 3""",2
115-7836-7-88,CABEZAL DE 3' MADERA DE 6.10 MTS P/CORREDIZA,PZA,True,0.5,0,26,0,LA VIGA EXTRUSIONES,ALUMINIO LINEA NACIONAL,CORREDIZAS,"CORREDIZA 3""",3
113-7850-7-80,CERCO OXXO DE 3' BLANCO DE 6.10 MTS P/CORREDIZA,PZA,True,11,0,0,0,LA VIGA EXTRUSIONES,ALUMINIO LINEA NACIONAL,CORREDIZAS,"CORREDIZA 3""",2
112-7850-3-18,CERCO OXXO DE 3' CAFE DE 4.60 MTS P/CORREDIZA,PZA,False,0,0,0,0,LA VIGA EXTRUSIONES,ALUMINIO LINEA NACIONAL,CORREDIZAS,"CORREDIZA 3""",1
112-7850-3-18M,CERCO OXXO DE 3' CAFE P/CORREDIZA,MTS,False,0,0,0,0,LA VIGA EXTRUSIONES,ALUMINIO LINEA NACIONAL,CORREDIZAS,"CORREDIZA 3""",1
115-7850-3-88,CERCO OXXO DE 3' MADERA DE 4.60 MTS P/CORREDIZA,PZA,False,0,0,0,0,LA VIGA EXTRUSIONES,ALUMINIO LINEA NACIONAL,CORREDIZAS,"CORREDIZA 3""",1
115-7850-3-88M,CERCO OXXO DE 3' MADERA P/CORREDIZA,MTS,False,0,0,0,0,LA VIGA EXTRUSIONES,ALUMINIO LINEA NACIONAL,CORREDIZAS,"CORREDIZA 3""",1
111-7850-3-11,CERCO OXXO DE 3' NATURAL DE 4.60 MTS P/CORREDIZA,PZA,True,4,0,0,0,LA VIGA EXTRUSIONES,ALUMINIO LINEA NACIONAL,CORREDIZAS,"CORREDIZA 3""",2
111-7850-3-11M,CERCO OXXO DE 3' NATURAL P/CORREDIZA,MTS,False,0,0,0,0,LA VIGA EXTRUSIONES,ALUMINIO LINEA NACIONAL,CORREDIZAS,"CORREDIZA 3""",1
115-7847-7-88,"CERCO PUERTA DE 3"" MADERA DE 6.10 MTS.",PZA,True,0,0,1,0,LA VIGA EXTRUSIONES,ALUMINIO LINEA NACIONAL,CORREDIZAS,"CORREDIZA 3""",3
111-7847-3-10,"CERCO PUERTA DE 3"" NATURAL PULIDO 4.60 MTS",PZA,False,0,0,1,0,LA VIGA EXTRUSIONES,ALUMINIO LINEA NACIONAL,CORREDIZAS,"CORREDIZA 3""",3
111-7847-7-10,"CERCO PUERTA DE 3"" NATURAL PULIDO DE 6.10 MTS",PZA,True,0,0,1,0,LA VIGA EXTRUSIONES,ALUMINIO LINEA NACIONAL,CORREDIZAS,"CORREDIZA 3""",3
115-7847-3-88,CERCO PUERTA DE 3' MADERA DE 4.60 MTS,PZA,True,0,0,-5,0,LA VIGA EXTRUSIONES,ALUMINIO LINEA NACIONAL,CORREDIZAS,"CORREDIZA 3""",3
114-7843-7-10,"CERCO VENTANA DE 3"" NATURAL PULIDO DE 6.10 MTS",PZA,True,0,0,1,0,LA VIGA EXTRUSIONES,ALUMINIO LINEA NACIONAL,CORREDIZAS,"CORREDIZA 3""",3
113-7843-7-80,CERCO VENTANA DE 3' BLANCO DE 6.10 MTS P/CORREDIZA,PZA,False,0,0,0,0,LA VIGA EXTRUSIONES,ALUMINIO LINEA NACIONAL,CORREDIZAS,"CORREDIZA 3""",1
112-7843-7-18,CERCO VENTANA DE 3' CAFE DE 6.10 MTS P/CORREDIZA,PZA,False,0,0,0,0,LA VIGA EXTRUSIONES,ALUMINIO LINEA NACIONAL,CORREDIZAS,"CORREDIZA 3""",1
112-7843-7-18M,CERCO VENTANA DE 3' CAFE P/CORREDIZA,MTS,False,0,0,0,0,LA VIGA EXTRUSIONES,ALUMINIO LINEA NACIONAL,CORREDIZAS,"CORREDIZA 3""",1
114-7843-7-4,CERCO VENTANA DE 3' CHAMP PULIDO DE 6.10 MTS P/CORR,PZA,False,0,0,0,0,LA VIGA EXTRUSIONES,ALUMINIO LINEA NACIONAL,CORREDIZAS,"CORREDIZA 3""",1
115-7843-7-88,CERCO VENTANA DE 3' MADERA DE 6.10 MTS P/CORREDIZA,PZA,False,0,0,0,0,LA VIGA EXTRUSIONES,ALUMINIO LINEA NACIONAL,CORREDIZAS,"CORREDIZA 3""",1
115-7843-7-88M,CERCO VENTANA DE 3' MADERA P/CORREDIZA,MTS,False,0,0,0,0,LA VIGA EXTRUSIONES,ALUMINIO LINEA NACIONAL,CORREDIZAS,"CORREDIZA 3""",1
111-7843-7-11,CERCO VENTANA DE 3' NATURAL DE 6.10 MTS P/CORREDIZA,PZA,True,13,0,0,0,LA VIGA EXTRUSIONES,ALUMINIO LINEA NACIONAL,CORREDIZAS,"CORREDIZA 3""",2
111-7843-7-11M,CERCO VENTANA DE 3' NATURAL P/CORREDIZA,MTS,False,0,0,0,0,LA VIGA EXTRUSIONES,ALUMINIO LINEA NACIONAL,CORREDIZAS,"CORREDIZA 3""",1
112-7862-7-18,CHAMBRANA C/MOSQ DE 3' CAFE DE 6.10 MTS P/CORREDIZA,PZA,False,0,0,0,0,LA VIGA EXTRUSIONES,ALUMINIO LINEA NACIONAL,CORREDIZAS,"CORREDIZA 3""",1
811-7826-7-85M,"CHAMBRANA DE 3"" BEIGE",MTS,False,0,0,0,0,LA VIGA EXTRUSIONES,ALUMINIO LINEA NACIONAL,CORREDIZAS,"CORREDIZA 3""",1
811-7826-7-85,"CHAMBRANA DE 3"" BEIGE DE 6.10 MTS",PZA,True,1,0,0,0,LA VIGA EXTRUSIONES,ALUMINIO LINEA NACIONAL,CORREDIZAS,"CORREDIZA 3""",2
112-7826-7-58,"CHAMBRANA DE 3"" CAFE OSCURO DE 6.10 MTS P/CORREDIZA",PZA,False,-36,16,0,0,LA VIGA EXTRUSIONES,ALUMINIO LINEA NACIONAL,CORREDIZAS,"CORREDIZA 3""",2
111-7826-7-10,"CHAMBRANA DE 3"" NATURAL PULIDO 6.10 MTS",PZA,False,0,0,0,0,LA VIGA EXTRUSIONES,ALUMINIO LINEA NACIONAL,CORREDIZAS,"CORREDIZA 3""",3
115-7826-7-88,CHAMBRANA DE 3' MADERA DE 6.10 MTS P/CORREDIZA,PZA,True,0,0,54,0,LA VIGA EXTRUSIONES,ALUMINIO LINEA NACIONAL,CORREDIZAS,"CORREDIZA 3""",3
115-9081-7-88,"INTERMEDIO CORTO DE 3"" MADERA DE 6.10 MTS P/CORREDIZA",PZA,True,0,0,0,0,LA VIGA EXTRUSIONES,ALUMINIO LINEA NACIONAL,CORREDIZAS,"CORREDIZA 3""",3
113-9081-7-80,INTERMEDIO CORTO DE 3' BLANCO DE 6.10 MTS P/CORREDIZA,PZA,False,0,0,0,0,LA VIGA EXTRUSIONES,ALUMINIO LINEA NACIONAL,CORREDIZAS,"CORREDIZA 3""",1
113-9081-7-80M,INTERMEDIO CORTO DE 3' BLANCO P/CORREDIZA,MTS,False,0,0,0,0,LA VIGA EXTRUSIONES,ALUMINIO LINEA NACIONAL,CORREDIZAS,"CORREDIZA 3""",1
811-9082-7-85,"INTERMEDIO DE 3"" BEIGE 6.10 MTS",PZA,True,3,0,0,0,LA VIGA EXTRUSIONES,ALUMINIO LINEA NACIONAL,CORREDIZAS,"CORREDIZA 3""",2
115-9082-7-88,"INTERMEDIO DE 3"" MADERA DE 6.10 MTS P/CORREDIZA",PZA,True,0,0,2.5,0,LA VIGA EXTRUSIONES,ALUMINIO LINEA NACIONAL,CORREDIZAS,"CORREDIZA 3""",3
111-9082-7-10,"INTERMEDIO DE 3"" NATURAL PULIDO 6.10 MTS",PZA,False,0,0,0,0,LA VIGA EXTRUSIONES,ALUMINIO LINEA NACIONAL,CORREDIZAS,"CORREDIZA 3""",3
112-9272-7-18,"RIEL C/MOSQUITERO 3"" CAFE DE 6.10 MTS",PZA,False,0,0,0,0,LA VIGA EXTRUSIONES,ALUMINIO LINEA NACIONAL,CORREDIZAS,"CORREDIZA 3""",2
811-9957-7-85M,"RIEL INFERIOR DE 3"" BEIGE",MTS,False,0,0,0,0,LA VIGA EXTRUSIONES,ALUMINIO LINEA NACIONAL,CORREDIZAS,"CORREDIZA 3""",1
811-9957-7-85,"RIEL INFERIOR DE 3"" BEIGE DE 6.10 MTS",PZA,True,4,0,0,0,LA VIGA EXTRUSIONES,ALUMINIO LINEA NACIONAL,CORREDIZAS,"CORREDIZA 3""",2
111-9957-7-10,"RIEL INFERIOR DE 3"" NATURAL PULIDO 6.10 MTS",PZA,True,0.5,0,15,0,LA VIGA EXTRUSIONES,ALUMINIO LINEA NACIONAL,CORREDIZAS,"CORREDIZA 3""",3
115-9957-7-88,RIEL INFERIOR DE 3' MADERA DE 6.10 MTS P/CORREDIZA,PZA,True,0,0,18,0,LA VIGA EXTRUSIONES,ALUMINIO LINEA NACIONAL,CORREDIZAS,"CORREDIZA 3""",3
113-10237-7-80,"TAPA CHAMBRANA DE 3"" BLANCO DE 6.10 MTS",PZA,False,0,0,0,0,LA VIGA EXTRUSIONES,ALUMINIO LINEA NACIONAL,CORREDIZAS,"CORREDIZA 3""",2
115-7848-7-88,"TRASLAPE PUERTA DE 3"" MADERA DE 6.10 MTS",PZA,True,0,0,26.5,0,LA VIGA EXTRUSIONES,ALUMINIO LINEA NACIONAL,CORREDIZAS,"CORREDIZA 3""",3
111-7848-3-10,"TRASLAPE PUERTA DE 3"" NATURAL PULIDO 4.60 MTS",PZA,True,0,0,90,0,LA VIGA EXTRUSIONES,ALUMINIO LINEA NACIONAL,CORREDIZAS,"CORREDIZA 3""",3
11-7848-7-10,"TRASLAPE PUERTA DE 3"" NATURAL PULIDO DE 6.10 MTS",PZA,True,0,0,17,0,LA VIGA EXTRUSIONES,ALUMINIO LINEA NACIONAL,CORREDIZAS,"CORREDIZA 3""",3
115-7848-3-88,TRASLAPE PUERTA DE 3' MADERA DE 4.60 MTS P/CORREDI,PZA,True,0,0,45,0,LA VIGA EXTRUSIONES,ALUMINIO LINEA NACIONAL,CORREDIZAS,"CORREDIZA 3""",3
113-7844-7-80,TRASLAPE VENTANA DE 3' BLANCO DE 6.10 MTS P/CORREDIZA,PZA,False,1,0,0,0,LA VIGA EXTRUSIONES,ALUMINIO LINEA NACIONAL,CORREDIZAS,"CORREDIZA 3""",2
113-7844-7-80M,TRASLAPE VENTANA DE 3' BLANCO P/CORREDIZA,MTS,False,0,0,0,0,LA VIGA EXTRUSIONES,ALUMINIO LINEA NACIONAL,CORREDIZAS,"CORREDIZA 3""",1
114-7844-7-4,TRASLAPE VENTANA DE 3' CHAMP PULIDO DE 6.10 MTS P/CORR,PZA,False,0,0,0,0,LA VIGA EXTRUSIONES,ALUMINIO LINEA NACIONAL,CORREDIZAS,"CORREDIZA 3""",1
115-7844-7-88,TRASLAPE VENTANA DE 3' MADERA DE 6.10 MTS P/CORREDIZA,PZA,False,0,0,0,0,LA VIGA EXTRUSIONES,ALUMINIO LINEA NACIONAL,CORREDIZAS,"CORREDIZA 3""",1
115-7844-7-88M,TRASLAPE VENTANA DE 3' MADERA P/CORREDIZA,MTS,False,0,0,0,0,LA VIGA EXTRUSIONES,ALUMINIO LINEA NACIONAL,CORREDIZAS,"CORREDIZA 3""",1
111-7844-7-11,TRASLAPE VENTANA DE 3' NATURAL DE 6.10 MTS P/CORREDIZA,PZA,True,16,0,0,0,LA VIGA EXTRUSIONES,ALUMINIO LINEA NACIONAL,CORREDIZAS,"CORREDIZA 3""",2
111-7844-7-11M,TRASLAPE VENTANA DE 3' NATURAL P/CORREDIZA,MTS,False,0,0,0,0,LA VIGA EXTRUSIONES,ALUMINIO LINEA NACIONAL,CORREDIZAS,"CORREDIZA 3""",1
811-7842-7-85,"ZOCLO PUERTA DE 3"" BEIGE DE 6.10 MTS",PZA,False,0,0,0,0,LA VIGA EXTRUSIONES,ALUMINIO LINEA NACIONAL,CORREDIZAS,"CORREDIZA 3""",1
991-7842-7-10,"ZOCLO PUERTA DE 3"" NATURAL PULIDO 6.10 MTS",PZA,True,0,0,-1,0,LA VIGA EXTRUSIONES,ALUMINIO LINEA NACIONAL,CORREDIZAS,"CORREDIZA 3""",3
115-7842-7-88,ZOCLO PUERTA DE 3' MADERA DE 6.10 MTS P/CORREDIZA,PZA,False,0,0,-6,0,LA VIGA EXTRUSIONES,ALUMINIO LINEA NACIONAL,CORREDIZAS,"CORREDIZA 3""",3
111-7835-7-16,"ZOCLO VENTANA DE 3"" INOX DE 6.10 MTS",PZA,False,0,0,0,0,LA VIGA EXTRUSIONES,ALUMINIO LINEA NACIONAL,CORREDIZAS,"CORREDIZA 3""",1
991-7835-7-10,"ZOCLO VENTANA DE 3"" NATURAL PULIDO 6.10 MTS",PZA,True,0,0,4,0,LA VIGA EXTRUSIONES,ALUMINIO LINEA NACIONAL,CORREDIZAS,"CORREDIZA 3""",3
115-7835-7-88,ZOCLO VENTANA DE 3' MADERA DE 6.10 MTS P/CORREDIZA,PZA,True,0,0,23.5,0,LA VIGA EXTRUSIONES,ALUMINIO LINEA NACIONAL,CORREDIZAS,"CORREDIZA 3""",3
803-8408-7-25,JAMBA P/CORREDIZA SERIE 70 CUPRUM CHAMPAGNE 6.10 MTS,PZA,False,0,0,0,0,LA VIGA EXTRUSIONES,ALUMINIO LINEA NACIONAL,CUPRUM,SERIE 70 EUROVENT,1
174-46617-7-80,DUELA DOBLE VISTA LISA BLANCO 6.10 MTS,PZA,True,-1,47,0,0,LA VIGA EXTRUSIONES,ALUMINIO LINEA NACIONAL,DUELAS,DUELA LISA,2
174-46617-7-58,DUELA DOBLE VISTA LISA CAFE OSCURO 6.10 MTS,PZA,True,87,-50,0,0,LA VIGA EXTRUSIONES,ALUMINIO LINEA NACIONAL,DUELAS,DUELA LISA,2
174-46617-7-4,DUELA DOBLE VISTA LISA CHAMPAGNE 6.10 MTS,PZA,True,7.5,24,0,0,LA VIGA EXTRUSIONES,ALUMINIO LINEA NACIONAL,DUELAS,DUELA LISA,2
174-46617-7-88,DUELA DOBLE VISTA LISA MADERA 6.10 MTS,PZA,True,0,0,130.5,0,LA VIGA EXTRUSIONES,ALUMINIO LINEA NACIONAL,DUELAS,DUELA LISA,3
991-6617-7-10,DUELA LISA NATURAL PULIDO 6.10 MTS,PZA,False,0,0,0,0,LA VIGA EXTRUSIONES,ALUMINIO LINEA NACIONAL,DUELAS,DUELA LISA,3
861-11128-7-85M,DUELA ONDULADA BEIGE,MTS,False,0,0,0,0,LA VIGA EXTRUSIONES,ALUMINIO LINEA NACIONAL,DUELAS,DUELA ONDULADA,1
861-11128-7-85,DUELA ONDULADA BEIGE 6.10 MTS,PZA,True,1,0,0,0,LA VIGA EXTRUSIONES,ALUMINIO LINEA NACIONAL,DUELAS,DUELA ONDULADA,3
172-11128-7-80,DUELA ONDULADA BLANCA 6.10 MTS,PZA,True,-20.5,72,0,0,LA VIGA EXTRUSIONES,ALUMINIO LINEA NACIONAL,DUELAS,DUELA ONDULADA,2
174-11128-7-88,DUELA ONDULADA MADERA 6.10 MTS,PZA,True,0,0,26,0,LA VIGA EXTRUSIONES,ALUMINIO LINEA NACIONAL,DUELAS,DUELA ONDULADA,3
170-11128-7-11,DUELA ONDULADA NATURAL 6.10 MTS,PZA,True,12.5,40,0,0,LA VIGA EXTRUSIONES,ALUMINIO LINEA NACIONAL,DUELAS,DUELA ONDULADA,2
173-11128-7-10,DUELA ONDULADA NATURAL PULIDO DE 6.10 MTS,PZA,False,0,0,0,0,LA VIGA EXTRUSIONES,ALUMINIO LINEA NACIONAL,DUELAS,DUELA ONDULADA,1
116-9114-7-10,"BOLSA LISA DE 3"" NATURAL PULIDO DE 6.10 MTS",PZA,False,0,0,0,0,LA VIGA EXTRUSIONES,ALUMINIO LINEA NACIONAL,FIJOS,"CORREDIZA 1 1/2""",3
108-8591-7-80,BOLSA LISA DE 2' BLANCO DE 6.10 MTS FIJO,PZA,True,0,16,0,0,LA VIGA EXTRUSIONES,ALUMINIO LINEA NACIONAL,FIJOS,"FIJA 2""",2
108-8591-7-80M,BOLSA LISA DE 2' BLANCO FIJO,MTS,False,60,0,0,0,LA VIGA EXTRUSIONES,ALUMINIO LINEA NACIONAL,FIJOS,"FIJA 2""",1
109-8591-7-4,BOLSA LISA DE 2' CHAMP PULIDO DE 6.10 MTS FIJO,PZA,False,0,0,0,0,LA VIGA EXTRUSIONES,ALUMINIO LINEA NACIONAL,FIJOS,"FIJA 2""",2
109-8591-7-4M,BOLSA LISA DE 2' CHAMP PULIDO FIJO,MTS,False,60,0,0,0,LA VIGA EXTRUSIONES,ALUMINIO LINEA NACIONAL,FIJOS,"FIJA 2""",1
110-8591-7-88,BOLSA LISA DE 2' MADERA DE 6.10 MTS FIJO,PZA,True,0,0,8,0,LA VIGA EXTRUSIONES,ALUMINIO LINEA NACIONAL,FIJOS,"FIJA 2""",3
110-8591-7-88M,BOLSA LISA DE 2' MADERA FIJO,MTS,False,60,0,0,0,LA VIGA EXTRUSIONES,ALUMINIO LINEA NACIONAL,FIJOS,"FIJA 2""",1
106-8591-7-11,BOLSA LISA DE 2' NATURAL DE 6.10 MTS FIJO,PZA,False,0,0,0,0,LA VIGA EXTRUSIONES,ALUMINIO LINEA NACIONAL,FIJOS,"FIJA 2""",1
106-8591-7-11M,BOLSA LISA DE 2' NATURAL FIJO,MTS,False,0,0,0,0,LA VIGA EXTRUSIONES,ALUMINIO LINEA NACIONAL,FIJOS,"FIJA 2""",1
108-9084-7-85,"ESCALONADO DE 2"" BEIGE 6.10 MTS",PZA,False,0,0,0,0,LA VIGA EXTRUSIONES,ALUMINIO LINEA NACIONAL,FIJOS,"FIJA 2""",1
106-9084-7-10,"ESCALONADO DE 2"" NATURAL PULIDO DE 6.10 MTS",PZA,True,0.5,0,35,0,LA VIGA EXTRUSIONES,ALUMINIO LINEA NACIONAL,FIJOS,"FIJA 2""",3
108-9084-7-80,ESCALONADO DE 2' BLANCO DE 6.10 MTS FIJO,PZA,True,17,-8,0,0,LA VIGA EXTRUSIONES,ALUMINIO LINEA NACIONAL,FIJOS,"FIJA 2""",2
110-9084-7-88,ESCALONADO DE 2' MADERA DE 6.10 MTS FIJO,PZA,True,0,0,8.5,0,LA VIGA EXTRUSIONES,ALUMINIO LINEA NACIONAL,FIJOS,"FIJA 2""",3
106-9084-7-11,ESCALONADO DE 2' NATURAL DE 6.10 MTS FIJO,PZA,True,-3,56,0,0,LA VIGA EXTRUSIONES,ALUMINIO LINEA NACIONAL,FIJOS,"FIJA 2""",2
108-9088-7-85,"JUNQUILLO DE 2"" BEIGE 6.10 MTS",PZA,False,0,0,0,0,LA VIGA EXTRUSIONES,ALUMINIO LINEA NACIONAL,FIJOS,"FIJA 2""",1
106-9088-7-10,"JUNQUILLO DE 2"" NATURAL PULIDO DE 6.10 MTS",PZA,True,0.5,0,33,0,LA VIGA EXTRUSIONES,ALUMINIO LINEA NACIONAL,FIJOS,"FIJA 2""",3
108-9088-7-80,JUNQUILLO DE 2' BLANCO DE 6.10 MTS FIJO,PZA,True,18,16,0,0,LA VIGA EXTRUSIONES,ALUMINIO LINEA NACIONAL,FIJOS,"FIJA 2""",2
107-9088-7-58,JUNQUILLO DE 2' CAFE OSCURO DE 6.10 MTS FIJO,PZA,True,-4,16,0,0,LA VIGA EXTRUSIONES,ALUMINIO LINEA NACIONAL,FIJOS,"FIJA 2""",2
109-9088-7-4,JUNQUILLO DE 2' CHAMP PULIDO DE 6.10 MTS FIJO,PZA,True,41,16,0,0,LA VIGA EXTRUSIONES,ALUMINIO LINEA NACIONAL,FIJOS,"FIJA 2""",2
110-9088-7-88,JUNQUILLO DE 2' MADERA DE 6.10 MTS FIJO,PZA,True,0,0,12.5,0,LA VIGA EXTRUSIONES,ALUMINIO LINEA NACIONAL,FIJOS,"FIJA 2""",3
106-9088-7-11,JUNQUILLO DE 2' NATURAL DE 6.10 MTS FIJO,PZA,True,2,32,0,0,LA VIGA EXTRUSIONES,ALUMINIO LINEA NACIONAL,FIJOS,"FIJA 2""",2
106-9083-7-10,"PERIMETRAL DE 2"" NATURAL PULIDO DE 6.10 MTS",PZA,True,0,0,0,0,LA VIGA EXTRUSIONES,ALUMINIO LINEA NACIONAL,FIJOS,"FIJA 2""",3
108-9083-7-80,PERIMETRAL DE 2' BLANCO DE 6.10 MTS FIJO,PZA,True,2,0,0,0,LA VIGA EXTRUSIONES,ALUMINIO LINEA NACIONAL,FIJOS,"FIJA 2""",2
110-9083-7-88,PERIMETRAL DE 2' MADERA DE 6.10 MTS FIJO,PZA,True,0,0,13.5,0,LA VIGA EXTRUSIONES,ALUMINIO LINEA NACIONAL,FIJOS,"FIJA 2""",3
106-9083-7-11,PERIMETRAL DE 2' NATURAL DE 6.10 MTS FIJO,PZA,True,1.5,24,0,0,LA VIGA EXTRUSIONES,ALUMINIO LINEA NACIONAL,FIJOS,"FIJA 2""",2
106-9085-7-10,"TAPA BOLSA DE 2"" NATURAL PULIDO DE 6.10 MTS",PZA,True,0,0,9.5,0,LA VIGA EXTRUSIONES,ALUMINIO LINEA NACIONAL,FIJOS,"FIJA 2""",3
108-9085-7-80,TAPA BOLSA DE 2' BLANCO DE 6.10 MTS FIJO,PZA,True,17.5,0,0,0,LA VIGA EXTRUSIONES,ALUMINIO LINEA NACIONAL,FIJOS,"FIJA 2""",2
109-9085-7-4,TAPA BOLSA DE 2' CHAMP PULIDO DE 6.10 MTS FIJO,PZA,True,20,8,0,0,LA VIGA EXTRUSIONES,ALUMINIO LINEA NACIONAL,FIJOS,"FIJA 2""",2
110-9085-7-88,TAPA BOLSA DE 2' MADERA DE 6.10 MTS FIJO,PZA,True,0,0,14.5,0,LA VIGA EXTRUSIONES,ALUMINIO LINEA NACIONAL,FIJOS,"FIJA 2""",3
106-9085-7-11,TAPA BOLSA DE 2' NATURAL DE 6.10 MTS FIJO,PZA,True,9.5,16,0,0,LA VIGA EXTRUSIONES,ALUMINIO LINEA NACIONAL,FIJOS,"FIJA 2""",2
108-4051-7-80,"TAPA LISA DE 2"" BLANCO DE 6.10 MTS FIJO",PZA,True,27,16,0,0,LA VIGA EXTRUSIONES,ALUMINIO LINEA NACIONAL,FIJOS,"FIJA 2""",2
106-4051-7-10,"TAPA LISA DE 2"" NATURAL PULIDO DE 6.10 MTS",PZA,False,0,0,0,0,LA VIGA EXTRUSIONES,ALUMINIO LINEA NACIONAL,FIJOS,"FIJA 2""",3
110-4051-7-88,TAPA LISA DE 2' MADERA DE 6.10 MTS FIJO,PZA,True,0,0,15.5,0,LA VIGA EXTRUSIONES,ALUMINIO LINEA NACIONAL,FIJOS,"FIJA 2""",3
106-4051-7-11,TAPA LISA DE 2' NATURAL DE 6.10 MTS FIJO,PZA,True,13,0,0,0,LA VIGA EXTRUSIONES,ALUMINIO LINEA NACIONAL,FIJOS,"FIJA 2""",2
118-9114-7-80,BOLSA LISA DE 3' BLANCO DE 6.10 MTS FIJO,PZA,True,1.5,18,0,0,LA VIGA EXTRUSIONES,ALUMINIO LINEA NACIONAL,FIJOS,"FIJA 3""",2
118-9114-7-80M,BOLSA LISA DE 3' BLANCO FIJO,MTS,False,60,0,0,0,LA VIGA EXTRUSIONES,ALUMINIO LINEA NACIONAL,FIJOS,"FIJA 3""",1
119-9114-7-4,BOLSA LISA DE 3' CHAMP PULIDO DE 6.10 MTS FIJO,PZA,True,7,12,0,0,LA VIGA EXTRUSIONES,ALUMINIO LINEA NACIONAL,FIJOS,"FIJA 3""",2
119-9114-7-4M,BOLSA LISA DE 3' CHAMP PULIDO FIJO,MTS,False,60,0,0,0,LA VIGA EXTRUSIONES,ALUMINIO LINEA NACIONAL,FIJOS,"FIJA 3""",1
120-9114-7-88,BOLSA LISA DE 3' MADERA DE 6.10 MTS FIJO,PZA,False,0,0,0,0,LA VIGA EXTRUSIONES,ALUMINIO LINEA NACIONAL,FIJOS,"FIJA 3""",3
120-9114-7-88M,BOLSA LISA DE 3' MADERA FIJO,MTS,False,60,0,0,0,LA VIGA EXTRUSIONES,ALUMINIO LINEA NACIONAL,FIJOS,"FIJA 3""",1
116-9114-7-11,BOLSA LISA DE 3' NATURAL DE 6.10 MTS FIJO,PZA,True,8.5,18,0,0,LA VIGA EXTRUSIONES,ALUMINIO LINEA NACIONAL,FIJOS,"FIJA 3""",2
116-9114-7-11M,BOLSA LISA DE 3' NATURAL FIJO,MTS,False,0,0,0,0,LA VIGA EXTRUSIONES,ALUMINIO LINEA NACIONAL,FIJOS,"FIJA 3""",1
921-9136-7-85M,"ESCALONADO DE 3"" BEIGE",MTS,False,0,0,0,0,LA VIGA EXTRUSIONES,ALUMINIO LINEA NACIONAL,FIJOS,"FIJA 3""",1
921-9136-7-85,"ESCALONADO DE 3"" BEIGE 6.10 MTS",PZA,True,7,0,0,0,LA VIGA EXTRUSIONES,ALUMINIO LINEA NACIONAL,FIJOS,"FIJA 3""",2
118-9136-7-80,"ESCALONADO DE 3"" BLANCO DE 6.10 MTS FIJO",PZA,True,11,18,0,0,LA VIGA EXTRUSIONES,ALUMINIO LINEA NACIONAL,FIJOS,"FIJA 3""",2
921-9136-7-10,"ESCALONADO DE 3"" NATURAL PULIDO 6.10 MTS",PZA,True,0,0,-1,0,LA VIGA EXTRUSIONES,ALUMINIO LINEA NACIONAL,FIJOS,"FIJA 3""",3
120-9136-7-88,ESCALONADO DE 3' MADERA DE 6.10 MTS FIJO,PZA,True,0,0,18,0,LA VIGA EXTRUSIONES,ALUMINIO LINEA NACIONAL,FIJOS,"FIJA 3""",3
116-9136-7-11,ESCALONADO DE 3' NATURAL DE 6.10 MTS FIJO,PZA,True,8,6,0,0,LA VIGA EXTRUSIONES,ALUMINIO LINEA NACIONAL,FIJOS,"FIJA 3""",2
921-9112-7-10,"JUNQUILLO DE 3"" NATURAL PULIDO 6.10 MTS",PZA,False,0,0,0,0,LA VIGA EXTRUSIONES,ALUMINIO LINEA NACIONAL,FIJOS,"FIJA 3""",3
120-9112-7-88,JUNQUILLO DE 3' MADERA DE 6.10 MTS FIJO,PZA,True,0,0,15,0,LA VIGA EXTRUSIONES,ALUMINIO LINEA NACIONAL,FIJOS,"FIJA 3""",3
116-9112-7-11,JUNQUILLO DE 3' NATURAL DE 6.10 MTS FIJO,PZA,True,4,12,0,0,LA VIGA EXTRUSIONES,ALUMINIO LINEA NACIONAL,FIJOS,"FIJA 3""",2
921-9135-7-10,"PERIMETRAL DE 3"" NATURAL PULIDO 6.10 MTS",PZA,True,0,0,19,0,LA VIGA EXTRUSIONES,ALUMINIO LINEA NACIONAL,FIJOS,"FIJA 3""",3
118-9135-7-80,PERIMETRAL DE 3' BLANCO DE 6.10 MTS FIJO,PZA,True,20,12,0,0,LA VIGA EXTRUSIONES,ALUMINIO LINEA NACIONAL,FIJOS,"FIJA 3""",2
120-9135-7-88,PERIMETRAL DE 3' MADERA DE 6.10 MTS FIJO,PZA,True,0,0,7,0,LA VIGA EXTRUSIONES,ALUMINIO LINEA NACIONAL,FIJOS,"FIJA 3""",3
116-9135-7-11,PERIMETRAL DE 3' NATURAL DE 6.10 MTS FIJO,PZA,True,6.5,24,0,0,LA VIGA EXTRUSIONES,ALUMINIO LINEA NACIONAL,FIJOS,"FIJA 3""",2
921-7315-7-10,"TAPA BOLSA DE 3"" NATURAL PULIDO 6.10 MTS",PZA,True,0,0,13,0,LA VIGA EXTRUSIONES,ALUMINIO LINEA NACIONAL,FIJOS,"FIJA 3""",3
118-7315-7-80,TAPA BOLSA DE 3' BLANCO DE 6.10 MTS FIJO,PZA,True,2,16,0,0,LA VIGA EXTRUSIONES,ALUMINIO LINEA NACIONAL,FIJOS,"FIJA 3""",2
120-7315-7-88,TAPA BOLSA DE 3' MADERA DE 6.10 MTS FIJO,PZA,True,0.5,0,25,0,LA VIGA EXTRUSIONES,ALUMINIO LINEA NACIONAL,FIJOS,"FIJA 3""",3
116-7315-7-11,TAPA BOLSA DE 3' NATURAL DE 6.10 MTS FIJO,PZA,True,21.5,0,0,0,LA VIGA EXTRUSIONES,ALUMINIO LINEA NACIONAL,FIJOS,"FIJA 3""",2
921-7316-7-10,"TAPA LISA DE 3"" NATURAL PULIDO 6.10 MTS",PZA,True,0,0,22,0,LA VIGA EXTRUSIONES,ALUMINIO LINEA NACIONAL,FIJOS,"FIJA 3""",3
118-7316-7-80,TAPA LISA DE 3' BLANCO DE 6.10 MTS FIJO,PZA,True,-2.5,18,0,0,LA VIGA EXTRUSIONES,ALUMINIO LINEA NACIONAL,FIJOS,"FIJA 3""",2
119-7316-7-4,TAPA LISA DE 3' CHAMP PULIDO DE 6.10 MTS FIJO,PZA,True,9,24,0,0,LA VIGA EXTRUSIONES,ALUMINIO LINEA NACIONAL,FIJOS,"FIJA 3""",2
120-7316-7-88,TAPA LISA DE 3' MADERA DE 6.10 MTS FIJO,PZA,True,0.5,0,23,0,LA VIGA EXTRUSIONES,ALUMINIO LINEA NACIONAL,FIJOS,"FIJA 3""",3
116-7316-7-11,TAPA LISA DE 3' NATURAL DE 6.10 MTS FIJO,PZA,True,1.5,0,0,0,LA VIGA EXTRUSIONES,ALUMINIO LINEA NACIONAL,FIJOS,"FIJA 3""",2
124-11035-7-90,OVAL CHICO REFORZADO ORO DE 6.10 MTS,PZA,False,0,0,0,0,LA VIGA EXTRUSIONES,ALUMINIO LINEA NACIONAL,GENERAL,BAÑOS,1
108-9086-7-80-BC,PERIMETRAL FLEXIBLE DE 2' BLANCO DE 6.10 MTS FIJO,PZA,False,0,0,0,0,LA VIGA EXTRUSIONES,ALUMINIO LINEA NACIONAL,GENERAL,"FIJA 2""",1
108-9086-7-80BCM,PERIMETRAL FLEXIBLE DE 2' BLANCO FIJO,MTS,False,0,0,0,0,LA VIGA EXTRUSIONES,ALUMINIO LINEA NACIONAL,GENERAL,"FIJA 2""",1
109-9086-7-4-BCM,PERIMETRAL FLEXIBLE DE 2' CHAMP PULIDO FIJO,MTS,False,0,0,0,0,LA VIGA EXTRUSIONES,ALUMINIO LINEA NACIONAL,GENERAL,"FIJA 2""",1
110-9086-7-88-BC,PERIMETRAL FLEXIBLE DE 2' MADERA DE 6.10 MTS FIJO,PZA,False,0,0,0,0,LA VIGA EXTRUSIONES,ALUMINIO LINEA NACIONAL,GENERAL,"FIJA 2""",1
110-9086-7-88BCM,PERIMETRAL FLEXIBLE DE 2' MADERA FIJO,MTS,False,0,0,0,0,LA VIGA EXTRUSIONES,ALUMINIO LINEA NACIONAL,GENERAL,"FIJA 2""",1
106-69086-7-11,PERIMETRAL FLEXIBLE DE 2' NATURAL DE 6.10 MTS FIJO,PZA,False,0,0,0,0,LA VIGA EXTRUSIONES,ALUMINIO LINEA NACIONAL,GENERAL,"FIJA 2""",1
106-9086-7-11BCM,PERIMETRAL FLEXIBLE DE 2' NATURAL FIJO,MTS,False,0,0,0,0,LA VIGA EXTRUSIONES,ALUMINIO LINEA NACIONAL,GENERAL,"FIJA 2""",1
118-9112-7-80,JUNQUILLO DE 3' BLANCO DE 6.10 MTS FIJO,PZA,True,11,36,0,0,LA VIGA EXTRUSIONES,ALUMINIO LINEA NACIONAL,GENERAL,"FIJA 3""",2
197-3160-7-80,RIBETE PECHO PALOMA (BOCEL) BLANCO 6.10 MTS,PZA,True,24.5,45,0,0,LA VIGA EXTRUSIONES,ALUMINIO LINEA NACIONAL,MOLDURAS,MOLDURAS,2
197-3160-7-4,RIBETE PECHO PALOMA (BOCEL) CHAMPAGNE PULIDO 6.10 MTS,PZA,True,10.5,14,0,0,LA VIGA EXTRUSIONES,ALUMINIO LINEA NACIONAL,MOLDURAS,MOLDURAS,2
197-3160-7-88,RIBETE PECHO PALOMA (BOCEL) MADERA 6.10 MTS,PZA,True,0,0,36,0,LA VIGA EXTRUSIONES,ALUMINIO LINEA NACIONAL,MOLDURAS,MOLDURAS,3
195-3160-7-11,RIBETE PECHO PALOMA (BOCEL) NATURAL 6.10 MTS,PZA,True,13.5,45,0,0,LA VIGA EXTRUSIONES,ALUMINIO LINEA NACIONAL,MOLDURAS,MOLDURAS,2
127-7333-7-80,MOSQUITERO ECONOMICO BLANCO 6.10 MTS,PZA,True,329,480,0,0,LA VIGA EXTRUSIONES,ALUMINIO LINEA NACIONAL,MOSQUITEROS,MOSQUITEROS,2
129-7333-7-88,MOSQUITERO ECONOMICO MADERA 6.10 MTS,PZA,True,0,0,4,0,LA VIGA EXTRUSIONES,ALUMINIO LINEA NACIONAL,MOSQUITEROS,MOSQUITEROS,3
125-7333-7-11,MOSQUITERO ECONOMICO NATURAL DE 6.10 MTS,PZA,True,26,114,0,0,LA VIGA EXTRUSIONES,ALUMINIO LINEA NACIONAL,MOSQUITEROS,MOSQUITEROS,2
125-7333-7-10,MOSQUITERO ECONOMICO NATURAL PULIDO 6.10 MTS,PZA,False,0,0,0,0,LA VIGA EXTRUSIONES,ALUMINIO LINEA NACIONAL,MOSQUITEROS,MOSQUITEROS,3
127-6533-7-80,MOSQUITERO HORIZONTAL BLANCO DE 6.10 MTS,PZA,True,15.5,20,0,0,LA VIGA EXTRUSIONES,ALUMINIO LINEA NACIONAL,MOSQUITEROS,MOSQUITEROS,2
129-6533-7-88,MOSQUITERO HORIZONTAL MADERA 6.10 MTS,PZA,True,0,0,55,0,LA VIGA EXTRUSIONES,ALUMINIO LINEA NACIONAL,MOSQUITEROS,MOSQUITEROS,3
125-6533-7-11,MOSQUITERO HORIZONTAL NATURAL DE 6.10 MTS,PZA,True,24,20,0,0,LA VIGA EXTRUSIONES,ALUMINIO LINEA NACIONAL,MOSQUITEROS,MOSQUITEROS,2
125-6533-7-10,MOSQUITERO HORIZONTAL NATURAL PULIDO DE 6.10 MTS,PZA,False,0,0,0,0,LA VIGA EXTRUSIONES,ALUMINIO LINEA NACIONAL,MOSQUITEROS,MOSQUITEROS,3
127-6534-3-80,MOSQUITERO VERTICAL BLANCO DE 4.60 MTS,PZA,True,7,40,0,0,LA VIGA EXTRUSIONES,ALUMINIO LINEA NACIONAL,MOSQUITEROS,MOSQUITEROS,2
127-6534-7-80,MOSQUITERO VERTICAL BLANCO DE 6.10 MTS,PZA,True,32,0,0,0,LA VIGA EXTRUSIONES,ALUMINIO LINEA NACIONAL,MOSQUITEROS,MOSQUITEROS,2
129-6534-3-88,MOSQUITERO VERTICAL MADERA DE 4.60 MTS,PZA,True,0,0,2,0,LA VIGA EXTRUSIONES,ALUMINIO LINEA NACIONAL,MOSQUITEROS,MOSQUITEROS,3
127-6534-7-88,MOSQUITERO VERTICAL MADERA DE 6.10 MTS,PZA,True,-8,30,-7,0,LA VIGA EXTRUSIONES,ALUMINIO LINEA NACIONAL,MOSQUITEROS,MOSQUITEROS,2
125-6534-3-11,MOSQUITERO VERTICAL NATURAL DE 4.60 MTS,PZA,True,15,10,0,0,LA VIGA EXTRUSIONES,ALUMINIO LINEA NACIONAL,MOSQUITEROS,MOSQUITEROS,2
125-6534-3-10,MOSQUITERO VERTICAL NATURAL PULIDO DE 4.60 MTS,PZA,False,0,0,0,0,LA VIGA EXTRUSIONES,ALUMINIO LINEA NACIONAL,MOSQUITEROS,MOSQUITEROS,3
170-9366-7-10,PASAMANO OVALADO NATURAL PULIDO DE 6.10 MTS,PZA,False,0,0,0,0,LA VIGA EXTRUSIONES,ALUMINIO LINEA NACIONAL,PASAMANOS,PASAMANO OVALADO,3
169-9366-7-80,PASAMANOS OVALADO BLANCO DE 6.10 MTS,PZA,True,0,10,0,0,LA VIGA EXTRUSIONES,ALUMINIO LINEA NACIONAL,PASAMANOS,PASAMANO OVALADO,2
168-9366-7-18,PASAMANOS OVALADO CAFE DE 6.10 MTS,PZA,False,0,0,0,0,LA VIGA EXTRUSIONES,ALUMINIO LINEA NACIONAL,PASAMANOS,PASAMANO OVALADO,2
168-9366-7-58,PASAMANOS OVALADO CAFE OSCURO DE 6.10 MTS,PZA,True,-1,17,0,0,LA VIGA EXTRUSIONES,ALUMINIO LINEA NACIONAL,PASAMANOS,PASAMANO OVALADO,2
170-9366-7-4,PASAMANOS OVALADO CHAMP PULIDO DE 6.10 MTS,PZA,True,2,2,0,0,LA VIGA EXTRUSIONES,ALUMINIO LINEA NACIONAL,PASAMANOS,PASAMANO OVALADO,2
171-9366-7-88,PASAMANOS OVALADO MADERA DE 6.10 MTS,PZA,True,0,0,2,0,LA VIGA EXTRUSIONES,ALUMINIO LINEA NACIONAL,PASAMANOS,PASAMANO OVALADO,3
167-9366-7-11,PASAMANOS OVALADO NATURAL DE 6.10 MTS,PZA,True,0,4,0,0,LA VIGA EXTRUSIONES,ALUMINIO LINEA NACIONAL,PASAMANOS,PASAMANO OVALADO,2
991-2389-7-80,"PASAMANOS REDONDO 2"" BLANCO 6.10 MTS",PZA,True,13,6,0,0,LA VIGA EXTRUSIONES,ALUMINIO LINEA NACIONAL,PASAMANOS,PASAMANO REDONDO,2
991-2389-7-88,"PASAMANOS REDONDO 2"" MADERA 6.10 MTS",PZA,True,0,0,10,0,LA VIGA EXTRUSIONES,ALUMINIO LINEA NACIONAL,PASAMANOS,PASAMANO REDONDO,3
991-2389-7-11,"PASAMANOS REDONDO 2"" NATURAL 6.10 MTS",PZA,True,0.5,10,0,0,LA VIGA EXTRUSIONES,ALUMINIO LINEA NACIONAL,PASAMANOS,PASAMANO REDONDO,2
991-2389-7-10,"PASAMANOS REDONDO 2"" NATURAL PULIDO DE 6.10 MTS",PZA,False,0,0,0,0,LA VIGA EXTRUSIONES,ALUMINIO LINEA NACIONAL,PASAMANOS,PASAMANO REDONDO,3
169-2830-7-80,"PASAMANOS REDONDO 3"" BLANCO DE 6.10 MTS",PZA,True,1,6,0,0,LA VIGA EXTRUSIONES,ALUMINIO LINEA NACIONAL,PASAMANOS,PASAMANO REDONDO,2
168-2830-7-18,"PASAMANOS REDONDO 3"" CAFE DE 6.10 MTS",PZA,False,0,0,0,0,LA VIGA EXTRUSIONES,ALUMINIO LINEA NACIONAL,PASAMANOS,PASAMANO REDONDO,2
171-2830-7-88,"PASAMANOS REDONDO 3"" MADERA DE 6.10 MTS",PZA,True,0,0,4,0,LA VIGA EXTRUSIONES,ALUMINIO LINEA NACIONAL,PASAMANOS,PASAMANO REDONDO,3
167-2830-7-11,"PASAMANOS REDONDO 3"" NATURAL DE 6.10 MTS",PZA,True,1,9,0,0,LA VIGA EXTRUSIONES,ALUMINIO LINEA NACIONAL,PASAMANOS,PASAMANO REDONDO,2
167-2830-7-10,"PASAMANOS REDONDO 3"" NATURAL PULIDO DE 6.10 MTS",PZA,True,1.5,0,-1,0,LA VIGA EXTRUSIONES,ALUMINIO LINEA NACIONAL,PASAMANOS,PASAMANO REDONDO,3
169-11945-7-80,"PASAMANOS REDONDO 4"" BLANCO DE 6.10 MTS",PZA,True,0,1,0,0,LA VIGA EXTRUSIONES,ALUMINIO LINEA NACIONAL,PASAMANOS,PASAMANO REDONDO,2
159-8327-7-80,ZOCLO HERCULITE BLANCO DE 6.10 MTS,PZA,True,1,1,0,0,LA VIGA EXTRUSIONES,ALUMINIO LINEA NACIONAL,PASAMANOS,VARIOS,2
158-8327-7-18,ZOCLO HERCULITE CAFE 6.10 MTS,PZA,False,0,0,0,0,LA VIGA EXTRUSIONES,ALUMINIO LINEA NACIONAL,PASAMANOS,VARIOS,2
158-8327-7-58,ZOCLO HERCULITE CAFE OSCURO 6.10 MTS,PZA,False,0,0,0,0,LA VIGA EXTRUSIONES,ALUMINIO LINEA NACIONAL,PASAMANOS,VARIOS,2
160-8327-7-4,ZOCLO HERCULITE CHAMP PULIDO DE 6.10 MTS,PZA,True,0,5,0,0,LA VIGA EXTRUSIONES,ALUMINIO LINEA NACIONAL,PASAMANOS,VARIOS,2
161-8327-7-88,ZOCLO HERCULITE MADERA DE 6.10 MTS,PZA,False,0,0,0,0,LA VIGA EXTRUSIONES,ALUMINIO LINEA NACIONAL,PASAMANOS,VARIOS,1
157-8327-7-10,ZOCLO HERCULITE NAT PULIDO 6.10 MTS,PZA,True,0,0,2,0,LA VIGA EXTRUSIONES,ALUMINIO LINEA NACIONAL,PASAMANOS,VARIOS,3
157-8327-7-11,ZOCLO HERCULITE NATURAL DE 6.10 MTS,PZA,True,0,1,0,0,LA VIGA EXTRUSIONES,ALUMINIO LINEA NACIONAL,PASAMANOS,VARIOS,2
147-7014-7-10,"JUNQUILLO DE 1"" NATURAL PULIDO DE 6.10 MTS",PZA,True,0,0,26,0,LA VIGA EXTRUSIONES,ALUMINIO LINEA NACIONAL,PORTAVIDRIOS,"PORTAVIDRIO 1""",3
149-7014-7-80,JUNQUILLO DE 1' BLANCO DE 6.10 MTS,PZA,True,3.5,36,0,0,LA VIGA EXTRUSIONES,ALUMINIO LINEA NACIONAL,PORTAVIDRIOS,"PORTAVIDRIO 1""",2
150-7014-7-4,JUNQUILLO DE 1' CHAMP PULIDO DE 6.10 MTS,PZA,True,32,0,0,0,LA VIGA EXTRUSIONES,ALUMINIO LINEA NACIONAL,PORTAVIDRIOS,"PORTAVIDRIO 1""",2
151-7014-7-88,JUNQUILLO DE 1' MADERA DE 6.10 MTS,PZA,True,0,0,14,0,LA VIGA EXTRUSIONES,ALUMINIO LINEA NACIONAL,PORTAVIDRIOS,"PORTAVIDRIO 1""",3
147-7014-7-11,JUNQUILLO DE 1' NATURAL DE 6.10 MTS,PZA,True,22.5,0,0,0,LA VIGA EXTRUSIONES,ALUMINIO LINEA NACIONAL,PORTAVIDRIOS,"PORTAVIDRIO 1""",2
147-7013-7-10,"PORTAVIDRIO DE 1"" NATURAL PULIDO DE 6.10 MTS",PZA,True,0,0,14,0,LA VIGA EXTRUSIONES,ALUMINIO LINEA NACIONAL,PORTAVIDRIOS,"PORTAVIDRIO 1""",3
149-7013-7-80,PORTAVIDRIO DE 1' BLANCO DE 6.10 MTS,PZA,True,11.5,0,0,0,LA VIGA EXTRUSIONES,ALUMINIO LINEA NACIONAL,PORTAVIDRIOS,"PORTAVIDRIO 1""",2
150-7013-7-4,PORTAVIDRIO DE 1' CHAMP PULIDO DE 6.10 MTS,PZA,True,3,12,0,0,LA VIGA EXTRUSIONES,ALUMINIO LINEA NACIONAL,PORTAVIDRIOS,"PORTAVIDRIO 1""",2
151-7013-7-88,PORTAVIDRIO DE 1' MADERA DE 6.10 MTS,PZA,True,0,0,22,0,LA VIGA EXTRUSIONES,ALUMINIO LINEA NACIONAL,PORTAVIDRIOS,"PORTAVIDRIO 1""",3
147-7013-7-11,PORTAVIDRIO DE 1' NATURAL DE 6.10 MTS,PZA,True,25.5,0,0,0,LA VIGA EXTRUSIONES,ALUMINIO LINEA NACIONAL,PORTAVIDRIOS,"PORTAVIDRIO 1""",2
643-72230-7-80,CONTRA MARCO BLANCO 6.10 MTS EXTRUSIONES,PZA,True,19.5,48,0,0,LA VIGA EXTRUSIONES,ALUMINIO LINEA NACIONAL,PROYECCION,SERIE 35,2
654-72230-7-88,CONTRA MARCO MADERA 6.10 MTS EXTRUSIONES,PZA,True,0,0,71,0,LA VIGA EXTRUSIONES,ALUMINIO LINEA NACIONAL,PROYECCION,SERIE 35,3
641-72230-7-11,CONTRA MARCO NATURAL 6.10 MTS EXTRUSIONES,PZA,True,7,16,0,0,LA VIGA EXTRUSIONES,ALUMINIO LINEA NACIONAL,PROYECCION,SERIE 35,2
641-72230-7-10,CONTRA MARCO NATURAL PULIDO 6.10 MTS EXTRUSIONES,PZA,True,0,0,5,0,LA VIGA EXTRUSIONES,ALUMINIO LINEA NACIONAL,PROYECCION,SERIE 35,3
653-72231-7-80,MARCO OVALADO BLANCO 6.10 MTS EXTRUSIONES,PZA,True,14.5,56,0,0,LA VIGA EXTRUSIONES,ALUMINIO LINEA NACIONAL,PROYECCION,SERIE 35,2
654-72231-7-4,MARCO OVALADO CHAMPAGNE PULIDO 6.10 MTS EXTRUSIONES,PZA,True,7,72,0,0,LA VIGA EXTRUSIONES,ALUMINIO LINEA NACIONAL,PROYECCION,SERIE 35,2
651-72231-7-88,MARCO OVALADO MADERA 6.10 MTS EXTRUSIONES,PZA,True,0,0,73,0,LA VIGA EXTRUSIONES,ALUMINIO LINEA NACIONAL,PROYECCION,SERIE 35,3
651-72231-7-11,MARCO OVALADO NATURAL 6.10 MTS EXTRUSIONES,PZA,True,9,8,0,0,LA VIGA EXTRUSIONES,ALUMINIO LINEA NACIONAL,PROYECCION,SERIE 35,2
651-72231-7-10,MARCO OVALADO NATURAL PULIDO 6.10 MTS EXTRUSIONES,PZA,False,0,0,0,0,LA VIGA EXTRUSIONES,ALUMINIO LINEA NACIONAL,PROYECCION,SERIE 35,3
144-9207-7-80,CABEZAL PUERTA BATIENTE BLANCO DE 6.10 MTS,PZA,True,2.5,8,0,0,LA VIGA EXTRUSIONES,ALUMINIO LINEA NACIONAL,PUERTAS,BATIENTE 1750,2
146-9207-7-88,CABEZAL PUERTA BATIENTE MADERA DE 6.10 MTS,PZA,True,0,0,21,0,LA VIGA EXTRUSIONES,ALUMINIO LINEA NACIONAL,PUERTAS,BATIENTE 1750,3
142-9207-7-10,CABEZAL PUERTA BATIENTE NAT PULIDO DE 6.10 MTS,PZA,True,0,0,7,0,LA VIGA EXTRUSIONES,ALUMINIO LINEA NACIONAL,PUERTAS,BATIENTE 1750,3
142-9207-7-11,CABEZAL PUERTA BATIENTE NATURAL DE 6.10 MTS,PZA,True,7,8,0,0,LA VIGA EXTRUSIONES,ALUMINIO LINEA NACIONAL,PUERTAS,BATIENTE 1750,2
142-9183-7-10,INTERMEDIO PUERTA BAT NAT PULIDO 6.10 MTS,PZA,True,0,0,12,0,LA VIGA EXTRUSIONES,ALUMINIO LINEA NACIONAL,PUERTAS,BATIENTE 1750,3
144-9183-7-80,INTERMEDIO PUERTA BATIENTE BLANCO DE 6.10 MTS,PZA,True,6,0,0,0,LA VIGA EXTRUSIONES,ALUMINIO LINEA NACIONAL,PUERTAS,BATIENTE 1750,2
143-9183-7-58,INTERMEDIO PUERTA BATIENTE CAFE OSCURO DE 6.10 MTS,PZA,True,3.5,6,0,0,LA VIGA EXTRUSIONES,ALUMINIO LINEA NACIONAL,PUERTAS,BATIENTE 1750,2
146-9183-7-88,INTERMEDIO PUERTA BATIENTE MADERA DE 6.10 MTS,PZA,True,0,0,3.5,0,LA VIGA EXTRUSIONES,ALUMINIO LINEA NACIONAL,PUERTAS,BATIENTE 1750,3
142-9183-7-11,INTERMEDIO PUERTA BATIENTE NATURAL DE 6.10 MTS,PZA,True,2,6,0,0,LA VIGA EXTRUSIONES,ALUMINIO LINEA NACIONAL,PUERTAS,BATIENTE 1750,2
142-6370-7-10,JUNQUILLO RECTO PTA BAT NAT PULIDO 6.10 MTS,PZA,False,0,0,0,0,LA VIGA EXTRUSIONES,ALUMINIO LINEA NACIONAL,PUERTAS,BATIENTE 1750,3
144-6370-7-80,JUNQUILLO RECTO PTA BATIENTE BLANCO DE 6.10 MTS,PZA,True,79,0,0,0,LA VIGA EXTRUSIONES,ALUMINIO LINEA NACIONAL,PUERTAS,BATIENTE 1750,2
146-6370-7-88,JUNQUILLO RECTO PTA BATIENTE MADERA DE 6.10 MTS,PZA,True,0,0,25,0,LA VIGA EXTRUSIONES,ALUMINIO LINEA NACIONAL,PUERTAS,BATIENTE 1750,3
142-6370-7-11,JUNQUILLO RECTO PTA BATIENTE NATURAL DE 6.10 MTS,PZA,True,53.5,-32,0,0,LA VIGA EXTRUSIONES,ALUMINIO LINEA NACIONAL,PUERTAS,BATIENTE 1750,2
142-9204-3-10,POSTE FELPA O CERCO RAN NAT PULIDO DE 4.60 MT,PZA,False,0,0,0,0,LA VIGA EXTRUSIONES,ALUMINIO LINEA NACIONAL,PUERTAS,BATIENTE 1750,3
145-9204-3-80,POSTE FELPA O CERCO RANURADO BLANCO DE 4.60 MTS,PZA,True,10,28,0,0,LA VIGA EXTRUSIONES,ALUMINIO LINEA NACIONAL,PUERTAS,BATIENTE 1750,2
145-9204-7-80,POSTE FELPA O CERCO RANURADO BLANCO DE 6.10 MTS,PZA,True,-1,12,0,0,LA VIGA EXTRUSIONES,ALUMINIO LINEA NACIONAL,PUERTAS,BATIENTE 1750,2
145-9204-7-58,POSTE FELPA O CERCO RANURADO CAFE OSCURO DE 6.10 MTS,PZA,True,3,0,0,0,LA VIGA EXTRUSIONES,ALUMINIO LINEA NACIONAL,PUERTAS,BATIENTE 1750,2
146-9204-3-88,POSTE FELPA O CERCO RANURADO MADERA DE 4.60 MTS,PZA,True,0,0,16,0,LA VIGA EXTRUSIONES,ALUMINIO LINEA NACIONAL,PUERTAS,BATIENTE 1750,3
142-9204-3-11,POSTE FELPA O CERCO RANURADO NATURAL DE 4.60 MTS,PZA,True,-1,28,0,0,LA VIGA EXTRUSIONES,ALUMINIO LINEA NACIONAL,PUERTAS,BATIENTE 1750,2
144-9187-7-80,ZOCLO PUERTA BATIENTE BLANCO DE 6.10 MTS,PZA,True,2,4,0,0,LA VIGA EXTRUSIONES,ALUMINIO LINEA NACIONAL,PUERTAS,BATIENTE 1750,2
146-9187-7-88,ZOCLO PUERTA BATIENTE MADERA DE 6.10 MTS,PZA,True,0,0,6.5,0,LA VIGA EXTRUSIONES,ALUMINIO LINEA NACIONAL,PUERTAS,BATIENTE 1750,3
142-9187-7-10,ZOCLO PUERTA BATIENTE NAT PULIDO DE 6.10 MTS,PZA,False,0,0,0,0,LA VIGA EXTRUSIONES,ALUMINIO LINEA NACIONAL,PUERTAS,BATIENTE 1750,3
142-9187-7-11,ZOCLO PUERTA BATIENTE NATURAL DE 6.10 MTS,PZA,True,2,4,0,0,LA VIGA EXTRUSIONES,ALUMINIO LINEA NACIONAL,PUERTAS,BATIENTE 1750,2
135-11067-7-80,TUBO CUADRADO DE 1 1/2 X 1 1/2 BLANCO DE 6.10 MTS,PZA,True,16.5,0,0,0,LA VIGA EXTRUSIONES,ALUMINIO LINEA NACIONAL,TUBOS,TUBO CUADRADO,2
140-11067-7-88,TUBO CUADRADO DE 1 1/2 X 1 1/2 MADERA DE 6.10 MTS,PZA,True,0,0,45.5,0,LA VIGA EXTRUSIONES,ALUMINIO LINEA NACIONAL,TUBOS,TUBO CUADRADO,3
130-11067-7-10,TUBO CUADRADO DE 1 1/2 X 1 1/2 NAT PULIDO DE 6.10 MTS,PZA,True,0,0,0,0,LA VIGA EXTRUSIONES,ALUMINIO LINEA NACIONAL,TUBOS,TUBO CUADRADO,3
130-11067-7-11,TUBO CUADRADO DE 1 1/2 X 1 1/2 NATURAL DE 6.10 MTS,PZA,True,1.5,18,0,0,LA VIGA EXTRUSIONES,ALUMINIO LINEA NACIONAL,TUBOS,TUBO CUADRADO,2
138-11067-7-90,TUBO CUADRADO DE 1 1/2 X 1 1/2 ORO DE 6.10 MTS,PZA,False,0,0,0,0,LA VIGA EXTRUSIONES,ALUMINIO LINEA NACIONAL,TUBOS,TUBO CUADRADO,1
135-11154-7-80,TUBO CUADRADO DE 1 1/4 X 1 1/4 BLANCO DE 6.10 MTS,PZA,True,4.5,8,0,0,LA VIGA EXTRUSIONES,ALUMINIO LINEA NACIONAL,TUBOS,TUBO CUADRADO,2
140-11154-7-88,TUBO CUADRADO DE 1 1/4 X 1 1/4 MADERA DE 6.10 MTS,PZA,True,0,0,7,0,LA VIGA EXTRUSIONES,ALUMINIO LINEA NACIONAL,TUBOS,TUBO CUADRADO,3
130-11154-7-11,TUBO CUADRADO DE 1 1/4 X 1 1/4 NATURAL DE 6.10 MTS,PZA,True,6.5,8,0,0,LA VIGA EXTRUSIONES,ALUMINIO LINEA NACIONAL,TUBOS,TUBO CUADRADO,2
138-11154-7-90,TUBO CUADRADO DE 1 1/4 X 1 1/4 ORO DE 6.10 MTS,PZA,False,0,0,0,0,LA VIGA EXTRUSIONES,ALUMINIO LINEA NACIONAL,TUBOS,TUBO CUADRADO,1
131-11093-7-10,TUBO CUADRADO DE 1 3/4 X 1 3/4 NATURAL PULIDO DE 6.10 MTS,PZA,True,0,0,1,0,LA VIGA EXTRUSIONES,ALUMINIO LINEA NACIONAL,TUBOS,TUBO CUADRADO,3
135-2362-7-80,TUBO CUADRADO DE 1 X 1 BLANCO DE 6.10 MTS,PZA,True,25,72,0,0,LA VIGA EXTRUSIONES,ALUMINIO LINEA NACIONAL,TUBOS,TUBO CUADRADO,2
140-2362-7-88,TUBO CUADRADO DE 1 X 1 MADERA DE 6.10 MTS,PZA,True,0,0,21.5,0,LA VIGA EXTRUSIONES,ALUMINIO LINEA NACIONAL,TUBOS,TUBO CUADRADO,3
130-2362-7-11,TUBO CUADRADO DE 1 X 1 NATURAL DE 6.10 MTS,PZA,True,11,0,0,0,LA VIGA EXTRUSIONES,ALUMINIO LINEA NACIONAL,TUBOS,TUBO CUADRADO,2
130-2362-7-10,TUBO CUADRADO DE 1 X 1 NATURAL PULIDO DE 6.10 MTS,PZA,True,0,0,9,0,LA VIGA EXTRUSIONES,ALUMINIO LINEA NACIONAL,TUBOS,TUBO CUADRADO,3
135-2356-7-80,TUBO CUADRADO DE 2 X 2 BLANCO DE 6.10 MTS,PZA,True,33,-4,0,0,LA VIGA EXTRUSIONES,ALUMINIO LINEA NACIONAL,TUBOS,TUBO CUADRADO,2
140-2356-7-88,TUBO CUADRADO DE 2 X 2 MADERA DE 6.10 MTS,PZA,True,0,0,14,0,LA VIGA EXTRUSIONES,ALUMINIO LINEA NACIONAL,TUBOS,TUBO CUADRADO,3
130-2356-7-10,TUBO CUADRADO DE 2 X 2 NAT PULIDO DE 6.10 MTS,PZA,False,0,0,0,0,LA VIGA EXTRUSIONES,ALUMINIO LINEA NACIONAL,TUBOS,TUBO CUADRADO,3
130-2356-7-11,TUBO CUADRADO DE 2 X 2 NATURAL DE 6.10 MTS,PZA,True,1.5,16,0,0,LA VIGA EXTRUSIONES,ALUMINIO LINEA NACIONAL,TUBOS,TUBO CUADRADO,2
130-2351-7-80,TUBO CUADRADO DE 3/4 X 3/4 BLANCO DE 6.10 MTS,PZA,False,0,0,0,0,LA VIGA EXTRUSIONES,ALUMINIO LINEA NACIONAL,TUBOS,TUBO CUADRADO,1
139-11122-7-10,TUBO RECTAN DE 3 X 1 3/4 NAT PULIDO DE 6.10,PZA,True,0,0,5,0,LA VIGA EXTRUSIONES,ALUMINIO LINEA NACIONAL,TUBOS,TUBO RECTANGULAR,3
136-2516-7-80,"TUBO RECTANGULAR 3 X 1"" BLANCO 6.10 MTS",PZA,False,6,-8,0,0,LA VIGA EXTRUSIONES,ALUMINIO LINEA NACIONAL,TUBOS,TUBO RECTANGULAR,2
136-2516-7-88,"TUBO RECTANGULAR 3 X 1"" MADERA 6.10 MTS",PZA,True,0,0,19,0,LA VIGA EXTRUSIONES,ALUMINIO LINEA NACIONAL,TUBOS,TUBO RECTANGULAR,3
136-2516-7-11,"TUBO RECTANGULAR 3 X 1"" NATURAL 6.10 MTS",PZA,True,7,0,-2,0,LA VIGA EXTRUSIONES,ALUMINIO LINEA NACIONAL,TUBOS,TUBO RECTANGULAR,2
136-2516-7-10,"TUBO RECTANGULAR 3 X 1"" NATURAL PULIDO 6.10 MTS",PZA,True,0,0,6,0,LA VIGA EXTRUSIONES,ALUMINIO LINEA NACIONAL,TUBOS,TUBO RECTANGULAR,3
131-2520-7-80,TUBO RECTANGULAR 4 X 1 3/4 BLANCO 6.10 MTS,PZA,True,-3.5,12,0,0,LA VIGA EXTRUSIONES,ALUMINIO LINEA NACIONAL,TUBOS,TUBO RECTANGULAR,2
131-2520-7-88,TUBO RECTANGULAR 4 X 1 3/4 MADERA 6.10 MTS.,PZA,True,0,0,6.5,0,LA VIGA EXTRUSIONES,ALUMINIO LINEA NACIONAL,TUBOS,TUBO RECTANGULAR,3
131-2520-7-10,TUBO RECTANGULAR 4 X 1 3/4 NAT PULIDO 6.10 MTS,PZA,True,0,0,-2,0,LA VIGA EXTRUSIONES,ALUMINIO LINEA NACIONAL,TUBOS,TUBO RECTANGULAR,3
131-2520-7-11,TUBO RECTANGULAR 4 X 1 3/4 NATURAL 6.10 MTS,PZA,True,1,24,0,0,LA VIGA EXTRUSIONES,ALUMINIO LINEA NACIONAL,TUBOS,TUBO RECTANGULAR,2
136-11086-7-80,TUBO RECTANGULAR DE 1 1/2 X 3/4 BLANCO DE 6.10 MTS,PZA,True,91.5,-57,0,0,LA VIGA EXTRUSIONES,ALUMINIO LINEA NACIONAL,TUBOS,TUBO RECTANGULAR,2
141-11086-7-88,TUBO RECTANGULAR DE 1 1/2 X 3/4 MADERA DE 6.10 MTS,PZA,True,0,0,87,0,LA VIGA EXTRUSIONES,ALUMINIO LINEA NACIONAL,TUBOS,TUBO RECTANGULAR,3
131-11086-7-10,TUBO RECTANGULAR DE 1 1/2 X 3/4 NAT PULIDO  DE 6.10,PZA,True,0,0,0,0,LA VIGA EXTRUSIONES,ALUMINIO LINEA NACIONAL,TUBOS,TUBO RECTANGULAR,3
131-11086-7-11,TUBO RECTANGULAR DE 1 1/2 X 3/4 NATURAL DE 6.10 MTS,PZA,True,24.5,-24,0,0,LA VIGA EXTRUSIONES,ALUMINIO LINEA NACIONAL,TUBOS,TUBO RECTANGULAR,2
136-2500-7-80,TUBO RECTANGULAR DE 1 X 1/2 BLANCO DE 6.10 MTS,PZA,True,4.5,40,0,0,LA VIGA EXTRUSIONES,ALUMINIO LINEA NACIONAL,TUBOS,TUBO RECTANGULAR,2
136-2500-7-88,TUBO RECTANGULAR DE 1 X 1/2 MADERA DE 6.10 MTS,PZA,True,0,0,91,0,LA VIGA EXTRUSIONES,ALUMINIO LINEA NACIONAL,TUBOS,TUBO RECTANGULAR,3
136-2500-7-11,TUBO RECTANGULAR DE 1 X 1/2 NATURAL DE 6.10 MTS,PZA,True,12,20,0,0,LA VIGA EXTRUSIONES,ALUMINIO LINEA NACIONAL,TUBOS,TUBO RECTANGULAR,2
136-11099-7-80,TUBO RECTANGULAR DE 2 1/2 X 1 1/4 BLANCO DE 6.10 MTS,PZA,True,4,8,0,0,LA VIGA EXTRUSIONES,ALUMINIO LINEA NACIONAL,TUBOS,TUBO RECTANGULAR,2
141-11099-7-88,TUBO RECTANGULAR DE 2 1/2 X 1 1/4 MADERA DE 6.10 MTS,PZA,False,0,0,0,0,LA VIGA EXTRUSIONES,ALUMINIO LINEA NACIONAL,TUBOS,TUBO RECTANGULAR,2
131-11099-7-11,TUBO RECTANGULAR DE 2 1/2 X 1 1/4 NATURAL DE 6.10 MTS,PZA,True,3,16,0,0,LA VIGA EXTRUSIONES,ALUMINIO LINEA NACIONAL,TUBOS,TUBO RECTANGULAR,2
136-11121-7-80,TUBO RECTANGULAR DE 2 X 1 BLANCO DE 6.10 MTS,PZA,True,45.5,12,0,0,LA VIGA EXTRUSIONES,ALUMINIO LINEA NACIONAL,TUBOS,TUBO RECTANGULAR,2
141-11121-7-88,TUBO RECTANGULAR DE 2 X 1 MADERA DE 6.10 MTS,PZA,True,0,0,26,0,LA VIGA EXTRUSIONES,ALUMINIO LINEA NACIONAL,TUBOS,TUBO RECTANGULAR,3
139-11121-7-10,TUBO RECTANGULAR DE 2 X 1 NAT PULIDO DE 6.10 MTS,PZA,False,0,0,0,0,LA VIGA EXTRUSIONES,ALUMINIO LINEA NACIONAL,TUBOS,TUBO RECTANGULAR,3
131-11121-7-11,TUBO RECTANGULAR DE 2 X 1 NATURAL DE 6.10 MTS,PZA,True,17.5,36,0,0,LA VIGA EXTRUSIONES,ALUMINIO LINEA NACIONAL,TUBOS,TUBO RECTANGULAR,2
136-11084-7-80,TUBO RECTANGULAR DE 3 X 1 1/2 BLANCO DE 6.10 MTS,PZA,True,13,45,0,0,LA VIGA EXTRUSIONES,ALUMINIO LINEA NACIONAL,TUBOS,TUBO RECTANGULAR,2
141-11084-7-88,TUBO RECTANGULAR DE 3 X 1 1/2 MADERA DE 6.10 MTS,PZA,True,0,0,16,0,LA VIGA EXTRUSIONES,ALUMINIO LINEA NACIONAL,TUBOS,TUBO RECTANGULAR,3
131-11084-7-11,TUBO RECTANGULAR DE 3 X 1 1/2 NATURAL DE 6.10 MTS,PZA,True,3.5,18,0,0,LA VIGA EXTRUSIONES,ALUMINIO LINEA NACIONAL,TUBOS,TUBO RECTANGULAR,2
131-11084-7-10,TUBO RECTANGULAR DE 3 X 1 1/2 NATURAL PULIDO DE 6.10 MTS,PZA,True,0,0,4,0,LA VIGA EXTRUSIONES,ALUMINIO LINEA NACIONAL,TUBOS,TUBO RECTANGULAR,3
136-11122-7-80,TUBO RECTANGULAR DE 3 X 1 3/4 BLANCO DE 6.10 MTS,PZA,True,15,-8,0,0,LA VIGA EXTRUSIONES,ALUMINIO LINEA NACIONAL,TUBOS,TUBO RECTANGULAR,2
141-11122-7-88,TUBO RECTANGULAR DE 3 X 1 3/4 MADERA DE 6.10 MTS,PZA,True,1.5,0,13,0,LA VIGA EXTRUSIONES,ALUMINIO LINEA NACIONAL,TUBOS,TUBO RECTANGULAR,3
131-11122-7-11,TUBO RECTANGULAR DE 3 X 1 3/4 NATURAL DE 6.10 MTS,PZA,True,0,10,0,0,LA VIGA EXTRUSIONES,ALUMINIO LINEA NACIONAL,TUBOS,TUBO RECTANGULAR,2
137-2121-7-80,"TUBO REDONDO 1"" BLANCO DE 6.10 MTS",PZA,True,-2,24,0,0,LA VIGA EXTRUSIONES,ALUMINIO LINEA NACIONAL,TUBOS,TUBO REDONDO,2
137-2121-7-88,"TUBO REDONDO 1"" MADERA DE 6.10 MTS",PZA,True,0.5,0,24,0,LA VIGA EXTRUSIONES,ALUMINIO LINEA NACIONAL,TUBOS,TUBO REDONDO,3
132-2121-7-11,"TUBO REDONDO 1"" NATURAL DE 6.10 MTS",PZA,True,-20,48,0,0,LA VIGA EXTRUSIONES,ALUMINIO LINEA NACIONAL,TUBOS,TUBO REDONDO,2
132-22196-7-80,"TUBO REDONDO 2"" BLANCO DE 6.10 MTS",PZA,True,0,76,-1,0,LA VIGA EXTRUSIONES,ALUMINIO LINEA NACIONAL,TUBOS,TUBO REDONDO,2
132-22196-7-88,"TUBO REDONDO 2"" MADERA DE 6.10 MTS",PZA,True,0,0,0,0,LA VIGA EXTRUSIONES,ALUMINIO LINEA NACIONAL,TUBOS,TUBO REDONDO,3
132-22196-7-11,"TUBO REDONDO 2"" NATURAL DE 6.10 MTS",PZA,False,24,-12,0,0,LA VIGA EXTRUSIONES,ALUMINIO LINEA NACIONAL,TUBOS,TUBO REDONDO,2
132-22196-7-10,"TUBO REDONDO 2"" NATURAL PULIDO DE 6.10 MTS",PZA,False,0,0,0,0,LA VIGA EXTRUSIONES,ALUMINIO LINEA NACIONAL,TUBOS,TUBO REDONDO,3
152-1311-7-0M,ANGULO DE 1 1/2 X 1 1/2 X 1/8 SIN ANODIZAR,MTS,True,13.35,0,0,0,ALUMINIOS Y VIDRIOS ARMANDO Y CIA,ALUMINIO METRO LINEAL,ANGULOS,ANGULOS,1
154-1324-7-80M,"ANGULO DE 1"" BLANCO",MTS,True,34.88,0,0,0,ALUMINIOS Y VIDRIOS ARMANDO Y CIA,ALUMINIO METRO LINEAL,ANGULOS,ANGULOS,1
152-1324-7-11M,"ANGULO DE 1"" NATURAL",MTS,True,55.45,0,0,0,ALUMINIOS Y VIDRIOS ARMANDO Y CIA,ALUMINIO METRO LINEAL,ANGULOS,ANGULOS,1
152-1324-7-10M,"ANGULO DE 1"" NATURAL PULIDO",MTS,True,59,0,0,0,ALUMINIOS Y VIDRIOS ARMANDO Y CIA,ALUMINIO METRO LINEAL,ANGULOS,ANGULOS,1
153-1324-7-18M,ANGULO DE 1' CAFE,MTS,True,36.4,0,0,0,ALUMINIOS Y VIDRIOS ARMANDO Y CIA,ALUMINIO METRO LINEAL,ANGULOS,ANGULOS,1
155-1324-7-4M,ANGULO DE 1' CHAMP PULIDO,MTS,True,50.76,0,0,0,ALUMINIOS Y VIDRIOS ARMANDO Y CIA,ALUMINIO METRO LINEAL,ANGULOS,ANGULOS,1
156-1324-7-88M,ANGULO DE 1' MADERA,MTS,True,52.35,0,0,0,ALUMINIOS Y VIDRIOS ARMANDO Y CIA,ALUMINIO METRO LINEAL,ANGULOS,ANGULOS,1
991-1301-7-10M,ANGULO DE 1/2 NATURAL PULIDO,MTS,True,59.3,0,0,0,ALUMINIOS Y VIDRIOS ARMANDO Y CIA,ALUMINIO METRO LINEAL,ANGULOS,ANGULOS,1
154-1301-7-80M,"ANGULO DE 1/2"" BLANCO",MTS,True,39.32,0,0,0,ALUMINIOS Y VIDRIOS ARMANDO Y CIA,ALUMINIO METRO LINEAL,ANGULOS,ANGULOS,1
152-1301-7-11M,"ANGULO DE 1/2"" NATURAL",MTS,True,44.64,0,0,0,ALUMINIOS Y VIDRIOS ARMANDO Y CIA,ALUMINIO METRO LINEAL,ANGULOS,ANGULOS,1
153-1301-7-18M,ANGULO DE 1/2' CAFE,MTS,True,43.43,0,0,0,ALUMINIOS Y VIDRIOS ARMANDO Y CIA,ALUMINIO METRO LINEAL,ANGULOS,ANGULOS,1
155-1301-7-4M,ANGULO DE 1/2' CHAMP PULIDO,MTS,True,48.6,0,0,0,ALUMINIOS Y VIDRIOS ARMANDO Y CIA,ALUMINIO METRO LINEAL,ANGULOS,ANGULOS,1
156-1301-7-88M,ANGULO DE 1/2' MADERA,MTS,True,46.13,0,0,0,ALUMINIOS Y VIDRIOS ARMANDO Y CIA,ALUMINIO METRO LINEAL,ANGULOS,ANGULOS,1
152-1303-7-10M,ANGULO DE 3/4 NATURAL PULIDO,MTS,True,53.95,0,0,0,ALUMINIOS Y VIDRIOS ARMANDO Y CIA,ALUMINIO METRO LINEAL,ANGULOS,ANGULOS,1
154-1303-7-80M,"ANGULO DE 3/4"" BLANCO",MTS,True,34.3,0,0,0,ALUMINIOS Y VIDRIOS ARMANDO Y CIA,ALUMINIO METRO LINEAL,ANGULOS,ANGULOS,1
152-1303-7-11M,"ANGULO DE 3/4"" NATURAL",MTS,True,19.27,0,0,0,ALUMINIOS Y VIDRIOS ARMANDO Y CIA,ALUMINIO METRO LINEAL,ANGULOS,ANGULOS,1
153-1303-7-18M,ANGULO DE 3/4' CAFE,MTS,True,59.22,0,0,0,ALUMINIOS Y VIDRIOS ARMANDO Y CIA,ALUMINIO METRO LINEAL,ANGULOS,ANGULOS,1
155-1303-7-4M,ANGULO DE 3/4' CHAMP PULIDO,MTS,True,12.04,0,0,0,ALUMINIOS Y VIDRIOS ARMANDO Y CIA,ALUMINIO METRO LINEAL,ANGULOS,ANGULOS,1
156-1303-7-88M,ANGULO DE 3/4' MADERA,MTS,True,26.17,0,0,0,ALUMINIOS Y VIDRIOS ARMANDO Y CIA,ALUMINIO METRO LINEAL,ANGULOS,ANGULOS,1
159-1613-7-80M,TEE DE 1' BLANCO,MTS,True,54.61,0,0,0,ALUMINIOS Y VIDRIOS ARMANDO Y CIA,ALUMINIO METRO LINEAL,ANGULOS,TEE,1
158-1613-7-18M,TEE DE 1' CAFE,MTS,True,57.4,0,0,0,ALUMINIOS Y VIDRIOS ARMANDO Y CIA,ALUMINIO METRO LINEAL,ANGULOS,TEE,1
160-1613-7-4M,TEE DE 1' CHAMP PULIDO,MTS,True,60,0,0,0,ALUMINIOS Y VIDRIOS ARMANDO Y CIA,ALUMINIO METRO LINEAL,ANGULOS,TEE,1
161-1613-7-88M,TEE DE 1' MADERA,MTS,True,58.5,0,0,0,ALUMINIOS Y VIDRIOS ARMANDO Y CIA,ALUMINIO METRO LINEAL,ANGULOS,TEE,1
157-1613-7-11M,TEE DE 1' NATURAL,MTS,True,57.5,0,0,0,ALUMINIOS Y VIDRIOS ARMANDO Y CIA,ALUMINIO METRO LINEAL,ANGULOS,TEE,1
144-11032-7-85M,TOPE BATIENTE 1/2 X 3/4 BEIGE,MTS,True,0,0,0,0,ALUMINIOS Y VIDRIOS ARMANDO Y CIA,ALUMINIO METRO LINEAL,BATIENTES,BATIENTE 1750,1
144-11032-7-80M,TOPE BATIENTE 1/2 X 3/4 BLANCO,MTS,True,26,0,0,0,ALUMINIOS Y VIDRIOS ARMANDO Y CIA,ALUMINIO METRO LINEAL,BATIENTES,BATIENTE 1750,1
143-11032-7-18M,TOPE BATIENTE 1/2 X 3/4 CAFE,MTS,True,10.65,0,0,0,ALUMINIOS Y VIDRIOS ARMANDO Y CIA,ALUMINIO METRO LINEAL,BATIENTES,BATIENTE 1750,1
145-11032-7-4M,TOPE BATIENTE 1/2 X 3/4 CHAMP PULIDO,MTS,True,39.53,0,0,0,ALUMINIOS Y VIDRIOS ARMANDO Y CIA,ALUMINIO METRO LINEAL,BATIENTES,BATIENTE 1750,1
146-11032-7-88M,TOPE BATIENTE 1/2 X 3/4 MADERA,MTS,True,47.4,0,0,0,ALUMINIOS Y VIDRIOS ARMANDO Y CIA,ALUMINIO METRO LINEAL,BATIENTES,BATIENTE 1750,1
145-11032-7-10M,TOPE BATIENTE 1/2 X 3/4 NAT PULIDO,MTS,True,59,0,0,0,ALUMINIOS Y VIDRIOS ARMANDO Y CIA,ALUMINIO METRO LINEAL,BATIENTES,BATIENTE 1750,1
142-11032-7-11M,TOPE BATIENTE 1/2 X 3/4 NATURAL,MTS,True,39.21,0,0,0,ALUMINIOS Y VIDRIOS ARMANDO Y CIA,ALUMINIO METRO LINEAL,BATIENTES,BATIENTE 1750,1
123-9524-7-80M,GUIA PARA BAÑO ANCHA BLANCO,MTS,True,22.53,0,0,0,ALUMINIOS Y VIDRIOS ARMANDO Y CIA,ALUMINIO METRO LINEAL,BAÑOS,BAÑOS,1
122-9524-7-18M,GUIA PARA BAÑO ANCHA CAFE,MTS,True,47.7,0,0,0,ALUMINIOS Y VIDRIOS ARMANDO Y CIA,ALUMINIO METRO LINEAL,BAÑOS,BAÑOS,1
124-9524-7-4M,GUIA PARA BAÑO ANCHA CHAMP PULIDO,MTS,True,32.93,0,0,0,ALUMINIOS Y VIDRIOS ARMANDO Y CIA,ALUMINIO METRO LINEAL,BAÑOS,BAÑOS,1
124-9524-7-88M,GUIA PARA BAÑO ANCHA MADERA,MTS,True,55.45,0,0,0,ALUMINIOS Y VIDRIOS ARMANDO Y CIA,ALUMINIO METRO LINEAL,BAÑOS,BAÑOS,1
121-9524-7-11M,GUIA PARA BAÑO ANCHA NATURAL,MTS,True,40.94,0,0,0,ALUMINIOS Y VIDRIOS ARMANDO Y CIA,ALUMINIO METRO LINEAL,BAÑOS,BAÑOS,1
121-9524-7-10M,GUIA PARA BAÑO ANCHA NATURAL PULIDO,MTS,True,0,0,0,0,ALUMINIOS Y VIDRIOS ARMANDO Y CIA,ALUMINIO METRO LINEAL,BAÑOS,BAÑOS,1
123-9525-7-80M,OVAL CHICO BLANCO,MTS,True,43.6,0,0,0,ALUMINIOS Y VIDRIOS ARMANDO Y CIA,ALUMINIO METRO LINEAL,BAÑOS,BAÑOS,1
122-9525-7-18M,OVAL CHICO CAFE,MTS,True,47.25,0,0,0,ALUMINIOS Y VIDRIOS ARMANDO Y CIA,ALUMINIO METRO LINEAL,BAÑOS,BAÑOS,1
124-9525-7-4M,OVAL CHICO CHAMP PULIDO,MTS,True,53.1,0,0,0,ALUMINIOS Y VIDRIOS ARMANDO Y CIA,ALUMINIO METRO LINEAL,BAÑOS,BAÑOS,1
124-9525-7-88M,OVAL CHICO MADERA,MTS,True,60,0,0,0,ALUMINIOS Y VIDRIOS ARMANDO Y CIA,ALUMINIO METRO LINEAL,BAÑOS,BAÑOS,1
121-9525-7-11M,OVAL CHICO NATURAL,MTS,True,53.95,0,0,0,ALUMINIOS Y VIDRIOS ARMANDO Y CIA,ALUMINIO METRO LINEAL,BAÑOS,BAÑOS,1
121-9525-7-10M,OVAL CHICO NATURAL PULIDO,MTS,True,58.5,0,0,0,ALUMINIOS Y VIDRIOS ARMANDO Y CIA,ALUMINIO METRO LINEAL,BAÑOS,BAÑOS,1
124-10103-7-4M,OVAL DE LUJO CHAMP PULIDO,MTS,True,0,0,0,0,ALUMINIOS Y VIDRIOS ARMANDO Y CIA,ALUMINIO METRO LINEAL,BAÑOS,BAÑOS,1
124-10103-7-88M,OVAL DE LUJO MADERA,MTS,True,0,0,0,0,ALUMINIOS Y VIDRIOS ARMANDO Y CIA,ALUMINIO METRO LINEAL,BAÑOS,BAÑOS,1
121-10103-7-11M,OVAL DE LUJO NATURAL,MTS,True,0,0,0,0,ALUMINIOS Y VIDRIOS ARMANDO Y CIA,ALUMINIO METRO LINEAL,BAÑOS,BAÑOS,1
123-9756-7-80M,OVAL MEDIANO BLANCO,MTS,True,36.43,0,0,0,ALUMINIOS Y VIDRIOS ARMANDO Y CIA,ALUMINIO METRO LINEAL,BAÑOS,BAÑOS,1
122-9756-7-18M,OVAL MEDIANO CAFE,MTS,True,75.98,0,0,0,ALUMINIOS Y VIDRIOS ARMANDO Y CIA,ALUMINIO METRO LINEAL,BAÑOS,BAÑOS,1
124-9756-7-4M,OVAL MEDIANO CHAMP PULIDO,MTS,True,36.63,0,0,0,ALUMINIOS Y VIDRIOS ARMANDO Y CIA,ALUMINIO METRO LINEAL,BAÑOS,BAÑOS,1
124-9756-7-88M,OVAL MEDIANO MADERA,MTS,True,39.3,0,0,0,ALUMINIOS Y VIDRIOS ARMANDO Y CIA,ALUMINIO METRO LINEAL,BAÑOS,BAÑOS,1
121-9756-7-11M,OVAL MEDIANO NATURAL,MTS,True,42.94,0,0,0,ALUMINIOS Y VIDRIOS ARMANDO Y CIA,ALUMINIO METRO LINEAL,BAÑOS,BAÑOS,1
121-9756-7-10M,OVAL MEDIANO NATURAL PULIDO,MTS,True,43.65,0,0,0,ALUMINIOS Y VIDRIOS ARMANDO Y CIA,ALUMINIO METRO LINEAL,BAÑOS,BAÑOS,1
123-9523-7-80M,RIEL SUP ECONOMICO BLANCO,MTS,True,15.08,0,0,0,ALUMINIOS Y VIDRIOS ARMANDO Y CIA,ALUMINIO METRO LINEAL,BAÑOS,BAÑOS,1
122-9523-7-18M,RIEL SUP ECONOMICO CAFE,MTS,True,31.44,0,0,0,ALUMINIOS Y VIDRIOS ARMANDO Y CIA,ALUMINIO METRO LINEAL,BAÑOS,BAÑOS,1
124-9523-7-4M,RIEL SUP ECONOMICO CHAMP PULIDO,MTS,True,28.23,0,0,0,ALUMINIOS Y VIDRIOS ARMANDO Y CIA,ALUMINIO METRO LINEAL,BAÑOS,BAÑOS,1
124-9523-7-88M,RIEL SUP ECONOMICO MADERA,MTS,True,58,0,0,0,ALUMINIOS Y VIDRIOS ARMANDO Y CIA,ALUMINIO METRO LINEAL,BAÑOS,BAÑOS,1
121-9523-7-11M,RIEL SUP ECONOMICO NATURAL,MTS,True,56.01,0,0,0,ALUMINIOS Y VIDRIOS ARMANDO Y CIA,ALUMINIO METRO LINEAL,BAÑOS,BAÑOS,1
123-11174-7-80M,RIEL SUP REFORZADO BLANCO,MTS,True,14.44,0,0,0,ALUMINIOS Y VIDRIOS ARMANDO Y CIA,ALUMINIO METRO LINEAL,BAÑOS,BAÑOS,1
122-11174-7-18M,RIEL SUP REFORZADO CAFE,MTS,True,21.35,0,0,0,ALUMINIOS Y VIDRIOS ARMANDO Y CIA,ALUMINIO METRO LINEAL,BAÑOS,BAÑOS,1
124-11174-7-4M,RIEL SUP REFORZADO CHAMP PULIDO,MTS,True,26.39,0,0,0,ALUMINIOS Y VIDRIOS ARMANDO Y CIA,ALUMINIO METRO LINEAL,BAÑOS,BAÑOS,1
124-11174-7-88M,RIEL SUP REFORZADO MADERA,MTS,True,49.61,0,0,0,ALUMINIOS Y VIDRIOS ARMANDO Y CIA,ALUMINIO METRO LINEAL,BAÑOS,BAÑOS,1
121-11174-7-11M,RIEL SUP REFORZADO NATURAL,MTS,True,43.05,0,0,0,ALUMINIOS Y VIDRIOS ARMANDO Y CIA,ALUMINIO METRO LINEAL,BAÑOS,BAÑOS,1
121-11174-7-10M,RIEL SUP REFORZADO NATURAL PULIDO,MTS,True,46.95,0,0,0,ALUMINIOS Y VIDRIOS ARMANDO Y CIA,ALUMINIO METRO LINEAL,BAÑOS,BAÑOS,1
121-9523-7-10M,RIEL SUPERIOR ECONOMICO NATURAL PULIDO,MTS,True,56.7,0,0,0,ALUMINIOS Y VIDRIOS ARMANDO Y CIA,ALUMINIO METRO LINEAL,BAÑOS,BAÑOS,1
163-28-7-18M,CELOSIA DE LUJO CAFE,MTS,True,0,0,0,0,ALUMINIOS Y VIDRIOS ARMANDO Y CIA,ALUMINIO METRO LINEAL,CELOSIAS,CELOSIAS,1
164-457-7-80M,CELOSIA ECONOMICA BLANCO,MTS,True,0,0,0,0,ALUMINIOS Y VIDRIOS ARMANDO Y CIA,ALUMINIO METRO LINEAL,CELOSIAS,CELOSIAS,1
163-457-7-18M,CELOSIA ECONOMICA CAFE,MTS,True,0,0,0,0,ALUMINIOS Y VIDRIOS ARMANDO Y CIA,ALUMINIO METRO LINEAL,CELOSIAS,CELOSIAS,1
162-457-7-11M,CELOSIA ECONOMICA NATURAL,MTS,True,0,0,0,0,ALUMINIOS Y VIDRIOS ARMANDO Y CIA,ALUMINIO METRO LINEAL,CELOSIAS,CELOSIAS,1
164-6053-7-80M,CELOSIA LOUVER BLANCO,MTS,True,54.95,0,0,0,ALUMINIOS Y VIDRIOS ARMANDO Y CIA,ALUMINIO METRO LINEAL,CELOSIAS,CELOSIAS,1
163-6053-7-18M,CELOSIA LOUVER CAFE,MTS,True,56,0,0,0,ALUMINIOS Y VIDRIOS ARMANDO Y CIA,ALUMINIO METRO LINEAL,CELOSIAS,CELOSIAS,1
165-6053-7-4M,CELOSIA LOUVER CHAMP PULIDO,MTS,True,60,0,0,0,ALUMINIOS Y VIDRIOS ARMANDO Y CIA,ALUMINIO METRO LINEAL,CELOSIAS,CELOSIAS,1
166-6053-7-88M,CELOSIA LOUVER MADERA,MTS,True,55.4,0,0,0,ALUMINIOS Y VIDRIOS ARMANDO Y CIA,ALUMINIO METRO LINEAL,CELOSIAS,CELOSIAS,1
162-6053-7-11M,CELOSIA LOUVER NATURAL,MTS,True,58,0,0,0,ALUMINIOS Y VIDRIOS ARMANDO Y CIA,ALUMINIO METRO LINEAL,CELOSIAS,CELOSIAS,1
162-6053-7-10M,CELOSIA LOUVER NATURAL PULIDO,MTS,True,58,0,0,0,ALUMINIOS Y VIDRIOS ARMANDO Y CIA,ALUMINIO METRO LINEAL,CELOSIAS,CELOSIAS,1
103-10220-7-99M,ADAPTADOR OXXO BLANCO,MTS,True,33.81,0,0,0,ALUMINIOS Y VIDRIOS ARMANDO Y CIA,ALUMINIO METRO LINEAL,CORREDIZAS,"CORREDIZA 2""",1
102-10220-7-45M,ADAPTADOR OXXO CAFE,MTS,True,49.6,0,0,0,ALUMINIOS Y VIDRIOS ARMANDO Y CIA,ALUMINIO METRO LINEAL,CORREDIZAS,"CORREDIZA 2""",1
104-10220-7-24M,ADAPTADOR OXXO CHAMPAGNE PULIDO,MTS,True,57.3,0,0,0,ALUMINIOS Y VIDRIOS ARMANDO Y CIA,ALUMINIO METRO LINEAL,CORREDIZAS,"CORREDIZA 2""",1
101-10220-7-13M,ADAPTADOR OXXO NATURAL,MTS,True,55.65,0,0,0,ALUMINIOS Y VIDRIOS ARMANDO Y CIA,ALUMINIO METRO LINEAL,CORREDIZAS,"CORREDIZA 2""",1
105-7821-3-88M,"CERCO PUERTA DE 2"" MADERA P/CORREDIZA",MTS,True,35.75,0,0,0,ALUMINIOS Y VIDRIOS ARMANDO Y CIA,ALUMINIO METRO LINEAL,CORREDIZAS,"CORREDIZA 2""",1
991-7821-3-10M,"CERCO PUERTA DE 2"" NATURAL PULIDO",MTS,True,52.65,0,0,0,ALUMINIOS Y VIDRIOS ARMANDO Y CIA,ALUMINIO METRO LINEAL,CORREDIZAS,"CORREDIZA 2""",1
103-7821-3-80M,CERCO PUERTA DE 2' BLANCO P/CORREDIZA,MTS,True,58.7,0,0,0,ALUMINIOS Y VIDRIOS ARMANDO Y CIA,ALUMINIO METRO LINEAL,CORREDIZAS,"CORREDIZA 2""",1
102-7821-3-18M,CERCO PUERTA DE 2' CAFE P/CORREDIZA,MTS,True,43.56,0,0,0,ALUMINIOS Y VIDRIOS ARMANDO Y CIA,ALUMINIO METRO LINEAL,CORREDIZAS,"CORREDIZA 2""",1
104-7821-3-4M,CERCO PUERTA DE 2' CHAMP PULIDO P/CORREDIZA,MTS,True,41.7,0,0,0,ALUMINIOS Y VIDRIOS ARMANDO Y CIA,ALUMINIO METRO LINEAL,CORREDIZAS,"CORREDIZA 2""",1
101-7821-3-11M,CERCO PUERTA DE 2' NATURAL,MTS,True,52.34,0,0,0,ALUMINIOS Y VIDRIOS ARMANDO Y CIA,ALUMINIO METRO LINEAL,CORREDIZAS,"CORREDIZA 2""",1
103-7518-7-80M,"CHAMBRANA DE 2"" BLANCO",MTS,True,16.87,0,0,0,ALUMINIOS Y VIDRIOS ARMANDO Y CIA,ALUMINIO METRO LINEAL,CORREDIZAS,"CORREDIZA 2""",1
101-7518-7-11M,"CHAMBRANA DE 2"" NATURAL P/CORREDIZA",MTS,True,40.57,0,0,0,ALUMINIOS Y VIDRIOS ARMANDO Y CIA,ALUMINIO METRO LINEAL,CORREDIZAS,"CORREDIZA 2""",1
991-7518-7-10M,"CHAMBRANA DE 2"" NATURAL PULIDO",MTS,True,58,0,0,0,ALUMINIOS Y VIDRIOS ARMANDO Y CIA,ALUMINIO METRO LINEAL,CORREDIZAS,"CORREDIZA 2""",1
102-7518-7-18M,CHAMBRANA DE 2' CAFE P/CORREDIZA,MTS,True,13.78,0,0,0,ALUMINIOS Y VIDRIOS ARMANDO Y CIA,ALUMINIO METRO LINEAL,CORREDIZAS,"CORREDIZA 2""",1
104-7518-7-4M,CHAMBRANA DE 2' CHAMP PULIDO P/CORREDIZA,MTS,True,48.06,0,0,0,ALUMINIOS Y VIDRIOS ARMANDO Y CIA,ALUMINIO METRO LINEAL,CORREDIZAS,"CORREDIZA 2""",1
105-7518-7-88M,CHAMBRANA DE 2' MADERA P/CORREDIZA,MTS,True,35.8,0,0,0,ALUMINIOS Y VIDRIOS ARMANDO Y CIA,ALUMINIO METRO LINEAL,CORREDIZAS,"CORREDIZA 2""",1
103-7818-7-80M,"RIEL AUXILIAR DE 2"" BLANCO P/CORREDIZA",MTS,True,43.26,0,0,0,ALUMINIOS Y VIDRIOS ARMANDO Y CIA,ALUMINIO METRO LINEAL,CORREDIZAS,"CORREDIZA 2""",1
102-7818-7-18M,"RIEL AUXILIAR DE 2"" CAFE P/CORREDIZA",MTS,True,24.73,0,0,0,ALUMINIOS Y VIDRIOS ARMANDO Y CIA,ALUMINIO METRO LINEAL,CORREDIZAS,"CORREDIZA 2""",1
101-7818-7-11M,"RIEL AUXILIAR DE 2"" NATURAL P/CORREDIZA",MTS,True,29.58,0,0,0,ALUMINIOS Y VIDRIOS ARMANDO Y CIA,ALUMINIO METRO LINEAL,CORREDIZAS,"CORREDIZA 2""",1
991-7818-7-10M,"RIEL AUXILIAR DE 2"" NATURAL PULIDO",MTS,True,58.63,0,0,0,ALUMINIOS Y VIDRIOS ARMANDO Y CIA,ALUMINIO METRO LINEAL,CORREDIZAS,"CORREDIZA 2""",1
104-7818-7-4M,RIEL AUXILIAR DE 2' CHAMP PULIDO P/CORREDIZA,MTS,True,45.56,0,0,0,ALUMINIOS Y VIDRIOS ARMANDO Y CIA,ALUMINIO METRO LINEAL,CORREDIZAS,"CORREDIZA 2""",1
105-7818-7-88M,RIEL AUXILIAR DE 2' MADERA P/CORREDIZA,MTS,True,41.38,0,0,0,ALUMINIOS Y VIDRIOS ARMANDO Y CIA,ALUMINIO METRO LINEAL,CORREDIZAS,"CORREDIZA 2""",1
101-9953-7-11M,"RIEL INFERIOR DE 2"" NATURAL P/CORREDIZA",MTS,True,56.77,0,0,0,ALUMINIOS Y VIDRIOS ARMANDO Y CIA,ALUMINIO METRO LINEAL,CORREDIZAS,"CORREDIZA 2""",1
991-9953-7-10M,"RIEL INFERIOR DE 2"" NATURAL PULIDO",MTS,True,55.73,0,0,0,ALUMINIOS Y VIDRIOS ARMANDO Y CIA,ALUMINIO METRO LINEAL,CORREDIZAS,"CORREDIZA 2""",1
103-9953-7-80M,RIEL INFERIOR DE 2' BLANCO P/CORREDIZA,MTS,True,45.41,0,0,0,ALUMINIOS Y VIDRIOS ARMANDO Y CIA,ALUMINIO METRO LINEAL,CORREDIZAS,"CORREDIZA 2""",1
102-9953-7-18M,RIEL INFERIOR DE 2' CAFE P/CORREDIZA,MTS,True,51.72,0,0,0,ALUMINIOS Y VIDRIOS ARMANDO Y CIA,ALUMINIO METRO LINEAL,CORREDIZAS,"CORREDIZA 2""",1
104-9953-7-4M,RIEL INFERIOR DE 2' CHAMP PULIDO P/CORREDIZA,MTS,True,43.94,0,0,0,ALUMINIOS Y VIDRIOS ARMANDO Y CIA,ALUMINIO METRO LINEAL,CORREDIZAS,"CORREDIZA 2""",1
105-9953-7-88M,RIEL INFERIOR DE 2' MADERA P/CORREDIZA,MTS,True,35.03,0,0,0,ALUMINIOS Y VIDRIOS ARMANDO Y CIA,ALUMINIO METRO LINEAL,CORREDIZAS,"CORREDIZA 2""",1
103-9955-3-80M,"TRASLAPE PUERTA DE 2"" BLANCO",MTS,True,18.73,0,0,0,ALUMINIOS Y VIDRIOS ARMANDO Y CIA,ALUMINIO METRO LINEAL,CORREDIZAS,"CORREDIZA 2""",1
991-9955-3-10M,"TRASLAPE PUERTA DE 2"" NATURAL PULIDO",MTS,True,56.65,0,0,0,ALUMINIOS Y VIDRIOS ARMANDO Y CIA,ALUMINIO METRO LINEAL,CORREDIZAS,"CORREDIZA 2""",1
102-9955-3-18M,TRASLAPE PUERTA DE 2' CAFE P/CORREDIZA,MTS,True,1.31,0,0,0,ALUMINIOS Y VIDRIOS ARMANDO Y CIA,ALUMINIO METRO LINEAL,CORREDIZAS,"CORREDIZA 2""",1
104-9955-3-4M,TRASLAPE PUERTA DE 2' CHAMP PULIDO P/CORREDIZA,MTS,True,49,0,0,0,ALUMINIOS Y VIDRIOS ARMANDO Y CIA,ALUMINIO METRO LINEAL,CORREDIZAS,"CORREDIZA 2""",1
105-9955-3-88M,TRASLAPE PUERTA DE 2' MADERA P/CORREDIZA,MTS,True,26.41,0,0,0,ALUMINIOS Y VIDRIOS ARMANDO Y CIA,ALUMINIO METRO LINEAL,CORREDIZAS,"CORREDIZA 2""",1
101-9955-3-11M,TRASLAPE PUERTA DE 2' NATURAL,MTS,True,8.52,0,0,0,ALUMINIOS Y VIDRIOS ARMANDO Y CIA,ALUMINIO METRO LINEAL,CORREDIZAS,"CORREDIZA 2""",1
103-11044-7-80M,"ZOCLO CHICO DE 2"" BLANCO P/CORREDIZA",MTS,True,16.55,0,0,0,ALUMINIOS Y VIDRIOS ARMANDO Y CIA,ALUMINIO METRO LINEAL,CORREDIZAS,"CORREDIZA 2""",1
101-11044-7-11M,"ZOCLO CHICO DE 2"" NATURAL P/CORREDIZA",MTS,True,48.29,0,0,0,ALUMINIOS Y VIDRIOS ARMANDO Y CIA,ALUMINIO METRO LINEAL,CORREDIZAS,"CORREDIZA 2""",1
991-11044-7-10M,"ZOCLO CHICO DE 2"" NATURAL PULIDO",MTS,True,41.91,0,0,0,ALUMINIOS Y VIDRIOS ARMANDO Y CIA,ALUMINIO METRO LINEAL,CORREDIZAS,"CORREDIZA 2""",1
102-11044-7-18M,ZOCLO CHICO DE 2' CAFE P/CORREDIZA,MTS,True,23.23,0,0,0,ALUMINIOS Y VIDRIOS ARMANDO Y CIA,ALUMINIO METRO LINEAL,CORREDIZAS,"CORREDIZA 2""",1
104-11044-7-4M,ZOCLO CHICO DE 2' CHAMP PULIDO P/CORREDIZA,MTS,True,38.57,0,0,0,ALUMINIOS Y VIDRIOS ARMANDO Y CIA,ALUMINIO METRO LINEAL,CORREDIZAS,"CORREDIZA 2""",1
105-11044-7-88M,ZOCLO CHICO DE 2' MADERA P/CORREDIZA,MTS,True,35.95,0,0,0,ALUMINIOS Y VIDRIOS ARMANDO Y CIA,ALUMINIO METRO LINEAL,CORREDIZAS,"CORREDIZA 2""",1
103-7825-7-80M,"ZOCLO GRANDE DE 2"" BLANCO P/CORREDIZA",MTS,True,42.4,0,0,0,ALUMINIOS Y VIDRIOS ARMANDO Y CIA,ALUMINIO METRO LINEAL,CORREDIZAS,"CORREDIZA 2""",1
101-7825-7-11M,"ZOCLO GRANDE DE 2"" NATURAL P/CORREDIZA",MTS,True,51.15,0,0,0,ALUMINIOS Y VIDRIOS ARMANDO Y CIA,ALUMINIO METRO LINEAL,CORREDIZAS,"CORREDIZA 2""",1
991-7825-7-10M,"ZOCLO GRANDE DE 2"" NATURAL PULIDO",MTS,True,55.2,0,0,0,ALUMINIOS Y VIDRIOS ARMANDO Y CIA,ALUMINIO METRO LINEAL,CORREDIZAS,"CORREDIZA 2""",1
102-7825-7-18M,ZOCLO GRANDE DE 2' CAFE P/CORREDIZA,MTS,True,56.66,0,0,0,ALUMINIOS Y VIDRIOS ARMANDO Y CIA,ALUMINIO METRO LINEAL,CORREDIZAS,"CORREDIZA 2""",1
104-7825-7-4M,ZOCLO GRANDE DE 2' CHAMP PULIDO P/CORREDIZA,MTS,True,47.08,0,0,0,ALUMINIOS Y VIDRIOS ARMANDO Y CIA,ALUMINIO METRO LINEAL,CORREDIZAS,"CORREDIZA 2""",1
105-7825-7-88M,ZOCLO GRANDE DE 2' MADERA P/CORREDIZA,MTS,True,31.01,0,0,0,ALUMINIOS Y VIDRIOS ARMANDO Y CIA,ALUMINIO METRO LINEAL,CORREDIZAS,"CORREDIZA 2""",1
111-7836-7-10M,"CABEZAL DE 3"" NATURAL PULIDO",MTS,True,60,0,0,0,ALUMINIOS Y VIDRIOS ARMANDO Y CIA,ALUMINIO METRO LINEAL,CORREDIZAS,"CORREDIZA 3""",1
113-7836-7-80M,CABEZAL DE 3' BLANCO P/CORREDIZA,MTS,True,53,0,0,0,ALUMINIOS Y VIDRIOS ARMANDO Y CIA,ALUMINIO METRO LINEAL,CORREDIZAS,"CORREDIZA 3""",1
112-7836-7-18M,CABEZAL DE 3' CAFE P/CORREDIZA,MTS,True,9.15,0,0,0,ALUMINIOS Y VIDRIOS ARMANDO Y CIA,ALUMINIO METRO LINEAL,CORREDIZAS,"CORREDIZA 3""",1
114-7836-7-4M,CABEZAL DE 3' CHAMP PULIDO P/CORREDIZA,MTS,True,53,0,0,0,ALUMINIOS Y VIDRIOS ARMANDO Y CIA,ALUMINIO METRO LINEAL,CORREDIZAS,"CORREDIZA 3""",1
115-7836-7-88M,CABEZAL DE 3' MADERA P/CORREDIZA,MTS,True,56.2,0,0,0,ALUMINIOS Y VIDRIOS ARMANDO Y CIA,ALUMINIO METRO LINEAL,CORREDIZAS,"CORREDIZA 3""",1
111-7836-7-11M,CABEZAL DE 3' NATURAL P/CORREDIZA,MTS,True,57.5,0,0,0,ALUMINIOS Y VIDRIOS ARMANDO Y CIA,ALUMINIO METRO LINEAL,CORREDIZAS,"CORREDIZA 3""",1
111-7847-3-10M,"CERCO PUERTA DE 3"" NATURAL PULIDO DE 3""",MTS,True,58.2,0,0,0,ALUMINIOS Y VIDRIOS ARMANDO Y CIA,ALUMINIO METRO LINEAL,CORREDIZAS,"CORREDIZA 3""",1
113-7847-3-80M,CERCO PUERTA DE 3' BLANCO P/CORREDIZA,MTS,True,22.67,0,0,0,ALUMINIOS Y VIDRIOS ARMANDO Y CIA,ALUMINIO METRO LINEAL,CORREDIZAS,"CORREDIZA 3""",1
112-7847-3-18M,CERCO PUERTA DE 3' CAFE P/CORREDIZA,MTS,True,1.83,0,0,0,ALUMINIOS Y VIDRIOS ARMANDO Y CIA,ALUMINIO METRO LINEAL,CORREDIZAS,"CORREDIZA 3""",1
114-7847-3-4M,CERCO PUERTA DE 3' CHAMP PULIDO P/CORREDIZA,MTS,True,38.02,0,0,0,ALUMINIOS Y VIDRIOS ARMANDO Y CIA,ALUMINIO METRO LINEAL,CORREDIZAS,"CORREDIZA 3""",1
115-7847-3-88M,CERCO PUERTA DE 3' MADERA,MTS,True,45.9,0,0,0,ALUMINIOS Y VIDRIOS ARMANDO Y CIA,ALUMINIO METRO LINEAL,CORREDIZAS,"CORREDIZA 3""",1
111-7847-3-11M,CERCO PUERTA DE 3' NATURAL P/CORREDIZA,MTS,True,20.77,0,0,0,ALUMINIOS Y VIDRIOS ARMANDO Y CIA,ALUMINIO METRO LINEAL,CORREDIZAS,"CORREDIZA 3""",1
113-7843-7-80M,CERCO VENTANA DE 3' BLANCO P/CORREDIZA,MTS,True,0,0,0,0,ALUMINIOS Y VIDRIOS ARMANDO Y CIA,ALUMINIO METRO LINEAL,CORREDIZAS,"CORREDIZA 3""",1
114-7843-7-4M,CERCO VENTANA DE 3' CHAMP PULIDO P/CORREDIZA,MTS,True,60,0,0,0,ALUMINIOS Y VIDRIOS ARMANDO Y CIA,ALUMINIO METRO LINEAL,CORREDIZAS,"CORREDIZA 3""",1
113-7826-7-80M,"CHAMBRANA DE 3"" BLANCO P/CORREDIZA",MTS,True,54.98,0,0,0,ALUMINIOS Y VIDRIOS ARMANDO Y CIA,ALUMINIO METRO LINEAL,CORREDIZAS,"CORREDIZA 3""",1
112-7826-7-18M,"CHAMBRANA DE 3"" CAFE P/CORREDIZA",MTS,True,0.04,0,0,0,ALUMINIOS Y VIDRIOS ARMANDO Y CIA,ALUMINIO METRO LINEAL,CORREDIZAS,"CORREDIZA 3""",1
111-7826-7-10M,"CHAMBRANA DE 3"" NATURAL PULIDO",MTS,True,60,0,0,0,ALUMINIOS Y VIDRIOS ARMANDO Y CIA,ALUMINIO METRO LINEAL,CORREDIZAS,"CORREDIZA 3""",1
114-7826-7-4M,CHAMBRANA DE 3' CHAMP PULIDO P/CORREDIZA,MTS,True,36.91,0,0,0,ALUMINIOS Y VIDRIOS ARMANDO Y CIA,ALUMINIO METRO LINEAL,CORREDIZAS,"CORREDIZA 3""",1
115-7826-7-88M,CHAMBRANA DE 3' MADERA P/CORREDIZA,MTS,True,48.99,0,0,0,ALUMINIOS Y VIDRIOS ARMANDO Y CIA,ALUMINIO METRO LINEAL,CORREDIZAS,"CORREDIZA 3""",1
111-7826-7-11M,CHAMBRANA DE 3' NATURAL P/CORREDIZA,MTS,True,49.46,0,0,0,ALUMINIOS Y VIDRIOS ARMANDO Y CIA,ALUMINIO METRO LINEAL,CORREDIZAS,"CORREDIZA 3""",1
112-9082-7-18M,"INTERMEDIO DE 3"" CAFE P/CORREDIZA",MTS,True,19.95,0,0,0,ALUMINIOS Y VIDRIOS ARMANDO Y CIA,ALUMINIO METRO LINEAL,CORREDIZAS,"CORREDIZA 3""",1
115-9082-7-88M,"INTERMEDIO DE 3"" MADERA P/CORREDIZA",MTS,True,38.58,0,0,0,ALUMINIOS Y VIDRIOS ARMANDO Y CIA,ALUMINIO METRO LINEAL,CORREDIZAS,"CORREDIZA 3""",1
111-9082-7-10M,"INTERMEDIO DE 3"" NATURAL PULIDO",MTS,False,38.7,0,0,0,ALUMINIOS Y VIDRIOS ARMANDO Y CIA,ALUMINIO METRO LINEAL,CORREDIZAS,"CORREDIZA 3""",1
113-9082-7-80M,INTERMEDIO DE 3' BLANCO P/CORREDIZA,MTS,True,15.12,0,0,0,ALUMINIOS Y VIDRIOS ARMANDO Y CIA,ALUMINIO METRO LINEAL,CORREDIZAS,"CORREDIZA 3""",1
114-9082-7-4M,INTERMEDIO DE 3' CHAMP PULIDO P/CORREDIZA,MTS,True,37.72,0,0,0,ALUMINIOS Y VIDRIOS ARMANDO Y CIA,ALUMINIO METRO LINEAL,CORREDIZAS,"CORREDIZA 3""",1
111-9082-7-11M,INTERMEDIO DE 3' NATURAL P/CORREDIZA,MTS,True,41.78,0,0,0,ALUMINIOS Y VIDRIOS ARMANDO Y CIA,ALUMINIO METRO LINEAL,CORREDIZAS,"CORREDIZA 3""",1
111-9957-7-10M,"RIEL INFERIOR DE 3"" NATURAL PULIDO",MTS,True,60,0,0,0,ALUMINIOS Y VIDRIOS ARMANDO Y CIA,ALUMINIO METRO LINEAL,CORREDIZAS,"CORREDIZA 3""",1
113-9957-7-80M,RIEL INFERIOR DE 3' BLANCO P/CORREDIZA,MTS,True,7.44,0,0,0,ALUMINIOS Y VIDRIOS ARMANDO Y CIA,ALUMINIO METRO LINEAL,CORREDIZAS,"CORREDIZA 3""",1
112-9957-7-18M,RIEL INFERIOR DE 3' CAFE P/CORREDIZA,MTS,True,24.5,0,0,0,ALUMINIOS Y VIDRIOS ARMANDO Y CIA,ALUMINIO METRO LINEAL,CORREDIZAS,"CORREDIZA 3""",1
114-9957-7-4M,RIEL INFERIOR DE 3' CHAMP PULIDO P/CORREDIZA,MTS,True,18.37,0,0,0,ALUMINIOS Y VIDRIOS ARMANDO Y CIA,ALUMINIO METRO LINEAL,CORREDIZAS,"CORREDIZA 3""",1
115-9957-7-88M,RIEL INFERIOR DE 3' MADERA P/CORREDIZA,MTS,True,46.15,0,0,0,ALUMINIOS Y VIDRIOS ARMANDO Y CIA,ALUMINIO METRO LINEAL,CORREDIZAS,"CORREDIZA 3""",1
111-9957-7-11M,RIEL INFERIOR DE 3' NATURAL P/CORREDIZA,MTS,True,39.55,0,0,0,ALUMINIOS Y VIDRIOS ARMANDO Y CIA,ALUMINIO METRO LINEAL,CORREDIZAS,"CORREDIZA 3""",1
113-7848-3-80M,"TRASLAPE PUERTA DE 3"" BLANCO",MTS,True,23.34,0,0,0,ALUMINIOS Y VIDRIOS ARMANDO Y CIA,ALUMINIO METRO LINEAL,CORREDIZAS,"CORREDIZA 3""",1
111-7848-3-10M,"TRASLAPE PUERTA DE 3"" NATURAL PULIDO",MTS,True,60,0,0,0,ALUMINIOS Y VIDRIOS ARMANDO Y CIA,ALUMINIO METRO LINEAL,CORREDIZAS,"CORREDIZA 3""",1
112-7848-3-18M,TRASLAPE PUERTA DE 3' CAFE P/CORREDIZA,MTS,True,8.46,0,0,0,ALUMINIOS Y VIDRIOS ARMANDO Y CIA,ALUMINIO METRO LINEAL,CORREDIZAS,"CORREDIZA 3""",1
114-7848-3-4M,TRASLAPE PUERTA DE 3' CHAMP PULIDO P/CORREDIZA,MTS,True,49,0,0,0,ALUMINIOS Y VIDRIOS ARMANDO Y CIA,ALUMINIO METRO LINEAL,CORREDIZAS,"CORREDIZA 3""",1
115-7848-3-88M,TRASLAPE PUERTA DE 3' MADERA,MTS,True,48.7,0,0,0,ALUMINIOS Y VIDRIOS ARMANDO Y CIA,ALUMINIO METRO LINEAL,CORREDIZAS,"CORREDIZA 3""",1
111-7848-3-11M,TRASLAPE PUERTA DE 3' NATURAL P/CORREDIZA,MTS,True,40.85,0,0,0,ALUMINIOS Y VIDRIOS ARMANDO Y CIA,ALUMINIO METRO LINEAL,CORREDIZAS,"CORREDIZA 3""",1
112-7844-7-18M,TRASLAPE VENTANA DE 3' CAFE P/CORREDIZA,MTS,True,0,0,0,0,ALUMINIOS Y VIDRIOS ARMANDO Y CIA,ALUMINIO METRO LINEAL,CORREDIZAS,"CORREDIZA 3""",1
114-7844-7-4M,TRASLAPE VENTANA DE 3' CHAMP PULIDO P/CORREDIZA,MTS,True,0,0,0,0,ALUMINIOS Y VIDRIOS ARMANDO Y CIA,ALUMINIO METRO LINEAL,CORREDIZAS,"CORREDIZA 3""",1
811-7842-7-85M,"ZOCLO PUERTA DE 3"" BEIGE",MTS,True,0,0,0,0,ALUMINIOS Y VIDRIOS ARMANDO Y CIA,ALUMINIO METRO LINEAL,CORREDIZAS,"CORREDIZA 3""",1
991-7842-7-10M,"ZOCLO PUERTA DE 3"" NATURAL PULIDO",MTS,True,54.1,0,0,0,ALUMINIOS Y VIDRIOS ARMANDO Y CIA,ALUMINIO METRO LINEAL,CORREDIZAS,"CORREDIZA 3""",1
113-7842-7-80M,ZOCLO PUERTA DE 3' BLANCO P/CORREDIZA,MTS,True,16,0,0,0,ALUMINIOS Y VIDRIOS ARMANDO Y CIA,ALUMINIO METRO LINEAL,CORREDIZAS,"CORREDIZA 3""",1
112-7842-7-18M,ZOCLO PUERTA DE 3' CAFE P/CORREDIZA,MTS,True,2.58,0,0,0,ALUMINIOS Y VIDRIOS ARMANDO Y CIA,ALUMINIO METRO LINEAL,CORREDIZAS,"CORREDIZA 3""",1
114-7842-7-4M,ZOCLO PUERTA DE 3' CHAMP PULIDO P/CORREDIZA,MTS,True,48.52,0,0,0,ALUMINIOS Y VIDRIOS ARMANDO Y CIA,ALUMINIO METRO LINEAL,CORREDIZAS,"CORREDIZA 3""",1
115-7842-7-88M,ZOCLO PUERTA DE 3' MADERA P/CORREDIZA,MTS,True,0,0,0,0,ALUMINIOS Y VIDRIOS ARMANDO Y CIA,ALUMINIO METRO LINEAL,CORREDIZAS,"CORREDIZA 3""",1
111-7842-7-11M,ZOCLO PUERTA DE 3' NATURAL P/CORREDIZA,MTS,True,10.58,0,0,0,ALUMINIOS Y VIDRIOS ARMANDO Y CIA,ALUMINIO METRO LINEAL,CORREDIZAS,"CORREDIZA 3""",1
811-7835-7-85M,"ZOCLO VENTANA DE 3"" BEIGE",MTS,True,0,0,0,0,ALUMINIOS Y VIDRIOS ARMANDO Y CIA,ALUMINIO METRO LINEAL,CORREDIZAS,"CORREDIZA 3""",1
991-7835-7-10M,"ZOCLO VENTANA DE 3"" NATURAL PULIDO",MTS,True,58,0,0,0,ALUMINIOS Y VIDRIOS ARMANDO Y CIA,ALUMINIO METRO LINEAL,CORREDIZAS,"CORREDIZA 3""",1
113-7835-7-80M,ZOCLO VENTANA DE 3' BLANCO P/CORREDIZA,MTS,True,34.92,0,0,0,ALUMINIOS Y VIDRIOS ARMANDO Y CIA,ALUMINIO METRO LINEAL,CORREDIZAS,"CORREDIZA 3""",1
112-7835-7-18M,ZOCLO VENTANA DE 3' CAFE P/CORREDIZA,MTS,True,14.78,0,0,0,ALUMINIOS Y VIDRIOS ARMANDO Y CIA,ALUMINIO METRO LINEAL,CORREDIZAS,"CORREDIZA 3""",1
114-7835-7-4M,ZOCLO VENTANA DE 3' CHAMP PULIDO P/CORREDIZA,MTS,True,31.72,0,0,0,ALUMINIOS Y VIDRIOS ARMANDO Y CIA,ALUMINIO METRO LINEAL,CORREDIZAS,"CORREDIZA 3""",1
115-7835-7-88M,ZOCLO VENTANA DE 3' MADERA P/CORREDIZA,MTS,True,44.1,0,0,0,ALUMINIOS Y VIDRIOS ARMANDO Y CIA,ALUMINIO METRO LINEAL,CORREDIZAS,"CORREDIZA 3""",1
111-7835-7-11M,ZOCLO VENTANA DE 3' NATURAL P/CORREDIZA,MTS,True,50.79,0,0,0,ALUMINIOS Y VIDRIOS ARMANDO Y CIA,ALUMINIO METRO LINEAL,CORREDIZAS,"CORREDIZA 3""",1
172-6617-7-80M,DUELA LISA BLANCA,MTS,True,15.81,0,0,0,ALUMINIOS Y VIDRIOS ARMANDO Y CIA,ALUMINIO METRO LINEAL,DUELAS,DUELA LISA,1
171-6617-7-18M,DUELA LISA CAFE,MTS,True,31.1,0,0,0,ALUMINIOS Y VIDRIOS ARMANDO Y CIA,ALUMINIO METRO LINEAL,DUELAS,DUELA LISA,1
173-6617-7-4M,DUELA LISA CHAMPAGNE BTE,MTS,True,26.98,0,0,0,ALUMINIOS Y VIDRIOS ARMANDO Y CIA,ALUMINIO METRO LINEAL,DUELAS,DUELA LISA,1
174-6617-7-88M,DUELA LISA MADERA,MTS,True,47.17,0,0,0,ALUMINIOS Y VIDRIOS ARMANDO Y CIA,ALUMINIO METRO LINEAL,DUELAS,DUELA LISA,1
170-6617-7-11M,DUELA LISA NATURAL,MTS,True,48.92,0,0,0,ALUMINIOS Y VIDRIOS ARMANDO Y CIA,ALUMINIO METRO LINEAL,DUELAS,DUELA LISA,1
172-11128-7-80M,DUELA ONDULADA BLANCA,MTS,True,45.52,0,0,0,ALUMINIOS Y VIDRIOS ARMANDO Y CIA,ALUMINIO METRO LINEAL,DUELAS,DUELA ONDULADA,1
171-11128-7-18M,DUELA ONDULADA CAFE,MTS,True,57.52,0,0,0,ALUMINIOS Y VIDRIOS ARMANDO Y CIA,ALUMINIO METRO LINEAL,DUELAS,DUELA ONDULADA,1
173-11128-7-4M,DUELA ONDULADA CHAMPAGNE BTE,MTS,True,60,0,0,0,ALUMINIOS Y VIDRIOS ARMANDO Y CIA,ALUMINIO METRO LINEAL,DUELAS,DUELA ONDULADA,1
174-11128-7-88M,DUELA ONDULADA MADERA,MTS,True,60,0,0,0,ALUMINIOS Y VIDRIOS ARMANDO Y CIA,ALUMINIO METRO LINEAL,DUELAS,DUELA ONDULADA,1
170-11128-7-11M,DUELA ONDULADA NATURAL,MTS,True,58.07,0,0,0,ALUMINIOS Y VIDRIOS ARMANDO Y CIA,ALUMINIO METRO LINEAL,DUELAS,DUELA ONDULADA,1
106-9084-7-10M,"ESCALONADO DE 2"" NATURAL PULIDO",MTS,True,58.95,0,0,0,ALUMINIOS Y VIDRIOS ARMANDO Y CIA,ALUMINIO METRO LINEAL,FIJOS,"FIJA 2""",1
109-9084-7-80M,ESCALONADO DE 2' BLANCO FIJO,MTS,True,35.05,0,0,0,ALUMINIOS Y VIDRIOS ARMANDO Y CIA,ALUMINIO METRO LINEAL,FIJOS,"FIJA 2""",1
107-9084-7-18M,ESCALONADO DE 2' CAFE FIJO,MTS,True,33.85,0,0,0,ALUMINIOS Y VIDRIOS ARMANDO Y CIA,ALUMINIO METRO LINEAL,FIJOS,"FIJA 2""",1
109-9084-7-4M,ESCALONADO DE 2' CHAMP PULIDO FIJO,MTS,True,54.95,0,0,0,ALUMINIOS Y VIDRIOS ARMANDO Y CIA,ALUMINIO METRO LINEAL,FIJOS,"FIJA 2""",1
110-9084-7-88M,ESCALONADO DE 2' MADERA FIJO,MTS,True,59.3,0,0,0,ALUMINIOS Y VIDRIOS ARMANDO Y CIA,ALUMINIO METRO LINEAL,FIJOS,"FIJA 2""",1
106-9084-7-11M,ESCALONADO DE 2' NATURAL FIJO,MTS,True,55.9,0,0,0,ALUMINIOS Y VIDRIOS ARMANDO Y CIA,ALUMINIO METRO LINEAL,FIJOS,"FIJA 2""",1
106-9088-7-10M,"JUNQUILLO DE 2"" NATURAL PULIDO",MTS,True,58.95,0,0,0,ALUMINIOS Y VIDRIOS ARMANDO Y CIA,ALUMINIO METRO LINEAL,FIJOS,"FIJA 2""",1
108-9088-7-80M,JUNQUILLO DE 2' BLANCO FIJO,MTS,True,34.02,0,0,0,ALUMINIOS Y VIDRIOS ARMANDO Y CIA,ALUMINIO METRO LINEAL,FIJOS,"FIJA 2""",1
107-9088-7-18M,JUNQUILLO DE 2' CAFE FIJO,MTS,True,30.8,0,0,0,ALUMINIOS Y VIDRIOS ARMANDO Y CIA,ALUMINIO METRO LINEAL,FIJOS,"FIJA 2""",1
109-9088-7-4M,JUNQUILLO DE 2' CHAMP PULIDO FIJO,MTS,True,54.5,0,0,0,ALUMINIOS Y VIDRIOS ARMANDO Y CIA,ALUMINIO METRO LINEAL,FIJOS,"FIJA 2""",1
110-9088-7-88M,JUNQUILLO DE 2' MADERA FIJO,MTS,True,59.3,0,0,0,ALUMINIOS Y VIDRIOS ARMANDO Y CIA,ALUMINIO METRO LINEAL,FIJOS,"FIJA 2""",1
106-9088-7-11M,JUNQUILLO DE 2' NATURAL FIJO,MTS,True,55.9,0,0,0,ALUMINIOS Y VIDRIOS ARMANDO Y CIA,ALUMINIO METRO LINEAL,FIJOS,"FIJA 2""",1
106-9083-7-10M,"PERIMETRAL DE 2"" NATURAL PULIDO",MTS,True,0,0,0,0,ALUMINIOS Y VIDRIOS ARMANDO Y CIA,ALUMINIO METRO LINEAL,FIJOS,"FIJA 2""",1
108-9083-7-80M,PERIMETRAL DE 2' BLANCO FIJO,MTS,True,47.25,0,0,0,ALUMINIOS Y VIDRIOS ARMANDO Y CIA,ALUMINIO METRO LINEAL,FIJOS,"FIJA 2""",1
107-9083-7-18M,PERIMETRAL DE 2' CAFE FIJO,MTS,True,44.21,0,0,0,ALUMINIOS Y VIDRIOS ARMANDO Y CIA,ALUMINIO METRO LINEAL,FIJOS,"FIJA 2""",1
109-9083-7-4M,PERIMETRAL DE 2' CHAMP PULIDO FIJO,MTS,True,51.8,0,0,0,ALUMINIOS Y VIDRIOS ARMANDO Y CIA,ALUMINIO METRO LINEAL,FIJOS,"FIJA 2""",1
110-9083-7-88M,PERIMETRAL DE 2' MADERA FIJO,MTS,True,60,0,0,0,ALUMINIOS Y VIDRIOS ARMANDO Y CIA,ALUMINIO METRO LINEAL,FIJOS,"FIJA 2""",1
106-9083-7-11M,PERIMETRAL DE 2' NATURAL FIJO,MTS,True,56.4,0,0,0,ALUMINIOS Y VIDRIOS ARMANDO Y CIA,ALUMINIO METRO LINEAL,FIJOS,"FIJA 2""",1
107-9085-7-18M,"TAPA BOLSA DE 2"" CAFE FIJO",MTS,True,46.71,0,0,0,ALUMINIOS Y VIDRIOS ARMANDO Y CIA,ALUMINIO METRO LINEAL,FIJOS,"FIJA 2""",1
106-9085-7-10M,"TAPA BOLSA DE 2"" NATURAL PULIDO",MTS,True,59,0,0,0,ALUMINIOS Y VIDRIOS ARMANDO Y CIA,ALUMINIO METRO LINEAL,FIJOS,"FIJA 2""",1
108-9085-7-80M,TAPA BOLSA DE 2' BLANCO FIJO,MTS,True,33.95,0,0,0,ALUMINIOS Y VIDRIOS ARMANDO Y CIA,ALUMINIO METRO LINEAL,FIJOS,"FIJA 2""",1
109-9085-7-4M,TAPA BOLSA DE 2' CHAMP PULIDO FIJO,MTS,True,58,0,0,0,ALUMINIOS Y VIDRIOS ARMANDO Y CIA,ALUMINIO METRO LINEAL,FIJOS,"FIJA 2""",1
110-9085-7-88M,TAPA BOLSA DE 2' MADERA FIJO,MTS,True,57,0,0,0,ALUMINIOS Y VIDRIOS ARMANDO Y CIA,ALUMINIO METRO LINEAL,FIJOS,"FIJA 2""",1
106-9085-7-11M,TAPA BOLSA DE 2' NATURAL FIJO,MTS,True,58.55,0,0,0,ALUMINIOS Y VIDRIOS ARMANDO Y CIA,ALUMINIO METRO LINEAL,FIJOS,"FIJA 2""",1
108-4051-7-80M,"TAPA LISA DE 2"" BLANCO FIJO",MTS,True,31.73,0,0,0,ALUMINIOS Y VIDRIOS ARMANDO Y CIA,ALUMINIO METRO LINEAL,FIJOS,"FIJA 2""",1
107-4051-7-18M,"TAPA LISA DE 2"" CAFE FIJO",MTS,True,38.15,0,0,0,ALUMINIOS Y VIDRIOS ARMANDO Y CIA,ALUMINIO METRO LINEAL,FIJOS,"FIJA 2""",1
106-4051-7-10M,"TAPA LISA DE 2"" NATURAL PULIDO",MTS,True,60,0,0,0,ALUMINIOS Y VIDRIOS ARMANDO Y CIA,ALUMINIO METRO LINEAL,FIJOS,"FIJA 2""",1
109-4051-7-4M,TAPA LISA DE 2' CHAMP PULIDO FIJO,MTS,True,53.25,0,0,0,ALUMINIOS Y VIDRIOS ARMANDO Y CIA,ALUMINIO METRO LINEAL,FIJOS,"FIJA 2""",1
110-4051-7-88M,TAPA LISA DE 2' MADERA FIJO,MTS,True,50.9,0,0,0,ALUMINIOS Y VIDRIOS ARMANDO Y CIA,ALUMINIO METRO LINEAL,FIJOS,"FIJA 2""",1
106-4051-7-11M,TAPA LISA DE 2' NATURAL FIJO,MTS,True,50.17,0,0,0,ALUMINIOS Y VIDRIOS ARMANDO Y CIA,ALUMINIO METRO LINEAL,FIJOS,"FIJA 2""",1
118-9136-7-80M,"ESCALONADO DE 3"" BLANCO FIJO",MTS,True,58.8,0,0,0,ALUMINIOS Y VIDRIOS ARMANDO Y CIA,ALUMINIO METRO LINEAL,FIJOS,"FIJA 3""",1
921-9136-7-10M,"ESCALONADO DE 3"" NATURAL PULIDO",MTS,True,60,0,0,0,ALUMINIOS Y VIDRIOS ARMANDO Y CIA,ALUMINIO METRO LINEAL,FIJOS,"FIJA 3""",1
117-9136-7-18M,ESCALONADO DE 3' CAFE FIJO,MTS,True,36.38,0,0,0,ALUMINIOS Y VIDRIOS ARMANDO Y CIA,ALUMINIO METRO LINEAL,FIJOS,"FIJA 3""",1
119-9136-7-4M,ESCALONADO DE 3' CHAMP PULIDO FIJO,MTS,True,58.1,0,0,0,ALUMINIOS Y VIDRIOS ARMANDO Y CIA,ALUMINIO METRO LINEAL,FIJOS,"FIJA 3""",1
120-9136-7-88M,ESCALONADO DE 3' MADERA FIJO,MTS,True,58.5,0,0,0,ALUMINIOS Y VIDRIOS ARMANDO Y CIA,ALUMINIO METRO LINEAL,FIJOS,"FIJA 3""",1
116-9136-7-11M,ESCALONADO DE 3' NATURAL FIJO,MTS,True,59.1,0,0,0,ALUMINIOS Y VIDRIOS ARMANDO Y CIA,ALUMINIO METRO LINEAL,FIJOS,"FIJA 3""",1
921-9112-7-10M,"JUNQUILLO DE 3"" NATURAL PULIDO",MTS,True,60,0,0,0,ALUMINIOS Y VIDRIOS ARMANDO Y CIA,ALUMINIO METRO LINEAL,FIJOS,"FIJA 3""",1
117-9112-7-18M,JUNQUILLO DE 3' CAFE FIJO,MTS,True,41.38,0,0,0,ALUMINIOS Y VIDRIOS ARMANDO Y CIA,ALUMINIO METRO LINEAL,FIJOS,"FIJA 3""",1
119-9112-7-4M,JUNQUILLO DE 3' CHAMP PULIDO FIJO,MTS,True,59.1,0,0,0,ALUMINIOS Y VIDRIOS ARMANDO Y CIA,ALUMINIO METRO LINEAL,FIJOS,"FIJA 3""",1
120-9112-7-88M,JUNQUILLO DE 3' MADERA FIJO,MTS,True,58.5,0,0,0,ALUMINIOS Y VIDRIOS ARMANDO Y CIA,ALUMINIO METRO LINEAL,FIJOS,"FIJA 3""",1
116-9112-7-11M,JUNQUILLO DE 3' NATURAL FIJO,MTS,True,59.1,0,0,0,ALUMINIOS Y VIDRIOS ARMANDO Y CIA,ALUMINIO METRO LINEAL,FIJOS,"FIJA 3""",1
921-9135-7-10M,"PERIMETRAL DE 3"" NATURAL PULIDO",MTS,True,60,0,0,0,ALUMINIOS Y VIDRIOS ARMANDO Y CIA,ALUMINIO METRO LINEAL,FIJOS,"FIJA 3""",1
118-9135-7-80M,PERIMETRAL DE 3' BLANCO FIJO,MTS,True,55.81,0,0,0,ALUMINIOS Y VIDRIOS ARMANDO Y CIA,ALUMINIO METRO LINEAL,FIJOS,"FIJA 3""",1
117-9135-7-18M,PERIMETRAL DE 3' CAFE FIJO,MTS,True,37.37,0,0,0,ALUMINIOS Y VIDRIOS ARMANDO Y CIA,ALUMINIO METRO LINEAL,FIJOS,"FIJA 3""",1
119-9135-7-4M,PERIMETRAL DE 3' CHAMP PULIDO FIJO,MTS,True,57,0,0,0,ALUMINIOS Y VIDRIOS ARMANDO Y CIA,ALUMINIO METRO LINEAL,FIJOS,"FIJA 3""",1
120-9135-7-88M,PERIMETRAL DE 3' MADERA FIJO,MTS,True,58,0,0,0,ALUMINIOS Y VIDRIOS ARMANDO Y CIA,ALUMINIO METRO LINEAL,FIJOS,"FIJA 3""",1
116-9135-7-11M,PERIMETRAL DE 3' NATURAL FIJO,MTS,True,58.85,0,0,0,ALUMINIOS Y VIDRIOS ARMANDO Y CIA,ALUMINIO METRO LINEAL,FIJOS,"FIJA 3""",1
921-7315-7-10M,"TAPA BOLSA DE 3"" NATURAL PULIDO",MTS,True,58.5,0,0,0,ALUMINIOS Y VIDRIOS ARMANDO Y CIA,ALUMINIO METRO LINEAL,FIJOS,"FIJA 3""",1
118-7315-7-80M,TAPA BOLSA DE 3' BLANCO FIJO,MTS,True,55.46,0,0,0,ALUMINIOS Y VIDRIOS ARMANDO Y CIA,ALUMINIO METRO LINEAL,FIJOS,"FIJA 3""",1
117-7315-7-18M,TAPA BOLSA DE 3' CAFE FIJO,MTS,True,46.8,0,0,0,ALUMINIOS Y VIDRIOS ARMANDO Y CIA,ALUMINIO METRO LINEAL,FIJOS,"FIJA 3""",1
119-7315-7-4M,TAPA BOLSA DE 3' CHAMP PULIDO FIJO,MTS,True,57.7,0,0,0,ALUMINIOS Y VIDRIOS ARMANDO Y CIA,ALUMINIO METRO LINEAL,FIJOS,"FIJA 3""",1
120-7315-7-88M,TAPA BOLSA DE 3' MADERA FIJO,MTS,True,58.4,0,0,0,ALUMINIOS Y VIDRIOS ARMANDO Y CIA,ALUMINIO METRO LINEAL,FIJOS,"FIJA 3""",1
116-7315-7-11M,TAPA BOLSA DE 3' NATURAL FIJO,MTS,True,58.35,0,0,0,ALUMINIOS Y VIDRIOS ARMANDO Y CIA,ALUMINIO METRO LINEAL,FIJOS,"FIJA 3""",1
117-7316-7-18M,"TAPA LISA DE 3"" CAFE",MTS,True,38.49,0,0,0,ALUMINIOS Y VIDRIOS ARMANDO Y CIA,ALUMINIO METRO LINEAL,FIJOS,"FIJA 3""",1
921-7316-7-10M,"TAPA LISA DE 3"" NATURAL PULIDO",MTS,True,56.95,0,0,0,ALUMINIOS Y VIDRIOS ARMANDO Y CIA,ALUMINIO METRO LINEAL,FIJOS,"FIJA 3""",1
118-7316-7-80M,TAPA LISA DE 3' BLANCO FIJO,MTS,True,50.5,0,0,0,ALUMINIOS Y VIDRIOS ARMANDO Y CIA,ALUMINIO METRO LINEAL,FIJOS,"FIJA 3""",1
119-7316-7-4M,TAPA LISA DE 3' CHAMP PULIDO FIJO,MTS,True,52.01,0,0,0,ALUMINIOS Y VIDRIOS ARMANDO Y CIA,ALUMINIO METRO LINEAL,FIJOS,"FIJA 3""",1
120-7316-7-88M,TAPA LISA DE 3' MADERA FIJO,MTS,True,55.78,0,0,0,ALUMINIOS Y VIDRIOS ARMANDO Y CIA,ALUMINIO METRO LINEAL,FIJOS,"FIJA 3""",1
116-7316-7-11M,TAPA LISA DE 3' NATURAL FIJO,MTS,True,55.76,0,0,0,ALUMINIOS Y VIDRIOS ARMANDO Y CIA,ALUMINIO METRO LINEAL,FIJOS,"FIJA 3""",1
113-7850-7-80m,CERCO OXXO DE 3' BLANCO P/CORREDIZA,MTS,True,0,0,0,0,ALUMINIOS Y VIDRIOS ARMANDO Y CIA,ALUMINIO METRO LINEAL,GENERAL,"CORREDIZA 3""",1
991--6617-7-10M,DUELA LISA NATURAL PULIDO,MTS,True,54.8,0,0,0,ALUMINIOS Y VIDRIOS ARMANDO Y CIA,ALUMINIO METRO LINEAL,GENERAL,DUELA LISA,1
118-9112-7-80M,JUNQUILLO DE 3' BLANCO FIJO,MTS,True,58.8,0,0,0,ALUMINIOS Y VIDRIOS ARMANDO Y CIA,ALUMINIO METRO LINEAL,GENERAL,"FIJA 3""",1
197-3160-7-80M,RIBETE PECHO PALOMA (BOCEL) BLANCO,MTS,True,53.1,0,0,0,ALUMINIOS Y VIDRIOS ARMANDO Y CIA,ALUMINIO METRO LINEAL,MOLDURAS,MOLDURAS,1
196-3160-7-18M,RIBETE PECHO PALOMA (BOCEL) CAFE,MTS,True,51.83,0,0,0,ALUMINIOS Y VIDRIOS ARMANDO Y CIA,ALUMINIO METRO LINEAL,MOLDURAS,MOLDURAS,1
197-3160-7-4M,RIBETE PECHO PALOMA (BOCEL) CHAMPAGNE PULIDO,MTS,True,53.5,0,0,0,ALUMINIOS Y VIDRIOS ARMANDO Y CIA,ALUMINIO METRO LINEAL,MOLDURAS,MOLDURAS,1
197-3160-7-88M,RIBETE PECHO PALOMA (BOCEL) MADERA,MTS,True,59.5,0,0,0,ALUMINIOS Y VIDRIOS ARMANDO Y CIA,ALUMINIO METRO LINEAL,MOLDURAS,MOLDURAS,1
195-3160-7-11M,RIBETE PECHO PALOMA (BOCEL) NATURAL,MTS,True,55.5,0,0,0,ALUMINIOS Y VIDRIOS ARMANDO Y CIA,ALUMINIO METRO LINEAL,MOLDURAS,MOLDURAS,1
127-7333-7-80M,MOSQUITERO ECONOMICO BLANCO,MTS,True,11.58,0,0,0,ALUMINIOS Y VIDRIOS ARMANDO Y CIA,ALUMINIO METRO LINEAL,MOSQUITEROS,MOSQUITEROS,1
126-7333-7-18M,MOSQUITERO ECONOMICO CAFE,MTS,True,57.62,0,0,0,ALUMINIOS Y VIDRIOS ARMANDO Y CIA,ALUMINIO METRO LINEAL,MOSQUITEROS,MOSQUITEROS,1
128-7333-7-4M,MOSQUITERO ECONOMICO CHAMPAGNE BTE,MTS,True,16.32,0,0,0,ALUMINIOS Y VIDRIOS ARMANDO Y CIA,ALUMINIO METRO LINEAL,MOSQUITEROS,MOSQUITEROS,1
129-7333-7-88M,MOSQUITERO ECONOMICO MADERA,MTS,True,54.5,0,0,0,ALUMINIOS Y VIDRIOS ARMANDO Y CIA,ALUMINIO METRO LINEAL,MOSQUITEROS,MOSQUITEROS,1
125-7333-7-11M,MOSQUITERO ECONOMICO NATURAL,MTS,True,37.32,0,0,0,ALUMINIOS Y VIDRIOS ARMANDO Y CIA,ALUMINIO METRO LINEAL,MOSQUITEROS,MOSQUITEROS,1
125-7333-7-10M,MOSQUITERO ECONOMICO NATURAL PULIDO,MTS,True,54.95,0,0,0,ALUMINIOS Y VIDRIOS ARMANDO Y CIA,ALUMINIO METRO LINEAL,MOSQUITEROS,MOSQUITEROS,1
127-6533-7-80M,MOSQUITERO HORIZONTAL BLANCO,MTS,True,48.61,0,0,0,ALUMINIOS Y VIDRIOS ARMANDO Y CIA,ALUMINIO METRO LINEAL,MOSQUITEROS,MOSQUITEROS,1
126-6533-7-18M,MOSQUITERO HORIZONTAL CAFE,MTS,True,43.04,0,0,0,ALUMINIOS Y VIDRIOS ARMANDO Y CIA,ALUMINIO METRO LINEAL,MOSQUITEROS,MOSQUITEROS,1
128-6533-7-4M,MOSQUITERO HORIZONTAL CHAMPAGNE BTE,MTS,True,11.58,0,0,0,ALUMINIOS Y VIDRIOS ARMANDO Y CIA,ALUMINIO METRO LINEAL,MOSQUITEROS,MOSQUITEROS,1
129-6533-7-88M,MOSQUITERO HORIZONTAL MADERA,MTS,True,38.28,0,0,0,ALUMINIOS Y VIDRIOS ARMANDO Y CIA,ALUMINIO METRO LINEAL,MOSQUITEROS,MOSQUITEROS,1
125-6533-7-11M,MOSQUITERO HORIZONTAL NATURAL,MTS,True,44.17,0,0,0,ALUMINIOS Y VIDRIOS ARMANDO Y CIA,ALUMINIO METRO LINEAL,MOSQUITEROS,MOSQUITEROS,1
125-6533-7-10M,MOSQUITERO HORIZONTAL NATURAL PULIDO,MTS,True,58,0,0,0,ALUMINIOS Y VIDRIOS ARMANDO Y CIA,ALUMINIO METRO LINEAL,MOSQUITEROS,MOSQUITEROS,1
127-6534-3-80M,MOSQUITERO VERTICAL BLANCO,MTS,True,48.59,0,0,0,ALUMINIOS Y VIDRIOS ARMANDO Y CIA,ALUMINIO METRO LINEAL,MOSQUITEROS,MOSQUITEROS,1
126-6534-3-18M,MOSQUITERO VERTICAL CAFE,MTS,True,18.66,0,0,0,ALUMINIOS Y VIDRIOS ARMANDO Y CIA,ALUMINIO METRO LINEAL,MOSQUITEROS,MOSQUITEROS,1
128-6534-3-4M,MOSQUITERO VERTICAL CHAMP PULIDO,MTS,True,36,0,0,0,ALUMINIOS Y VIDRIOS ARMANDO Y CIA,ALUMINIO METRO LINEAL,MOSQUITEROS,MOSQUITEROS,1
129-6534-3-88M,MOSQUITERO VERTICAL MADERA,MTS,True,50.64,0,0,0,ALUMINIOS Y VIDRIOS ARMANDO Y CIA,ALUMINIO METRO LINEAL,MOSQUITEROS,MOSQUITEROS,1
125-6534-3-11M,MOSQUITERO VERTICAL NATURAL,MTS,True,47.54,0,0,0,ALUMINIOS Y VIDRIOS ARMANDO Y CIA,ALUMINIO METRO LINEAL,MOSQUITEROS,MOSQUITEROS,1
125-6534-3-10M,MOSQUITERO VERTICAL NATURAL PULIDO,MTS,True,58,0,0,0,ALUMINIOS Y VIDRIOS ARMANDO Y CIA,ALUMINIO METRO LINEAL,MOSQUITEROS,MOSQUITEROS,1
169-9366-7-80M,PASAMANOS OVALADO BLANCO,MTS,True,60,0,0,0,ALUMINIOS Y VIDRIOS ARMANDO Y CIA,ALUMINIO METRO LINEAL,PASAMANOS,PASAMANO OVALADO,1
168-9366-7-18M,PASAMANOS OVALADO CAFE,MTS,True,60,0,0,0,ALUMINIOS Y VIDRIOS ARMANDO Y CIA,ALUMINIO METRO LINEAL,PASAMANOS,PASAMANO OVALADO,1
170-9366-7-4M,PASAMANOS OVALADO CHAMP PULIDO,MTS,True,55.5,0,0,0,ALUMINIOS Y VIDRIOS ARMANDO Y CIA,ALUMINIO METRO LINEAL,PASAMANOS,PASAMANO OVALADO,1
171-9366-7-88M,PASAMANOS OVALADO MADERA,MTS,True,60,0,0,0,ALUMINIOS Y VIDRIOS ARMANDO Y CIA,ALUMINIO METRO LINEAL,PASAMANOS,PASAMANO OVALADO,1
167-9366-7-11M,PASAMANOS OVALADO NATURAL,MTS,True,60,0,0,0,ALUMINIOS Y VIDRIOS ARMANDO Y CIA,ALUMINIO METRO LINEAL,PASAMANOS,PASAMANO OVALADO,1
991-2389-7-18M,"PASAMANOS REDONDE DE 2"" CAFE",MTS,True,56.65,0,0,0,ALUMINIOS Y VIDRIOS ARMANDO Y CIA,ALUMINIO METRO LINEAL,PASAMANOS,PASAMANO REDONDO,1
991-2389-7-80M,"PASAMANOS REDONDO 2"" BLANCO",MTS,True,60,0,0,0,ALUMINIOS Y VIDRIOS ARMANDO Y CIA,ALUMINIO METRO LINEAL,PASAMANOS,PASAMANO REDONDO,1
991-2389-7-4M,"PASAMANOS REDONDO 2"" CHAMPAGNE PULIDO",MTS,True,58.9,0,0,0,ALUMINIOS Y VIDRIOS ARMANDO Y CIA,ALUMINIO METRO LINEAL,PASAMANOS,PASAMANO REDONDO,1
991-2389-7-10M,"PASAMANOS REDONDO 2"" NATURAL PULIDO",MTS,True,60,0,0,0,ALUMINIOS Y VIDRIOS ARMANDO Y CIA,ALUMINIO METRO LINEAL,PASAMANOS,PASAMANO REDONDO,1
169-2830-7-80M,"PASAMANOS REDONDO 3"" BLANCO",MTS,True,60,0,0,0,ALUMINIOS Y VIDRIOS ARMANDO Y CIA,ALUMINIO METRO LINEAL,PASAMANOS,PASAMANO REDONDO,1
168-2830-7-18M,"PASAMANOS REDONDO 3"" CAFE",MTS,True,59,0,0,0,ALUMINIOS Y VIDRIOS ARMANDO Y CIA,ALUMINIO METRO LINEAL,PASAMANOS,PASAMANO REDONDO,1
170-2830-7-4M,"PASAMANOS REDONDO 3"" CHAMP PULIDO",MTS,True,60,0,0,0,ALUMINIOS Y VIDRIOS ARMANDO Y CIA,ALUMINIO METRO LINEAL,PASAMANOS,PASAMANO REDONDO,1
171-2830-7-88M,"PASAMANOS REDONDO 3"" MADERA",MTS,True,60,0,0,0,ALUMINIOS Y VIDRIOS ARMANDO Y CIA,ALUMINIO METRO LINEAL,PASAMANOS,PASAMANO REDONDO,1
167-2830-7-11M,"PASAMANOS REDONDO 3"" NATURAL",MTS,True,60,0,0,0,ALUMINIOS Y VIDRIOS ARMANDO Y CIA,ALUMINIO METRO LINEAL,PASAMANOS,PASAMANO REDONDO,1
167-2830-7-10M,"PASAMANOS REDONDO 3"" NATURAL PULIDO",MTS,True,60,0,0,0,ALUMINIOS Y VIDRIOS ARMANDO Y CIA,ALUMINIO METRO LINEAL,PASAMANOS,PASAMANO REDONDO,1
169-11945-7-80M,"PASAMANOS REDONDO 4"" BLANCO",MTS,True,60,0,0,0,ALUMINIOS Y VIDRIOS ARMANDO Y CIA,ALUMINIO METRO LINEAL,PASAMANOS,PASAMANO REDONDO,1
159-8327-7-80M,ZOCLO HERCULITE BLANCO,MTS,True,60,0,0,0,ALUMINIOS Y VIDRIOS ARMANDO Y CIA,ALUMINIO METRO LINEAL,PASAMANOS,VARIOS,1
158-8327-7-18M,ZOCLO HERCULITE CAFE,MTS,True,0,0,0,0,ALUMINIOS Y VIDRIOS ARMANDO Y CIA,ALUMINIO METRO LINEAL,PASAMANOS,VARIOS,1
160-8327-7-4M,ZOCLO HERCULITE CHAMP PULIDO,MTS,True,60,0,0,0,ALUMINIOS Y VIDRIOS ARMANDO Y CIA,ALUMINIO METRO LINEAL,PASAMANOS,VARIOS,1
161-8327-7-88M,ZOCLO HERCULITE MADERA,MTS,True,60,0,0,0,ALUMINIOS Y VIDRIOS ARMANDO Y CIA,ALUMINIO METRO LINEAL,PASAMANOS,VARIOS,1
157-8327-7-11M,ZOCLO HERCULITE NATURAL,MTS,True,60,0,0,0,ALUMINIOS Y VIDRIOS ARMANDO Y CIA,ALUMINIO METRO LINEAL,PASAMANOS,VARIOS,1
149-7014-7-80M,JUNQUILLO DE 1' BLANCO,MTS,True,60,0,0,0,ALUMINIOS Y VIDRIOS ARMANDO Y CIA,ALUMINIO METRO LINEAL,PORTAVIDRIOS,"PORTAVIDRIO 1""",1
148-7014-7-18M,JUNQUILLO DE 1' CAFE,MTS,True,57,0,0,0,ALUMINIOS Y VIDRIOS ARMANDO Y CIA,ALUMINIO METRO LINEAL,PORTAVIDRIOS,"PORTAVIDRIO 1""",1
150-7014-7-4M,JUNQUILLO DE 1' CHAMP PULIDO,MTS,True,60,0,0,0,ALUMINIOS Y VIDRIOS ARMANDO Y CIA,ALUMINIO METRO LINEAL,PORTAVIDRIOS,"PORTAVIDRIO 1""",1
151-7014-7-88M,JUNQUILLO DE 1' MADERA,MTS,True,60,0,0,0,ALUMINIOS Y VIDRIOS ARMANDO Y CIA,ALUMINIO METRO LINEAL,PORTAVIDRIOS,"PORTAVIDRIO 1""",1
147-7014-7-11M,JUNQUILLO DE 1' NATURAL,MTS,True,60,0,0,0,ALUMINIOS Y VIDRIOS ARMANDO Y CIA,ALUMINIO METRO LINEAL,PORTAVIDRIOS,"PORTAVIDRIO 1""",1
149-7013-7-80M,PORTAVIDRIO DE 1' BLANCO,MTS,True,60,0,0,0,ALUMINIOS Y VIDRIOS ARMANDO Y CIA,ALUMINIO METRO LINEAL,PORTAVIDRIOS,"PORTAVIDRIO 1""",1
148-7013-7-18M,PORTAVIDRIO DE 1' CAFE,MTS,True,57,0,0,0,ALUMINIOS Y VIDRIOS ARMANDO Y CIA,ALUMINIO METRO LINEAL,PORTAVIDRIOS,"PORTAVIDRIO 1""",1
150-7013-7-4M,PORTAVIDRIO DE 1' CHAMP PULIDO,MTS,True,60,0,0,0,ALUMINIOS Y VIDRIOS ARMANDO Y CIA,ALUMINIO METRO LINEAL,PORTAVIDRIOS,"PORTAVIDRIO 1""",1
151-7013-7-88M,PORTAVIDRIO DE 1' MADERA,MTS,True,60,0,0,0,ALUMINIOS Y VIDRIOS ARMANDO Y CIA,ALUMINIO METRO LINEAL,PORTAVIDRIOS,"PORTAVIDRIO 1""",1
147-7013-7-11M,PORTAVIDRIO DE 1' NATURAL,MTS,True,60,0,0,0,ALUMINIOS Y VIDRIOS ARMANDO Y CIA,ALUMINIO METRO LINEAL,PORTAVIDRIOS,"PORTAVIDRIO 1""",1
643-12273-7-99M,CONTRA MARCO BLANCO,MTS,True,48.2,0,0,0,ALUMINIOS Y VIDRIOS ARMANDO Y CIA,ALUMINIO METRO LINEAL,PROYECCION,SERIE 35,1
642-12273-7-18M,CONTRA MARCO CAFE,MTS,True,33.68,0,0,0,ALUMINIOS Y VIDRIOS ARMANDO Y CIA,ALUMINIO METRO LINEAL,PROYECCION,SERIE 35,1
644-12273-7-24M,CONTRA MARCO CHAMPAGNE PULIDO,MTS,True,58,0,0,0,ALUMINIOS Y VIDRIOS ARMANDO Y CIA,ALUMINIO METRO LINEAL,PROYECCION,SERIE 35,1
654-72230-7-88M,CONTRA MARCO MADERA,MTS,True,57,0,0,0,ALUMINIOS Y VIDRIOS ARMANDO Y CIA,ALUMINIO METRO LINEAL,PROYECCION,SERIE 35,1
641-12273-7-13M,CONTRA MARCO NATURAL,MTS,True,57.6,0,0,0,ALUMINIOS Y VIDRIOS ARMANDO Y CIA,ALUMINIO METRO LINEAL,PROYECCION,SERIE 35,1
641-12273-7-10M,CONTRA MARCO NATURAL PULIDO,MTS,True,0,0,0,0,ALUMINIOS Y VIDRIOS ARMANDO Y CIA,ALUMINIO METRO LINEAL,PROYECCION,SERIE 35,1
693-12275-7-99M,INTERMEDIO EUROVENT SERIE 35 BLANCO,MTS,True,0,0,0,0,ALUMINIOS Y VIDRIOS ARMANDO Y CIA,ALUMINIO METRO LINEAL,PROYECCION,SERIE 35,1
693-12275-7-24M,INTERMEDIO EUROVENT SERIE 35 CHAMPAGNE PULIDO,MTS,True,0,0,0,0,ALUMINIOS Y VIDRIOS ARMANDO Y CIA,ALUMINIO METRO LINEAL,PROYECCION,SERIE 35,1
653-12274-7-99M,MARCO OVALADO BLANCO,MTS,True,53.2,0,0,0,ALUMINIOS Y VIDRIOS ARMANDO Y CIA,ALUMINIO METRO LINEAL,PROYECCION,SERIE 35,1
652-12274-7-18M,MARCO OVALADO CAFE,MTS,True,37.53,0,0,0,ALUMINIOS Y VIDRIOS ARMANDO Y CIA,ALUMINIO METRO LINEAL,PROYECCION,SERIE 35,1
644-12274-7-24M,MARCO OVALADO CHAMPAGNE PULIDO,MTS,True,58,0,0,0,ALUMINIOS Y VIDRIOS ARMANDO Y CIA,ALUMINIO METRO LINEAL,PROYECCION,SERIE 35,1
651-72231-7-88M,MARCO OVALADO MADERA,MTS,True,56.4,0,0,0,ALUMINIOS Y VIDRIOS ARMANDO Y CIA,ALUMINIO METRO LINEAL,PROYECCION,SERIE 35,1
651-12274-7-13M,MARCO OVALADO NATURAL,MTS,True,56.1,0,0,0,ALUMINIOS Y VIDRIOS ARMANDO Y CIA,ALUMINIO METRO LINEAL,PROYECCION,SERIE 35,1
651-12274-7-10M,MARCO OVALADO NATURAL PULIDO,MTS,True,0,0,0,0,ALUMINIOS Y VIDRIOS ARMANDO Y CIA,ALUMINIO METRO LINEAL,PROYECCION,SERIE 35,1
144-9207-7-80M,CABEZAL PUERTA BATIENTE BLANCO,MTS,True,50.55,0,0,0,ALUMINIOS Y VIDRIOS ARMANDO Y CIA,ALUMINIO METRO LINEAL,PUERTAS,BATIENTE 1750,1
143-9207-7-18M,CABEZAL PUERTA BATIENTE CAFE,MTS,True,47.6,0,0,0,ALUMINIOS Y VIDRIOS ARMANDO Y CIA,ALUMINIO METRO LINEAL,PUERTAS,BATIENTE 1750,1
145-9207-7-4M,CABEZAL PUERTA BATIENTE CHAMP PULIDO,MTS,True,49.92,0,0,0,ALUMINIOS Y VIDRIOS ARMANDO Y CIA,ALUMINIO METRO LINEAL,PUERTAS,BATIENTE 1750,1
146-9207-7-88M,CABEZAL PUERTA BATIENTE MADERA,MTS,True,59.1,0,0,0,ALUMINIOS Y VIDRIOS ARMANDO Y CIA,ALUMINIO METRO LINEAL,PUERTAS,BATIENTE 1750,1
142-9207-7-10M,CABEZAL PUERTA BATIENTE NAT PULIDO,MTS,True,59,0,0,0,ALUMINIOS Y VIDRIOS ARMANDO Y CIA,ALUMINIO METRO LINEAL,PUERTAS,BATIENTE 1750,1
142-9207-7-11M,CABEZAL PUERTA BATIENTE NATURAL,MTS,True,50.1,0,0,0,ALUMINIOS Y VIDRIOS ARMANDO Y CIA,ALUMINIO METRO LINEAL,PUERTAS,BATIENTE 1750,1
142-9183-7-10M,INTERMEDIO PUERTA BAT NAT PULIDO,MTS,True,59.2,0,0,0,ALUMINIOS Y VIDRIOS ARMANDO Y CIA,ALUMINIO METRO LINEAL,PUERTAS,BATIENTE 1750,1
144-9183-7-80M,INTERMEDIO PUERTA BATIENTE BLANCO,MTS,True,46.35,0,0,0,ALUMINIOS Y VIDRIOS ARMANDO Y CIA,ALUMINIO METRO LINEAL,PUERTAS,BATIENTE 1750,1
143-9183-7-18M,INTERMEDIO PUERTA BATIENTE CAFE,MTS,True,56.1,0,0,0,ALUMINIOS Y VIDRIOS ARMANDO Y CIA,ALUMINIO METRO LINEAL,PUERTAS,BATIENTE 1750,1
145-9183-7-4M,INTERMEDIO PUERTA BATIENTE CHAMP PULIDO,MTS,True,54,0,0,0,ALUMINIOS Y VIDRIOS ARMANDO Y CIA,ALUMINIO METRO LINEAL,PUERTAS,BATIENTE 1750,1
146-9183-7-88M,INTERMEDIO PUERTA BATIENTE MADERA,MTS,True,57.1,0,0,0,ALUMINIOS Y VIDRIOS ARMANDO Y CIA,ALUMINIO METRO LINEAL,PUERTAS,BATIENTE 1750,1
142-9183-7-11M,INTERMEDIO PUERTA BATIENTE NATURAL,MTS,True,54.3,0,0,0,ALUMINIOS Y VIDRIOS ARMANDO Y CIA,ALUMINIO METRO LINEAL,PUERTAS,BATIENTE 1750,1
142-6370-7-10M,JUNQUILLO RECTO PTA BAT NAT PULIDO,MTS,True,58,0,0,0,ALUMINIOS Y VIDRIOS ARMANDO Y CIA,ALUMINIO METRO LINEAL,PUERTAS,BATIENTE 1750,1
144-6370-7-80M,JUNQUILLO RECTO PTA BATIENTE BLANCO,MTS,True,52.85,0,0,0,ALUMINIOS Y VIDRIOS ARMANDO Y CIA,ALUMINIO METRO LINEAL,PUERTAS,BATIENTE 1750,1
143-6370-7-18M,JUNQUILLO RECTO PTA BATIENTE CAFE,MTS,True,50.5,0,0,0,ALUMINIOS Y VIDRIOS ARMANDO Y CIA,ALUMINIO METRO LINEAL,PUERTAS,BATIENTE 1750,1
145-6370-7-4M,JUNQUILLO RECTO PTA BATIENTE CHAMP PULIDO,MTS,True,58.2,0,0,0,ALUMINIOS Y VIDRIOS ARMANDO Y CIA,ALUMINIO METRO LINEAL,PUERTAS,BATIENTE 1750,1
146-6370-7-88M,JUNQUILLO RECTO PTA BATIENTE MADERA,MTS,True,56.4,0,0,0,ALUMINIOS Y VIDRIOS ARMANDO Y CIA,ALUMINIO METRO LINEAL,PUERTAS,BATIENTE 1750,1
142-6370-7-11M,JUNQUILLO RECTO PTA BATIENTE NATURAL,MTS,True,52.15,0,0,0,ALUMINIOS Y VIDRIOS ARMANDO Y CIA,ALUMINIO METRO LINEAL,PUERTAS,BATIENTE 1750,1
991-4042-7-10M,"SARDINEL DE 3"" NATURAL PULIDO",MTS,True,0,0,0,0,ALUMINIOS Y VIDRIOS ARMANDO Y CIA,ALUMINIO METRO LINEAL,PUERTAS,BATIENTE 1750,1
144-9187-7-80M,ZOCLO PUERTA BATIENTE BLANCO,MTS,True,27.49,0,0,0,ALUMINIOS Y VIDRIOS ARMANDO Y CIA,ALUMINIO METRO LINEAL,PUERTAS,BATIENTE 1750,1
143-9187-7-18M,ZOCLO PUERTA BATIENTE CAFE,MTS,True,29.89,0,0,0,ALUMINIOS Y VIDRIOS ARMANDO Y CIA,ALUMINIO METRO LINEAL,PUERTAS,BATIENTE 1750,1
145-9187-7-4M,ZOCLO PUERTA BATIENTE CHAMP PULIDO,MTS,True,47.47,0,0,0,ALUMINIOS Y VIDRIOS ARMANDO Y CIA,ALUMINIO METRO LINEAL,PUERTAS,BATIENTE 1750,1
146-9187-7-88M,ZOCLO PUERTA BATIENTE MADERA,MTS,True,55.3,0,0,0,ALUMINIOS Y VIDRIOS ARMANDO Y CIA,ALUMINIO METRO LINEAL,PUERTAS,BATIENTE 1750,1
142-9187-7-10M,ZOCLO PUERTA BATIENTE NAT PULIDO,MTS,True,57.4,0,0,0,ALUMINIOS Y VIDRIOS ARMANDO Y CIA,ALUMINIO METRO LINEAL,PUERTAS,BATIENTE 1750,1
142-9187-7-11M,ZOCLO PUERTA BATIENTE NATURAL,MTS,True,30.26,0,0,0,ALUMINIOS Y VIDRIOS ARMANDO Y CIA,ALUMINIO METRO LINEAL,PUERTAS,BATIENTE 1750,1
135-11067-7-80M,TUBO CUADRADO DE 1 1/2 X 1 1/2 BLANCO,MTS,True,39.57,0,0,0,ALUMINIOS Y VIDRIOS ARMANDO Y CIA,ALUMINIO METRO LINEAL,TUBOS,TUBO CUADRADO,1
133-11067-7-18M,TUBO CUADRADO DE 1 1/2 X 1 1/2 CAFE,MTS,True,56.05,0,0,0,ALUMINIOS Y VIDRIOS ARMANDO Y CIA,ALUMINIO METRO LINEAL,TUBOS,TUBO CUADRADO,1
138-11067-7-4M,TUBO CUADRADO DE 1 1/2 X 1 1/2 CHAMP PULIDO,MTS,True,55,0,0,0,ALUMINIOS Y VIDRIOS ARMANDO Y CIA,ALUMINIO METRO LINEAL,TUBOS,TUBO CUADRADO,1
140-11067-7-88M,TUBO CUADRADO DE 1 1/2 X 1 1/2 MADERA,MTS,True,56.95,0,0,0,ALUMINIOS Y VIDRIOS ARMANDO Y CIA,ALUMINIO METRO LINEAL,TUBOS,TUBO CUADRADO,1
130-11067-7-10M,TUBO CUADRADO DE 1 1/2 X 1 1/2 NAT PULIDO,MTS,True,56.6,0,0,0,ALUMINIOS Y VIDRIOS ARMANDO Y CIA,ALUMINIO METRO LINEAL,TUBOS,TUBO CUADRADO,1
130-11067-7-11M,TUBO CUADRADO DE 1 1/2 X 1 1/2 NATURAL,MTS,True,56.5,0,0,0,ALUMINIOS Y VIDRIOS ARMANDO Y CIA,ALUMINIO METRO LINEAL,TUBOS,TUBO CUADRADO,1
135-11154-7-80M,TUBO CUADRADO DE 1 1/4 X 1 1/4 BLANCO,MTS,True,59,0,0,0,ALUMINIOS Y VIDRIOS ARMANDO Y CIA,ALUMINIO METRO LINEAL,TUBOS,TUBO CUADRADO,1
133-11154-7-18M,TUBO CUADRADO DE 1 1/4 X 1 1/4 CAFE,MTS,True,60,0,0,0,ALUMINIOS Y VIDRIOS ARMANDO Y CIA,ALUMINIO METRO LINEAL,TUBOS,TUBO CUADRADO,1
138-11154-7-4M,TUBO CUADRADO DE 1 1/4 X 1 1/4 CHAMP PULIDO,MTS,True,60,0,0,0,ALUMINIOS Y VIDRIOS ARMANDO Y CIA,ALUMINIO METRO LINEAL,TUBOS,TUBO CUADRADO,1
140-11154-7-88M,TUBO CUADRADO DE 1 1/4 X 1 1/4 MADERA,MTS,True,60,0,0,0,ALUMINIOS Y VIDRIOS ARMANDO Y CIA,ALUMINIO METRO LINEAL,TUBOS,TUBO CUADRADO,1
130-11154-7-11M,TUBO CUADRADO DE 1 1/4 X 1 1/4 NATURAL,MTS,True,60,0,0,0,ALUMINIOS Y VIDRIOS ARMANDO Y CIA,ALUMINIO METRO LINEAL,TUBOS,TUBO CUADRADO,1
135-2362-7-80M,TUBO CUADRADO DE 1 X 1 BLANCO,MTS,True,25.92,0,0,0,ALUMINIOS Y VIDRIOS ARMANDO Y CIA,ALUMINIO METRO LINEAL,TUBOS,TUBO CUADRADO,1
133-2362-7-18M,TUBO CUADRADO DE 1 X 1 CAFE,MTS,True,45.25,0,0,0,ALUMINIOS Y VIDRIOS ARMANDO Y CIA,ALUMINIO METRO LINEAL,TUBOS,TUBO CUADRADO,1
138-2362-7-4M,TUBO CUADRADO DE 1 X 1 CHAMP PULIDO,MTS,True,53.59,0,0,0,ALUMINIOS Y VIDRIOS ARMANDO Y CIA,ALUMINIO METRO LINEAL,TUBOS,TUBO CUADRADO,1
140-2362-7-88M,TUBO CUADRADO DE 1 X 1 MADERA,MTS,True,107,0,0,0,ALUMINIOS Y VIDRIOS ARMANDO Y CIA,ALUMINIO METRO LINEAL,TUBOS,TUBO CUADRADO,1
130-2362-7-11M,TUBO CUADRADO DE 1 X 1 NATURAL,MTS,True,45.84,0,0,0,ALUMINIOS Y VIDRIOS ARMANDO Y CIA,ALUMINIO METRO LINEAL,TUBOS,TUBO CUADRADO,1
130-2362-7-10M,TUBO CUADRADO DE 1 X 1 NATURAL PULIDO,MTS,True,58.5,0,0,0,ALUMINIOS Y VIDRIOS ARMANDO Y CIA,ALUMINIO METRO LINEAL,TUBOS,TUBO CUADRADO,1
135-2356-7-80M,TUBO CUADRADO DE 2 X 2 BLANCO,MTS,True,40.8,0,0,0,ALUMINIOS Y VIDRIOS ARMANDO Y CIA,ALUMINIO METRO LINEAL,TUBOS,TUBO CUADRADO,1
133-2356-7-18M,TUBO CUADRADO DE 2 X 2 CAFE,MTS,True,48.76,0,0,0,ALUMINIOS Y VIDRIOS ARMANDO Y CIA,ALUMINIO METRO LINEAL,TUBOS,TUBO CUADRADO,1
138-2356-7-4M,TUBO CUADRADO DE 2 X 2 CHAMP PULIDO,MTS,True,50.08,0,0,0,ALUMINIOS Y VIDRIOS ARMANDO Y CIA,ALUMINIO METRO LINEAL,TUBOS,TUBO CUADRADO,1
140-2356-7-88M,TUBO CUADRADO DE 2 X 2 MADERA,MTS,True,58.8,0,0,0,ALUMINIOS Y VIDRIOS ARMANDO Y CIA,ALUMINIO METRO LINEAL,TUBOS,TUBO CUADRADO,1
130-2356-7-10M,TUBO CUADRADO DE 2 X 2 NAT PULIDO,MTS,True,56.95,0,0,0,ALUMINIOS Y VIDRIOS ARMANDO Y CIA,ALUMINIO METRO LINEAL,TUBOS,TUBO CUADRADO,1
130-2356-7-11M,TUBO CUADRADO DE 2 X 2 NATURAL,MTS,True,56.75,0,0,0,ALUMINIOS Y VIDRIOS ARMANDO Y CIA,ALUMINIO METRO LINEAL,TUBOS,TUBO CUADRADO,1
130-2351-7-80M,TUBO CUADRADO DE 3/4 X 3/4 BLANCO,MTS,True,60,0,0,0,ALUMINIOS Y VIDRIOS ARMANDO Y CIA,ALUMINIO METRO LINEAL,TUBOS,TUBO CUADRADO,1
139-11122-7-10M,TUBO RECTAN DE 3 X 1 3/4 NAT PULIDO,MTS,True,60,0,0,0,ALUMINIOS Y VIDRIOS ARMANDO Y CIA,ALUMINIO METRO LINEAL,TUBOS,TUBO RECTANGULAR,1
130-2516-7-80M,"TUBO RECTANGULAR 3 X 1"" BLANCO",MTS,True,54.45,0,0,0,ALUMINIOS Y VIDRIOS ARMANDO Y CIA,ALUMINIO METRO LINEAL,TUBOS,TUBO RECTANGULAR,1
136-2516-7-4M,"TUBO RECTANGULAR 3 X 1"" CHAMPAGNE",MTS,True,57,0,0,0,ALUMINIOS Y VIDRIOS ARMANDO Y CIA,ALUMINIO METRO LINEAL,TUBOS,TUBO RECTANGULAR,1
136-11086-7-80M,TUBO RECTANGULAR DE 1 1/2 X 3/4 BLANCO,MTS,True,59.8,0,0,0,ALUMINIOS Y VIDRIOS ARMANDO Y CIA,ALUMINIO METRO LINEAL,TUBOS,TUBO RECTANGULAR,1
134-11086-7-18M,TUBO RECTANGULAR DE 1 1/2 X 3/4 CAFE,MTS,True,24.04,0,0,0,ALUMINIOS Y VIDRIOS ARMANDO Y CIA,ALUMINIO METRO LINEAL,TUBOS,TUBO RECTANGULAR,1
139-11086-7-4M,TUBO RECTANGULAR DE 1 1/2 X 3/4 CHAMP PULIDO,MTS,True,43.41,0,0,0,ALUMINIOS Y VIDRIOS ARMANDO Y CIA,ALUMINIO METRO LINEAL,TUBOS,TUBO RECTANGULAR,1
141-11086-7-88M,TUBO RECTANGULAR DE 1 1/2 X 3/4 MADERA,MTS,True,49.53,0,0,0,ALUMINIOS Y VIDRIOS ARMANDO Y CIA,ALUMINIO METRO LINEAL,TUBOS,TUBO RECTANGULAR,1
131-11086-7-10M,TUBO RECTANGULAR DE 1 1/2 X 3/4 NAT PULIDO,MTS,True,53,0,0,0,ALUMINIOS Y VIDRIOS ARMANDO Y CIA,ALUMINIO METRO LINEAL,TUBOS,TUBO RECTANGULAR,1
131-11086-7-11M,TUBO RECTANGULAR DE 1 1/2 X 3/4 NATURAL,MTS,True,44.07,0,0,0,ALUMINIOS Y VIDRIOS ARMANDO Y CIA,ALUMINIO METRO LINEAL,TUBOS,TUBO RECTANGULAR,1
136-2500-7-80M,TUBO RECTANGULAR DE 1 X 1/2 BLANCO,MTS,True,49.85,0,0,0,ALUMINIOS Y VIDRIOS ARMANDO Y CIA,ALUMINIO METRO LINEAL,TUBOS,TUBO RECTANGULAR,1
136-2500-7-18M,TUBO RECTANGULAR DE 1 X 1/2 CAFE,MTS,True,49.45,0,0,0,ALUMINIOS Y VIDRIOS ARMANDO Y CIA,ALUMINIO METRO LINEAL,TUBOS,TUBO RECTANGULAR,1
136-2500-7-11M,TUBO RECTANGULAR DE 1 X 1/2 NATURAL,MTS,True,56.4,0,0,0,ALUMINIOS Y VIDRIOS ARMANDO Y CIA,ALUMINIO METRO LINEAL,TUBOS,TUBO RECTANGULAR,1
136-11099-7-80M,TUBO RECTANGULAR DE 2 1/2 X 1 1/4 BLANCO,MTS,True,58,0,0,0,ALUMINIOS Y VIDRIOS ARMANDO Y CIA,ALUMINIO METRO LINEAL,TUBOS,TUBO RECTANGULAR,1
134-11099-7-18M,TUBO RECTANGULAR DE 2 1/2 X 1 1/4 CAFE,MTS,True,58.95,0,0,0,ALUMINIOS Y VIDRIOS ARMANDO Y CIA,ALUMINIO METRO LINEAL,TUBOS,TUBO RECTANGULAR,1
139-11099-7-4M,TUBO RECTANGULAR DE 2 1/2 X 1 1/4 CHAMP PULIDO,MTS,True,60,0,0,0,ALUMINIOS Y VIDRIOS ARMANDO Y CIA,ALUMINIO METRO LINEAL,TUBOS,TUBO RECTANGULAR,1
141-11099-7-88M,TUBO RECTANGULAR DE 2 1/2 X 1 1/4 MADERA,MTS,True,60,0,0,0,ALUMINIOS Y VIDRIOS ARMANDO Y CIA,ALUMINIO METRO LINEAL,TUBOS,TUBO RECTANGULAR,1
131-11099-7-11M,TUBO RECTANGULAR DE 2 1/2 X 1 1/4 NATURAL,MTS,True,60,0,0,0,ALUMINIOS Y VIDRIOS ARMANDO Y CIA,ALUMINIO METRO LINEAL,TUBOS,TUBO RECTANGULAR,1
136-11121-7-80M,TUBO RECTANGULAR DE 2 X 1 BLANCO,MTS,True,48.12,0,0,0,ALUMINIOS Y VIDRIOS ARMANDO Y CIA,ALUMINIO METRO LINEAL,TUBOS,TUBO RECTANGULAR,1
134-11121-7-18M,TUBO RECTANGULAR DE 2 X 1 CAFE,MTS,True,11.9,0,0,0,ALUMINIOS Y VIDRIOS ARMANDO Y CIA,ALUMINIO METRO LINEAL,TUBOS,TUBO RECTANGULAR,1
139-11121-7-4M,TUBO RECTANGULAR DE 2 X 1 CHAMP PULIDO,MTS,True,53.25,0,0,0,ALUMINIOS Y VIDRIOS ARMANDO Y CIA,ALUMINIO METRO LINEAL,TUBOS,TUBO RECTANGULAR,1
141-11121-7-88M,TUBO RECTANGULAR DE 2 X 1 MADERA,MTS,True,44.18,0,0,0,ALUMINIOS Y VIDRIOS ARMANDO Y CIA,ALUMINIO METRO LINEAL,TUBOS,TUBO RECTANGULAR,1
139-11121-7-10M,TUBO RECTANGULAR DE 2 X 1 NAT PULIDO,MTS,True,54.55,0,0,0,ALUMINIOS Y VIDRIOS ARMANDO Y CIA,ALUMINIO METRO LINEAL,TUBOS,TUBO RECTANGULAR,1
131-11121-7-11M,TUBO RECTANGULAR DE 2 X 1 NATURAL,MTS,True,25.93,0,0,0,ALUMINIOS Y VIDRIOS ARMANDO Y CIA,ALUMINIO METRO LINEAL,TUBOS,TUBO RECTANGULAR,1
136-11084-7-80M,TUBO RECTANGULAR DE 3 X 1 1/2 BLANCO,MTS,True,36.5,0,0,0,ALUMINIOS Y VIDRIOS ARMANDO Y CIA,ALUMINIO METRO LINEAL,TUBOS,TUBO RECTANGULAR,1
134-11084-7-18M,TUBO RECTANGULAR DE 3 X 1 1/2 CAFE,MTS,True,50.65,0,0,0,ALUMINIOS Y VIDRIOS ARMANDO Y CIA,ALUMINIO METRO LINEAL,TUBOS,TUBO RECTANGULAR,1
139-11084-7-4M,TUBO RECTANGULAR DE 3 X 1 1/2 CHAMP PULIDO,MTS,True,60,0,0,0,ALUMINIOS Y VIDRIOS ARMANDO Y CIA,ALUMINIO METRO LINEAL,TUBOS,TUBO RECTANGULAR,1
141-11084-7-88M,TUBO RECTANGULAR DE 3 X 1 1/2 MADERA,MTS,True,56.46,0,0,0,ALUMINIOS Y VIDRIOS ARMANDO Y CIA,ALUMINIO METRO LINEAL,TUBOS,TUBO RECTANGULAR,1
131-11084-7-11M,TUBO RECTANGULAR DE 3 X 1 1/2 NATURAL,MTS,True,54.87,0,0,0,ALUMINIOS Y VIDRIOS ARMANDO Y CIA,ALUMINIO METRO LINEAL,TUBOS,TUBO RECTANGULAR,1
131-11084-7-10M,TUBO RECTANGULAR DE 3 X 1 1/2 NATURAL PULIDO,MTS,True,0,0,0,0,ALUMINIOS Y VIDRIOS ARMANDO Y CIA,ALUMINIO METRO LINEAL,TUBOS,TUBO RECTANGULAR,1
136-11122-7-80M,TUBO RECTANGULAR DE 3 X 1 3/4 BLANCO,MTS,True,48.98,0,0,0,ALUMINIOS Y VIDRIOS ARMANDO Y CIA,ALUMINIO METRO LINEAL,TUBOS,TUBO RECTANGULAR,1
134-11122-7-18M,TUBO RECTANGULAR DE 3 X 1 3/4 CAFE,MTS,True,50.17,0,0,0,ALUMINIOS Y VIDRIOS ARMANDO Y CIA,ALUMINIO METRO LINEAL,TUBOS,TUBO RECTANGULAR,1
139-11122-7-4M,TUBO RECTANGULAR DE 3 X 1 3/4 CHAMP PULIDO,MTS,True,58.8,0,0,0,ALUMINIOS Y VIDRIOS ARMANDO Y CIA,ALUMINIO METRO LINEAL,TUBOS,TUBO RECTANGULAR,1
141-11122-7-88M,TUBO RECTANGULAR DE 3 X 1 3/4 MADERA,MTS,True,54.3,0,0,0,ALUMINIOS Y VIDRIOS ARMANDO Y CIA,ALUMINIO METRO LINEAL,TUBOS,TUBO RECTANGULAR,1
131-11122-7-11M,TUBO RECTANGULAR DE 3 X 1 3/4 NATURAL,MTS,True,50.8,0,0,0,ALUMINIOS Y VIDRIOS ARMANDO Y CIA,ALUMINIO METRO LINEAL,TUBOS,TUBO RECTANGULAR,1
137-2121-7-80M,TUBO REDONDO 1 BLANCO,MTS,True,47.68,0,0,0,ALUMINIOS Y VIDRIOS ARMANDO Y CIA,ALUMINIO METRO LINEAL,TUBOS,TUBO REDONDO,1
135-2121-7-18M,TUBO REDONDO 1 CAFE,MTS,True,51.9,0,0,0,ALUMINIOS Y VIDRIOS ARMANDO Y CIA,ALUMINIO METRO LINEAL,TUBOS,TUBO REDONDO,1
132-2121-7-11M,TUBO REDONDO 1 NATURAL,MTS,True,7.79,0,0,0,ALUMINIOS Y VIDRIOS ARMANDO Y CIA,ALUMINIO METRO LINEAL,TUBOS,TUBO REDONDO,1
137-2121-7-4M,"TUBO REDONDO 1"" CHAMPAGNE PULIDO",MTS,True,58.1,0,0,0,ALUMINIOS Y VIDRIOS ARMANDO Y CIA,ALUMINIO METRO LINEAL,TUBOS,TUBO REDONDO,1
137-2121-7-88M,"TUBO REDONDO 1"" MADERA",MTS,True,60,0,0,0,ALUMINIOS Y VIDRIOS ARMANDO Y CIA,ALUMINIO METRO LINEAL,TUBOS,TUBO REDONDO,1
132-22196-7-80M,"TUBO REDONDO 2"" BLANCO",MTS,True,56.2,0,0,0,ALUMINIOS Y VIDRIOS ARMANDO Y CIA,ALUMINIO METRO LINEAL,TUBOS,TUBO REDONDO,1
132-22196-7-18M,"TUBO REDONDO 2"" CAFE",MTS,True,53.9,0,0,0,ALUMINIOS Y VIDRIOS ARMANDO Y CIA,ALUMINIO METRO LINEAL,TUBOS,TUBO REDONDO,1
132-22196-7-4M,"TUBO REDONDO 2"" CHAMPAGNE PULIDO",MTS,True,54.05,0,0,0,ALUMINIOS Y VIDRIOS ARMANDO Y CIA,ALUMINIO METRO LINEAL,TUBOS,TUBO REDONDO,1
132-22196-7-11M,"TUBO REDONDO 2"" NATURAL",MTS,True,49.3,0,0,0,ALUMINIOS Y VIDRIOS ARMANDO Y CIA,ALUMINIO METRO LINEAL,TUBOS,TUBO REDONDO,1
132-C22196-7-10M,"TUBO REDONDO 2"" NATURAL PULIDO",MTS,True,47.6,0,0,0,ALUMINIOS Y VIDRIOS ARMANDO Y CIA,ALUMINIO METRO LINEAL,TUBOS,TUBO REDONDO,1
663-3329-7-80M,GUIA DOBLE VITRINA BLANCO,MTS,True,28.3,0,0,0,ALUMINIOS Y VIDRIOS ARMANDO Y CIA,ALUMINIO METRO LINEAL,VITRINAS,VITRINA,1
662-3329-7-18M,GUIA DOBLE VITRINA CAFE,MTS,True,54.43,0,0,0,ALUMINIOS Y VIDRIOS ARMANDO Y CIA,ALUMINIO METRO LINEAL,VITRINAS,VITRINA,1
661-3329-7-11M,GUIA DOBLE VITRINA NATURAL,MTS,True,52.4,0,0,0,ALUMINIOS Y VIDRIOS ARMANDO Y CIA,ALUMINIO METRO LINEAL,VITRINAS,VITRINA,1
673-3316-7-80M,RIEL VITRINA BLANCO,MTS,True,28.25,0,0,0,ALUMINIOS Y VIDRIOS ARMANDO Y CIA,ALUMINIO METRO LINEAL,VITRINAS,VITRINA,1
672-3316-7-18M,RIEL VITRINA CAFE,MTS,True,48.67,0,0,0,ALUMINIOS Y VIDRIOS ARMANDO Y CIA,ALUMINIO METRO LINEAL,VITRINAS,VITRINA,1
671-3316-7-11M,RIEL VITRINA NATURAL,MTS,True,52.65,0,0,0,ALUMINIOS Y VIDRIOS ARMANDO Y CIA,ALUMINIO METRO LINEAL,VITRINAS,VITRINA,1
683-3358-7-80M,ZOBOTE VITRINA BLANCO,MTS,True,18.75,0,0,0,ALUMINIOS Y VIDRIOS ARMANDO Y CIA,ALUMINIO METRO LINEAL,VITRINAS,VITRINA,1
682-3358-7-18M,ZOBOTE VITRINA CAFE,MTS,True,47.75,0,0,0,ALUMINIOS Y VIDRIOS ARMANDO Y CIA,ALUMINIO METRO LINEAL,VITRINAS,VITRINA,1
681-3358-7-11M,ZOBOTE VITRINA NATURAL,MTS,True,44.68,0,0,0,ALUMINIOS Y VIDRIOS ARMANDO Y CIA,ALUMINIO METRO LINEAL,VITRINAS,VITRINA,1
153-1324-7-18,ANGULO DE 1' BRONCE DE 6.10 MTS,PZA,False,0,0,0,0,LA VIGA EXTRUSIONES,ALUMINIO OUTLET,ANGULOS,ANGULOS,2
158-1613-7-18,"TEE DE 1"" BRONCE DE 6.10 MTS",PZA,False,0,0,0,0,LA VIGA EXTRUSIONES,ALUMINIO OUTLET,ANGULOS,TEE,2
122-9525-7-18,OVAL CHICO BRONCE DE 6.10 MTS,PZA,False,0,0,0,0,LA VIGA EXTRUSIONES,ALUMINIO OUTLET,BAÑOS,BAÑOS,2
163-6053-7-18,CELOSIA LOUVER BRONCE DE 6.10 MTS,PZA,True,0,9,0,0,LA VIGA EXTRUSIONES,ALUMINIO OUTLET,CELOSIAS,CELOSIAS,2
102-7821-3-18,"CERCO PUERTA DE 2"" BRONCE DE 4.60 MTS",PZA,False,0,0,0,0,LA VIGA EXTRUSIONES,ALUMINIO OUTLET,CORREDIZAS,"CORREDIZA 2""",2
102-7821-7-18,"CERCO PUERTA DE 2"" BRONCE DE 6.10 MTS",PZA,False,0,0,0,0,LA VIGA EXTRUSIONES,ALUMINIO OUTLET,CORREDIZAS,"CORREDIZA 2""",2
102-9955-7-18,"TRASLAPE PUERTA DE 2"" BRONCE DE 6.10 MTS",PZA,False,0,0,0,0,LA VIGA EXTRUSIONES,ALUMINIO OUTLET,CORREDIZAS,"CORREDIZA 2""",2
102-9955-3-18,TRASLAPE PUERTA DE 2' BRONCE DE 4.60 MTS P/CORREDIZA,PZA,False,0,0,12,0,LA VIGA EXTRUSIONES,ALUMINIO OUTLET,CORREDIZAS,"CORREDIZA 2""",2
112-7836-7-18,CABEZAL DE 3' BRONCE DE 6.10 MTS P/CORREDIZA,PZA,True,0,16,0,0,LA VIGA EXTRUSIONES,ALUMINIO OUTLET,CORREDIZAS,"CORREDIZA 3""",2
112-9082-7-18,"INTERMEDIO DE 3"" BRONCE DE 6.10 MTS P/CORREDIZA",PZA,False,0,0,0,0,LA VIGA EXTRUSIONES,ALUMINIO OUTLET,CORREDIZAS,"CORREDIZA 3""",2
112-7848-3-18,TRASLAPE PUERTA DE 3' BRONCE DE 4.60 MTS P/CORREDIZA,PZA,False,0,0,0,0,LA VIGA EXTRUSIONES,ALUMINIO OUTLET,CORREDIZAS,"CORREDIZA 3""",2
171-6617-7-18,DUELA LISA BRONCE 6.10 MTS,PZA,True,0,0,0,0,LA VIGA EXTRUSIONES,ALUMINIO OUTLET,DUELAS,DUELA LISA,2
171-11128-7-18,DUELA ONDULADA BRONCE 6.10 MTS,PZA,False,0,0,0,0,LA VIGA EXTRUSIONES,ALUMINIO OUTLET,DUELAS,DUELA ONDULADA,2
117-9136-7-18,"ESCALONADO DE 3"" BRONCE DE 6.10 MTS FIJO",PZA,True,0,18,0,0,LA VIGA EXTRUSIONES,ALUMINIO OUTLET,FIJOS,"FIJA 3""",2
117-9112-7-18,"JUNQUILLO DE 3"" BRONCE DE 6.10 MTS FIJO",PZA,False,0,0,0,0,LA VIGA EXTRUSIONES,ALUMINIO OUTLET,FIJOS,"FIJA 3""",2
117-9135-7-18,PERIMETRAL DE 3' BRONCE DE 6.10 MTS FIJO,PZA,True,0,0,0,0,LA VIGA EXTRUSIONES,ALUMINIO OUTLET,FIJOS,"FIJA 3""",2
991-2389-7-18,"PASAMANOS REDONDO 2"" BRONCE 6.10 MTS",PZA,False,0,0,0,0,LA VIGA EXTRUSIONES,ALUMINIO OUTLET,PASAMANOS,PASAMANO REDONDO,2
148-7014-7-18,"JUNQUILLO DE 1"" BRONCE DE 6.10 MTS",PZA,False,0,0,0,0,LA VIGA EXTRUSIONES,ALUMINIO OUTLET,PORTAVIDRIOS,"PORTAVIDRIO 1""",2
642-72230-7-18,CONTRA MARCO BRONCE 6.10 MTS EXTRUSIONES,PZA,False,0,0,0,0,LA VIGA EXTRUSIONES,ALUMINIO OUTLET,PROYECCION,SERIE 35,2
652-72231-7-18,MARCO OVALADO BRONCE 6.10 MTS EXTRUSIONES,PZA,True,0,0,0,0,LA VIGA EXTRUSIONES,ALUMINIO OUTLET,PROYECCION,SERIE 35,2
143-9207-7-18,CABEZAL PUERTA BATIENTE BRONCE DE 6.10 MTS,PZA,True,1,21,0,0,LA VIGA EXTRUSIONES,ALUMINIO OUTLET,PUERTAS,BATIENTE 1750,2
143-9183-7-18,INTERMEDIO PUERTA BATIENTE BRONCE DE 6.10 MTS,PZA,False,0,0,0,0,LA VIGA EXTRUSIONES,ALUMINIO OUTLET,PUERTAS,BATIENTE 1750,2
143-6370-7-18,JUNQUILLO RECTO PTA BATIENTE BRONCE DE 6.10 MTS,PZA,False,0,0,0,0,LA VIGA EXTRUSIONES,ALUMINIO OUTLET,PUERTAS,BATIENTE 1750,2
133-11154-7-18,TUBO CUADRADO DE 1 1/4 X 1 1/4 BRONCE DE 6.10 MTS,PZA,True,6,0,0,0,LA VIGA EXTRUSIONES,ALUMINIO OUTLET,TUBOS,TUBO CUADRADO,2
133-2362-7-18,TUBO CUADRADO DE 1 X 1 BRONCE DE 6.10 MTS,PZA,True,3,0,0,0,LA VIGA EXTRUSIONES,ALUMINIO OUTLET,TUBOS,TUBO CUADRADO,2
134-11099-7-18,TUBO RECTANGULAR DE 2 1/2 X 1 1/4 BRONCE DE 6.10 MTS,PZA,False,1,0,0,0,LA VIGA EXTRUSIONES,ALUMINIO OUTLET,TUBOS,TUBO RECTANGULAR,1
134-11121-7-18,TUBO RECTANGULAR DE 2 X 1 BRONCE DE 6.10 MTS,PZA,True,5,0,0,0,LA VIGA EXTRUSIONES,ALUMINIO OUTLET,TUBOS,TUBO RECTANGULAR,2
317-VS-0288,BISAGRA HIDRAULICA AEREA JAKO 120 KG,PZA,False,0,0,0,0,"CASA FERNANDEZ DEL SURESTE, S.A. DE C.V.",BISAGRAS HIDRAULICAS,CRISTAL,BISAGRAS ESPECIALES,1
317-HER74058,BISAGRA HIDRAULICA OLIMPIA P/PTA CON ZOCLO (MOD 832B),PZA,True,0,0,0,7,"M INDUSTRIA, S.A. DE C.V.",BISAGRAS HIDRAULICAS,HERRAJES,BISAGRAS,4
317-HER74055,BISAGRA HIDRAULICA OLIMPIA P/PTA ITALIANA CRISTAL TEMPLADO (MOD 403B),PZA,True,0,0,0,1,"M INDUSTRIA, S.A. DE C.V.",BISAGRAS HIDRAULICAS,HERRAJES,BISAGRAS,4
317-BITEC,BISAGRA HIDRAULICA TECNO BITEC2 SATINADA CAJA ANGOSTA,PZA,True,0,0,0,0,"ASSA ABLOY MEXICO, S.A. DE C.V.",BISAGRAS HIDRAULICAS,HERRAJES,BISAGRAS,4
317-BAD90HO,BISAGRA HIDRAULICA AEREA DAWH 90° CON TOPE,PZA,True,0,0,0,1,"JACKSON CORPORATION MEXICO, SA DE CV",BISAGRAS HIDRAULICAS,HERRAJES,BISAGRAS ESPECIALES,4
317-BHDJA330,BISAGRA HIDRAULICA AEREA JACKSON,PZA,False,0,0,0,0,"CASA FERNANDEZ DEL SURESTE, S.A. DE C.V.",BISAGRAS HIDRAULICAS,HERRAJES,BISAGRAS ESPECIALES,4
317-100200000,BISAGRA HIDRAULICA AEREA RYOBI MOD 30-32 4,PZA,True,-2,0,0,6,"HERRALUM INDUSTRIAL, S.A. DE C.V.",BISAGRAS HIDRAULICAS,HERRAJES,BISAGRAS ESPECIALES,4
317-BHDS350,BISAGRA HIDRAULICA DAWH S 350 90° CON TOPE (P/PTA ALUMINIO Y TEMPLADO),PZA,False,0,0,0,0,"JACKSON CORPORATION MEXICO, SA DE CV",BISAGRAS HIDRAULICAS,HERRAJES,BISAGRAS ESPECIALES,1
317-BPDSJ,BISAGRA HIDRAULICA DAWH SERIE J 90° CON TOPE,PZA,False,0,0,0,0,"JACKSON CORPORATION MEXICO, SA DE CV",BISAGRAS HIDRAULICAS,HERRAJES,BISAGRAS ESPECIALES,1
317-141708000,BISAGRA HIDRAULICA DE PISO HERRALUM  80 KGS,PZA,True,-1,0,0,17,"HERRALUM INDUSTRIAL, S.A. DE C.V.",BISAGRAS HIDRAULICAS,HERRAJES,BISAGRAS ESPECIALES,4
317-BHDJ330,BISAGRA HIDRAULICA JACKSON 90° CON TOPE 118 KILOS,PZA,True,0,0,0,10,"JACKSON CORPORATION MEXICO, SA DE CV",BISAGRAS HIDRAULICAS,HERRAJES,BISAGRAS ESPECIALES,4
317-100400000,BISAGRA HIDRAULICA RYOBI DE PISO MOD S202N (130 KILOS),PZA,True,2,0,0,17,"HERRALUM INDUSTRIAL, S.A. DE C.V.",BISAGRAS HIDRAULICAS,HERRAJES,BISAGRAS ESPECIALES,4
301-MX65135,"CARRETILLA CHICA TECNO 2"" PLASTICO DE 1 BALERO",PZA,True,113,0,0,300,"ASSA ABLOY MEXICO, S.A. DE C.V.",CARRETILLAS ASSA ABLOY,HERRAJES,CARRETILLAS,4
301-MX65134,"CARRETILLA GRANDE TECNO 2"" PLASTICO",PZA,True,0,0,0,425,"ASSA ABLOY MEXICO, S.A. DE C.V.",CARRETILLAS ASSA ABLOY,HERRAJES,CARRETILLAS,4
152-130100400,GUIA DE PISO P/CANCEL DE BAÑO RIO BRAVO,PZA,True,0,0,0,11,"HERRALUM INDUSTRIAL, S.A. DE C.V.",CARRETILLAS HERRALUM,BAÑOS,CANCELES DE BAÑO,4
152-130100100,KIT DE CARRETILLA P/CANCEL DE BAÑO TEMPLADO RIO BRAVO ( 4 PZAS),KIT,True,0,0,0,16,"HERRALUM INDUSTRIAL, S.A. DE C.V.",CARRETILLAS HERRALUM,BAÑOS,CANCELES DE BAÑO,4
320-1088,CARRETILLA P/METER VINIL MADERA RODAJA DE ACERO,PZA,False,0,0,0,0,"CASA FERNANDEZ DEL SURESTE, S.A. DE C.V.",CARRETILLAS HERRALUM,GENERAL,CARRETILLAS,1
301-2014EMBNI,"CARRETILLA CHICA DE LATÓN 2"" BALERON NYLON IMPORTADO HERRALUM",PZA,True,0,0,0,130,"HERRALUM INDUSTRIAL, S.A. DE C.V.",CARRETILLAS HERRALUM,HERRAJES,CARRETILLAS,4
301-2191,"CARRETILLA DE 2"" CHICAS PLASTICO HERRALUM",PZA,False,0,0,0,0,"CASA FERNANDEZ DEL SURESTE, S.A. DE C.V.",CARRETILLAS HERRALUM,HERRAJES,CARRETILLAS,1
301-2185,"CARRETILLA DE 2"" GRANDE PLASTICO HERRALUM",PZA,False,0,0,0,0,"CASA FERNANDEZ DEL SURESTE, S.A. DE C.V.",CARRETILLAS HERRALUM,HERRAJES,CARRETILLAS,1
301-2008000NY,CARRETILLA DE 2' GRANDE DE LATON RODAJA NYLON,PZA,False,0,0,0,0,"HERRALUM INDUSTRIAL, S.A. DE C.V.",CARRETILLAS HERRALUM,HERRAJES,CARRETILLAS,4
301-2158DOBIMP,"CARRETILLA DE ACERO 3"" TANDEM DOBLE BALERO",PZA,False,0,0,0,0,"HERRALUM INDUSTRIAL, S.A. DE C.V.",CARRETILLAS HERRALUM,HERRAJES,CARRETILLAS,4
301-2029ACENI,"CARRETILLA DE ACERO NEGRA LINEA DE 3"" HERRALUM",PZA,False,78,0,-90,17,"HERRALUM INDUSTRIAL, S.A. DE C.V.",CARRETILLAS HERRALUM,HERRAJES,CARRETILLAS,4
301-1399029NI,"CARRETILLA DE ACERO NEGRA LINEA DE 3"" HERRALUM BALERO NYLON",PZA,True,-4,0,0,1439,"HERRALUM INDUSTRIAL, S.A. DE C.V.",CARRETILLAS HERRALUM,HERRAJES,CARRETILLAS,4
301-1098000IMP,CARRETILLA DE ACERO P/VITRINA BALERO NYLON HERRALUM,PZA,False,0,0,0,0,"HERRALUM INDUSTRIAL, S.A. DE C.V.",CARRETILLAS HERRALUM,HERRAJES,CARRETILLAS,4
301-2029ALUNI,"CARRETILLA DE ALUMINIO LINEA DE 3"" HERRALUM",PZA,True,0,0,0,359,"HERRALUM INDUSTRIAL, S.A. DE C.V.",CARRETILLAS HERRALUM,HERRAJES,CARRETILLAS,4
301-1399158NI,"CARRETILLA EUROPEA TANDEM RODAJA NYLON  3"" DOBLE BALERO",PZA,True,-16,0,-2,532,"HERRALUM INDUSTRIAL, S.A. DE C.V.",CARRETILLAS HERRALUM,HERRAJES,CARRETILLAS,4
320-212600000,CARRETILLA P/FIJAR VINIL PLASTICO,PZA,True,0,0,0,40,"HERRALUM INDUSTRIAL, S.A. DE C.V.",CARRETILLAS HERRALUM,HERRAJES,CARRETILLAS,4
301-2006000NY,CARRETILLA P/MOSQ HERRALUM COLA DE RATON NYLON,PZA,False,0,0,0,0,"HERRALUM INDUSTRIAL, S.A. DE C.V.",CARRETILLAS HERRALUM,HERRAJES,CARRETILLAS,4
301-2006EMBNI,CARRETILLA P/MOSQUITERO  HERRALUM COLA DE RATON C/BALERO,PZA,False,0,0,-10,-8,"HERRALUM INDUSTRIAL, S.A. DE C.V.",CARRETILLAS HERRALUM,HERRAJES,CARRETILLAS,4
301-1399006NI,CARRETILLA P/MOSQUITERO COLA DEE RATON BALERO NYLON,PZA,True,0,0,0,68,"HERRALUM INDUSTRIAL, S.A. DE C.V.",CARRETILLAS HERRALUM,HERRAJES,CARRETILLAS,4
301-2097000NI,CARRETILLA P/MOSQUITERO ESPAÑOLA BALERO IMPORTADO NYLON HERRALUM,PZA,True,0,0,0,2,"HERRALUM INDUSTRIAL, S.A. DE C.V.",CARRETILLAS HERRALUM,HERRAJES,CARRETILLAS,4
301-1399097NI,CARRETILLA P/MOSQUITERO ESPAÑOLA BALERO NYLON HERRALUM (CLAVE NUEVA),PZA,True,0,0,0,348,"HERRALUM INDUSTRIAL, S.A. DE C.V.",CARRETILLAS HERRALUM,HERRAJES,CARRETILLAS,4
301-2066000NY,CARRETILLA P/PORTON DE 4 BALEROS RODAJA NYLON,PZA,True,0,0,0,212,"HERRALUM INDUSTRIAL, S.A. DE C.V.",CARRETILLAS HERRALUM,HERRAJES,CARRETILLAS,4
301-1399099NI,"CARRETILLA P/ZOCLO CHICO 2"" HERRALUM  BALERO NYLON",PZA,True,-30,0,0,1700,"HERRALUM INDUSTRIAL, S.A. DE C.V.",CARRETILLAS HERRALUM,HERRAJES,CARRETILLAS,4
301-2099000NI,"CARRETILLA P/ZOCLO CHICO 2"" HERRALUM BALERO",PZA,False,0,0,0,0,"HERRALUM INDUSTRIAL, S.A. DE C.V.",CARRETILLAS HERRALUM,HERRAJES,CARRETILLAS,4
301-2095000NI,"CARRETILLA P/ZOCLO GRANDE DE 2"" NEGRA HERRALUM",PZA,False,56,0,-28,-28,"HERRALUM INDUSTRIAL, S.A. DE C.V.",CARRETILLAS HERRALUM,HERRAJES,CARRETILLAS,4
301-1399095NI,"CARRETILLA P/ZOCLO GRANDE ECO DE 2"" NEGRA HERRALUM LAM ACERO",PZA,True,0,0,0,1979,"HERRALUM INDUSTRIAL, S.A. DE C.V.",CARRETILLAS HERRALUM,HERRAJES,CARRETILLAS,4
301-2181300PO,"CARRETILLA PLASTICO BLANCA 3"" 2 POS BALERO IMPORTADO CUERPO ALUMINIO",PZA,True,0,0,0,-3,"HERRALUM INDUSTRIAL, S.A. DE C.V.",CARRETILLAS HERRALUM,HERRAJES,CARRETILLAS,4
302-1399181NI,"CARRETILLA PLASTICO CON BALERO DE NYLON IMPORTADO PARA LÍNEA DE 3""",PZA,True,0,0,0,88,"HERRALUM INDUSTRIAL, S.A. DE C.V.",CARRETILLAS HERRALUM,HERRAJES,CARRETILLAS,4
301-2181300PI,"CARRETILLA PLASTICO NEGRA 3"" 2 POS BALERO IMPORTADO NEGRA",PZA,True,0,0,0,263,"HERRALUM INDUSTRIAL, S.A. DE C.V.",CARRETILLAS HERRALUM,HERRAJES,CARRETILLAS,4
301-1098000NI,CARRETILLA VITRINA IMPORTADO HERRALUM,PZA,True,0,0,0,187,"HERRALUM INDUSTRIAL, S.A. DE C.V.",CARRETILLAS HERRALUM,HERRAJES,CARRETILLAS,4
301-2003EMBAC,CARRETILLA VITRINA PLASTICO HERRALUM BALERO ACERO,PZA,True,0,0,0,215,"HERRALUM INDUSTRIAL, S.A. DE C.V.",CARRETILLAS HERRALUM,HERRAJES,CARRETILLAS,4
301-MX65150,CARRETILLA BAÑO PLANA TECNO ALTA,PZA,True,-10,0,-2,905,"ASSA ABLOY MEXICO, S.A. DE C.V.",CARRETILLAS TECNO PROMOCION,HERRAJES,CARRETILLAS,4
301-MX65152,CARRETILLA BAÑO PLANA TECNO BAJA,PZA,True,0,0,-6,168,"ASSA ABLOY MEXICO, S.A. DE C.V.",CARRETILLAS TECNO PROMOCION,HERRAJES,CARRETILLAS,4
301-MX65130,"CARRETILLA GRANDE TECNO 2"" GORRA NAPOLEON ESPAÑOLA",PZA,True,-8,0,0,3879,"ASSA ABLOY MEXICO, S.A. DE C.V.",CARRETILLAS TECNO PROMOCION,HERRAJES,CARRETILLAS,4
301-MX65138,"CARRETILLA P/ZOCLO CHICO 2"" TECNO CROMADA UN BALERO",PZA,True,0,0,-28,2192,"ASSA ABLOY MEXICO, S.A. DE C.V.",CARRETILLAS TECNO PROMOCION,HERRAJES,CARRETILLAS,4
301-MX65133,"CARRETILLA P/ZOCLO CHICO 2"" TECNO LATON UN BALERO 18 KILOS",PZA,False,0,0,0,0,"ASSA ABLOY MEXICO, S.A. DE C.V.",CARRETILLAS TECNO PROMOCION,HERRAJES,CARRETILLAS,4
301-MX67900,"CARRETILLA PLASTICO 3"" ECONOMICA TECNO",PZA,True,-4,0,0,883,"ASSA ABLOY MEXICO, S.A. DE C.V.",CARRETILLAS TECNO PROMOCION,HERRAJES,CARRETILLAS,4
164-28-7-80M,CELOSIA DE LUJO BLANCO,MTS,False,0,0,0,0,LA VIGA EXTRUSIONES,CELOSIAS,CELOSIAS,CELOSIAS,1
164-28-7-80,CELOSIA DE LUJO BLANCO DE 6.10 MTS,PZA,False,0,0,0,0,LA VIGA EXTRUSIONES,CELOSIAS,CELOSIAS,CELOSIAS,2
163-28-7-58,CELOSIA DE LUJO CAFE OSCURO DE 6.10 MTS,PZA,False,0,0,0,0,LA VIGA EXTRUSIONES,CELOSIAS,CELOSIAS,CELOSIAS,2
162-28-7-11M,CELOSIA DE LUJO NATURAL,MTS,False,0,0,0,0,LA VIGA EXTRUSIONES,CELOSIAS,CELOSIAS,CELOSIAS,1
162-28-7-11,CELOSIA DE LUJO NATURAL DE 6.10 MTS,PZA,False,0,0,0,0,LA VIGA EXTRUSIONES,CELOSIAS,CELOSIAS,CELOSIAS,2
164-457-7-80,CELOSIA ECONOMICA BLANCO DE 6.10 MTS,PZA,False,0,0,0,0,LA VIGA EXTRUSIONES,CELOSIAS,CELOSIAS,CELOSIAS,2
163-457-7-58,CELOSIA ECONOMICA CAFE OSCURO DE 6.10 MTS,PZA,False,0,0,0,0,LA VIGA EXTRUSIONES,CELOSIAS,CELOSIAS,CELOSIAS,2
162-457-7-11,CELOSIA ECONOMICA NATURAL DE 6.10 MTS,PZA,True,0,5,0,0,LA VIGA EXTRUSIONES,CELOSIAS,CELOSIAS,CELOSIAS,2
326-MX6932,CERRADURA 520C PHILLIPS DOBLE MANIJA BLANCO,PZA,True,0,0,-1,26,"ASSA ABLOY MEXICO, S.A. DE C.V.",CERRADURA ASSA,HERRAJES,CERRADURAS,4
326-MX6934,CERRADURA 520C PHILLIPS DOBLE MANIJA NEGRO,PZA,True,0,0,0,38,"ASSA ABLOY MEXICO, S.A. DE C.V.",CERRADURA ASSA,HERRAJES,CERRADURAS,4
326-MX7048,CERRADURA 520C PHILLIPS MARIPOSA BLANCO,PZA,True,0,0,0,-4,"ASSA ABLOY MEXICO, S.A. DE C.V.",CERRADURA ASSA,HERRAJES,CERRADURAS,4
326-MX7050,CERRADURA 520C PHILLIPS MARIPOSA NEGRO,PZA,True,0,0,0,14,"ASSA ABLOY MEXICO, S.A. DE C.V.",CERRADURA ASSA,HERRAJES,CERRADURAS,4
326-CHTE-ADK,CERRADURA DE GANCHO DE 3' CAFE TETRA TECNO,PZA,True,0,0,0,2,"ASSA ABLOY MEXICO, S.A. DE C.V.",CERRADURAS,GENERAL,CERRADURAS,4
326-DOMA-BL,CERRADURA TECNO C/MARIPOZA BLANCO,PZA,False,0,0,0,0,"TECNO EXTRUSIONES, S.A. DE C.V.",CERRADURAS,GENERAL,CERRADURAS,4
326-MX3435,CERRADURA 549 MARIPOSA PHILLIPS BLANCA,PZA,True,0,0,0,19,"ASSA ABLOY MEXICO, S.A. DE C.V.",CERRADURAS,HERRAJES,CERRADURAS,4
326-MX2487,CERRADURA 549 PHILLIPS BLANCO DOBLE MANIJA,PZA,True,1,0,-1,32,"ASSA ABLOY MEXICO, S.A. DE C.V.",CERRADURAS,HERRAJES,CERRADURAS,4
326-MX2486,CERRADURA 549 PHILLIPS NATURAL DOBLE MANIJA,PZA,True,0,0,0,39,"ASSA ABLOY MEXICO, S.A. DE C.V.",CERRADURAS,HERRAJES,CERRADURAS,4
326-MX2546,CERRADURA 549 PHILLIPS NEGRO DOBLE MANIJA,PZA,True,0,0,0,35,"ASSA ABLOY MEXICO, S.A. DE C.V.",CERRADURAS,HERRAJES,CERRADURAS,4
326-MX4773,CERRADURA 549 PHILLIPS SATINADA DOBLE MANIJA,PZA,True,-1,0,0,29,"ASSA ABLOY MEXICO, S.A. DE C.V.",CERRADURAS,HERRAJES,CERRADURAS,4
326-MX7133,CERRADURA 549 SLIM PHILLIPS BLANCA DOBLE MANIJA,PZA,True,0,0,0,53,"ASSA ABLOY MEXICO, S.A. DE C.V.",CERRADURAS,HERRAJES,CERRADURAS,4
326-MX7136,CERRADURA 549 SLIM PHILLIPS BLANCA MARIPOSA/CILINDRO,PZA,True,0,0,0,36,"ASSA ABLOY MEXICO, S.A. DE C.V.",CERRADURAS,HERRAJES,CERRADURAS,4
326-MX7135,CERRADURA 549 SLIM PHILLIPS NATURAL DOBLE MANIJA,PZA,True,0,0,0,48,"ASSA ABLOY MEXICO, S.A. DE C.V.",CERRADURAS,HERRAJES,CERRADURAS,4
326-MX7138,CERRADURA 549 SLIM PHILLIPS NATURAL MARIPOSA/CILINDRO,PZA,True,0,0,0,48,"ASSA ABLOY MEXICO, S.A. DE C.V.",CERRADURAS,HERRAJES,CERRADURAS,4
326-MX7134,CERRADURA 549 SLIM PHILLIPS NEGRO DOBLE MANIJA,PZA,True,0,0,0,37,"ASSA ABLOY MEXICO, S.A. DE C.V.",CERRADURAS,HERRAJES,CERRADURAS,4
326-MX7137,CERRADURA 549 SLIM PHILLIPS NEGRO MARIPOSA/CILINDRO,PZA,True,0,0,0,31,"ASSA ABLOY MEXICO, S.A. DE C.V.",CERRADURAS,HERRAJES,CERRADURAS,4
326-MX600,CERRADURA 550 CH PHILLIPS S/MANIJA BLANCO,PZA,True,0,0,-2,44,"ASSA ABLOY MEXICO, S.A. DE C.V.",CERRADURAS,HERRAJES,CERRADURAS,4
326-MX62,CERRADURA 550 CH PHILLIPS S/MANIJA NATURAL,PZA,True,0,0,0,41,"ASSA ABLOY MEXICO, S.A. DE C.V.",CERRADURAS,HERRAJES,CERRADURAS,4
326-MX598,CERRADURA 550 CH PHILLIPS S/MANIJA NEGRO,PZA,True,0,0,0,43,"ASSA ABLOY MEXICO, S.A. DE C.V.",CERRADURAS,HERRAJES,CERRADURAS,4
326-MX592,CERRADURA 550 PHILLIPS BLANCO,PZA,True,0,0,0,51,"ASSA ABLOY MEXICO, S.A. DE C.V.",CERRADURAS,HERRAJES,CERRADURAS,4
326-MX585,CERRADURA 550 PHILLIPS NATURAL,PZA,True,0,0,0,46,"ASSA ABLOY MEXICO, S.A. DE C.V.",CERRADURAS,HERRAJES,CERRADURAS,4
326-MX2105,CERRADURA 555 PHILLIPS C/MARIPOZA BLANCO,PZA,True,0,0,0,38,"ASSA ABLOY MEXICO, S.A. DE C.V.",CERRADURAS,HERRAJES,CERRADURAS,4
326-MX59,CERRADURA 555 PHILLIPS C/MARIPOZA NATURAL,PZA,True,0,0,0,34,"ASSA ABLOY MEXICO, S.A. DE C.V.",CERRADURAS,HERRAJES,CERRADURAS,4
326-MX2136,CERRADURA 555 PHILLIPS C/MARIPOZA NEGRA,PZA,True,0,0,0,53,"ASSA ABLOY MEXICO, S.A. DE C.V.",CERRADURAS,HERRAJES,CERRADURAS,4
326-MX4787,CERRADURA 570 DOBLE MANIJA PHILLIPS BLANCA MANIJA TUBULAR,PZA,True,0,0,0,35,"ASSA ABLOY MEXICO, S.A. DE C.V.",CERRADURAS,HERRAJES,CERRADURAS,4
326-MX4795,CERRADURA 570 DOBLE MANIJA PHILLIPS NEGRA MANIJA TUBULAR,PZA,True,0,0,0,50,"ASSA ABLOY MEXICO, S.A. DE C.V.",CERRADURAS,HERRAJES,CERRADURAS,4
326-MX4866,CERRADURA 570 DOBLE MANIJA PHILLIPS SATINADA MANIJA TUBULAR,PZA,True,0,0,0,38,"ASSA ABLOY MEXICO, S.A. DE C.V.",CERRADURAS,HERRAJES,CERRADURAS,4
326-575 JG ABL,CERRADURA 575 PHILLIPS ESPECIAL JG BLANCO,PZA,True,0,0,0,4,"CASA FERNANDEZ DEL SURESTE, S.A. DE C.V.",CERRADURAS,HERRAJES,CERRADURAS,4
326-575 JG ADK,CERRADURA 575 PHILLIPS ESPECIAL JG CAFE,PZA,True,0,0,0,4,"CASA FERNANDEZ DEL SURESTE, S.A. DE C.V.",CERRADURAS,HERRAJES,CERRADURAS,4
326-575 JG AN,CERRADURA 575 PHILLIPS ESPECIAL JG NATURAL,PZA,False,0,0,0,0,"CASA FERNANDEZ DEL SURESTE, S.A. DE C.V.",CERRADURAS,HERRAJES,CERRADURAS,4
326-HP000886,CERRADURA 575 PHILLIPS MANIJA/MANIJA NATURAL,PZA,False,0,0,0,0,"CASA FERNANDEZ DEL SURESTE, S.A. DE C.V.",CERRADURAS,HERRAJES,CERRADURAS,4
326-142-575 JM ABL,CERRADURA 575 PHILLIPS NORMAL JM BLANCO,PZA,True,0,0,0,3,"CASA FERNANDEZ DEL SURESTE, S.A. DE C.V.",CERRADURAS,HERRAJES,CERRADURAS,4
326-142-575 JM ADK,CERRADURA 575 PHILLIPS NORMAL JM CAFE,PZA,True,0,0,0,4,"CASA FERNANDEZ DEL SURESTE, S.A. DE C.V.",CERRADURAS,HERRAJES,CERRADURAS,4
326-142-575 JM AN,CERRADURA 575 PHILLIPS NORMAL JM NATURAL,PZA,True,0,0,0,2,"CASA FERNANDEZ DEL SURESTE, S.A. DE C.V.",CERRADURAS,HERRAJES,CERRADURAS,4
326-142-575 MM ABL,CERRADURA 575 PHILLIPS NORMAL MM BLANCO,PZA,True,0,0,0,0,"CASA FERNANDEZ DEL SURESTE, S.A. DE C.V.",CERRADURAS,HERRAJES,CERRADURAS,4
326-142-575 MM AN,CERRADURA 575 PHILLIPS NORMAL MM NATURAL,PZA,True,0,0,0,3,"CASA FERNANDEZ DEL SURESTE, S.A. DE C.V.",CERRADURAS,HERRAJES,CERRADURAS,4
326-142-590 ABL,CERRADURA 590 PHILLIPS BLANCA (PALETA),PZA,False,0,0,0,0,"CASA FERNANDEZ DEL SURESTE, S.A. DE C.V.",CERRADURAS,HERRAJES,CERRADURAS,4
326-142-590 ADK,CERRADURA 590 PHILLIPS CAFE (PALETA),PZA,False,0,0,0,0,"CASA FERNANDEZ DEL SURESTE, S.A. DE C.V.",CERRADURAS,HERRAJES,CERRADURAS,4
326-142-590 AN,CERRADURA 590 PHILLIPS NATURAL (PALETA),PZA,False,0,0,0,0,"CASA FERNANDEZ DEL SURESTE, S.A. DE C.V.",CERRADURAS,HERRAJES,CERRADURAS,4
326-MX475,CERRADURA 595 DE GANCHO P/PTA PESADA PHILLIPS CAFE,PZA,True,0,0,0,16,"ASSA ABLOY MEXICO, S.A. DE C.V.",CERRADURAS,HERRAJES,CERRADURAS,4
326-FN610-BAI,CERRADURA CILINDRICA POMO P/BAÑO ACERO INOXIDABLE,PZA,False,0,0,0,0,LA VIGA EXTRUSIONES,CERRADURAS,HERRAJES,CERRADURAS,1
326-FN610-BLA,CERRADURA CILINDRICA POMO P/BAÑO LATON ANTIGUO,PZA,False,0,0,0,0,LA VIGA EXTRUSIONES,CERRADURAS,HERRAJES,CERRADURAS,1
326-FN615-BAI,CERRADURA CILINDRICA POMO P/ENTRADA ACERO INOXIDABLE,PZA,False,0,0,0,0,LA VIGA EXTRUSIONES,CERRADURAS,HERRAJES,CERRADURAS,1
326-FN615-BLA,CERRADURA CILINDRICA POMO P/ENTRADA LATON ANTIGUO,PZA,False,0,0,0,0,LA VIGA EXTRUSIONES,CERRADURAS,HERRAJES,CERRADURAS,1
326-142-310 C,CERRADURA CONTRA ELECTRICA MODELO 310 C PHILLIPS,PZA,True,0,0,0,3,"CASA FERNANDEZ DEL SURESTE, S.A. DE C.V.",CERRADURAS,HERRAJES,CERRADURAS,4
326-MX29,CERRADURA DE CAÑON LARGO 200 C PHILLIPS P/CENTRO TPE,PZA,True,0,0,0,32,"ASSA ABLOY MEXICO, S.A. DE C.V.",CERRADURAS,HERRAJES,CERRADURAS,4
326-1000CHTE0NAT0000,CERRADURA DE GANCHO DE 3' NATURAL TETRA TECNO,PZA,False,0,0,0,0,"ASSA ABLOY MEXICO, S.A. DE C.V.",CERRADURAS,HERRAJES,CERRADURAS,4
326-MX65171,"CERRADURA DE GANCHO SOBREPONER DE 3"" TECNO TETRA BLANCA",PZA,True,0,0,0,9,"ASSA ABLOY MEXICO, S.A. DE C.V.",CERRADURAS,HERRAJES,CERRADURAS,4
326-1000CHSO0NAT0000,"CERRADURA DE GANCHO SOBREPONER DE 3"" TECNO TETRA NATURAL",PZA,False,0,0,0,0,"ASSA ABLOY MEXICO, S.A. DE C.V.",CERRADURAS,HERRAJES,CERRADURAS,4
326-MX81140,CERRADURA DE POMO RECAMARA CROMO MATE PHILLIPS,PZA,True,0,0,0,14,"ASSA ABLOY MEXICO, S.A. DE C.V.",CERRADURAS,HERRAJES,CERRADURAS,4
326-MX24,CERRADURA DE SERRUCHO 80 C P/VITRINA NATURAL,PZA,True,0,0,0,27,"ASSA ABLOY MEXICO, S.A. DE C.V.",CERRADURAS,HERRAJES,CERRADURAS,4
326-6504-SAT,"CERRADURA DEXTER CIL 60 MM DELUXE MANIJA ""J"" ACERO INOX",PZA,True,19,0,0,0,LA VIGA EXTRUSIONES,CERRADURAS,HERRAJES,CERRADURAS,4
326-6505-SAT,"CERRADURA DEXTER CIL 60 MM DELUXE MANIJA ""L"" ACERO INOX",PZA,True,10,0,0,0,LA VIGA EXTRUSIONES,CERRADURAS,HERRAJES,CERRADURAS,4
326-6680-NE,"CERRADURA DEXTER CIL 60 MM DELUXE MANIJA ""L"" NEGRA",PZA,True,3,0,0,0,LA VIGA EXTRUSIONES,CERRADURAS,HERRAJES,CERRADURAS,4
326-6682-NE,"CERRADURA DEXTER CIL 70 MM DELUXE MANIJA ""L"" NEGRA",PZA,True,1,0,0,0,LA VIGA EXTRUSIONES,CERRADURAS,HERRAJES,CERRADURAS,4
326-6544-SAT,"CERRADURA DEXTER CIL 80 MM DELUXE MANIJA ""J"" ACERO INOX",PZA,True,9,0,0,4,LA VIGA EXTRUSIONES,CERRADURAS,HERRAJES,CERRADURAS,4
326-6545-SAT,"CERRADURA DEXTER CIL 80 MM DELUXE MANIJA ""L"" ACERO INOX",PZA,True,8,0,0,0,LA VIGA EXTRUSIONES,CERRADURAS,HERRAJES,CERRADURAS,4
327-CH5859,CERRADURA DOBLE MANIJA DAWH D585 SATINADA,PZA,True,0,0,0,0,"JACKSON CORPORATION MEXICO, SA DE CV",CERRADURAS,HERRAJES,CERRADURAS,4
326-MX65156,CERRADURA DOBLE MANIJA TECNO BLANCO,PZA,True,0,0,0,0,"ASSA ABLOY MEXICO, S.A. DE C.V.",CERRADURAS,HERRAJES,CERRADURAS,4
326-MX65160,CERRADURA DOBLE MANIJA TECNO NATURAL,PZA,True,0,0,0,0,"ASSA ABLOY MEXICO, S.A. DE C.V.",CERRADURAS,HERRAJES,CERRADURAS,4
326-MX65161,CERRADURA DOBLE MANIJA TECNO NEGRA,PZA,True,0,0,0,54,"ASSA ABLOY MEXICO, S.A. DE C.V.",CERRADURAS,HERRAJES,CERRADURAS,4
326-1096002BL,CERRADURA ECONOMICA DOBLE MANIJA MOD002 BLANCA HERRALUM,PZA,False,0,0,0,0,"HERRALUM INDUSTRIAL, S.A. DE C.V.",CERRADURAS,HERRAJES,CERRADURAS,4
326-1096002GR,CERRADURA ECONOMICA DOBLE MANIJA MOD002 NATURAL HERRALUM,PZA,False,0,0,0,0,"HERRALUM INDUSTRIAL, S.A. DE C.V.",CERRADURAS,HERRAJES,CERRADURAS,4
326-1096002NE,CERRADURA ECONOMICA DOBLE MANIJA MOD002 NEGRA HERRALUM,PZA,False,0,0,0,0,"HERRALUM INDUSTRIAL, S.A. DE C.V.",CERRADURAS,HERRAJES,CERRADURAS,4
326-149-1923,CERRADURA INOXX ML08 TURIN CILINDRO DOBLE 70-NS ALTA SEGURIDAD,PZA,False,0,0,0,0,"CASA FERNANDEZ DEL SURESTE, S.A. DE C.V.",CERRADURAS,HERRAJES,CERRADURAS,4
326-142-72 D C,CERRADURA MOD. 72C P-CORREDIZA NATURAL CROMADA DERECHA,PZA,True,0,0,0,19,"CASA FERNANDEZ DEL SURESTE, S.A. DE C.V.",CERRADURAS,HERRAJES,CERRADURAS,4
326-142-72 I C,CERRADURA MOD. 72C P-CORREDIZA NATURAL CROMADA IZQ,PZA,True,0,0,0,22,"CASA FERNANDEZ DEL SURESTE, S.A. DE C.V.",CERRADURAS,HERRAJES,CERRADURAS,4
326-152-250 C,CERRADURA P/CORREDIZA Y CLOSET 250 C PHILLIPS,PZA,True,2,0,0,46,"CASA FERNANDEZ DEL SURESTE, S.A. DE C.V.",CERRADURAS,HERRAJES,CERRADURAS,4
326-MX31,CERRADURA P/CORREDIZA Y CLOSET 250 CH CROMADA PHILLIPS,PZA,True,0,0,0,17,"ASSA ABLOY MEXICO, S.A. DE C.V.",CERRADURAS,HERRAJES,CERRADURAS,4
326-142-170 N,CERRADURA P/MUEBLE MOD 170 N PHILLIPS,PZA,True,0,0,0,84,"CASA FERNANDEZ DEL SURESTE, S.A. DE C.V.",CERRADURAS,HERRAJES,CERRADURAS,4
326-MX1,CERRADURA P/MUEBLE MOD. 21C NATURAL,PZA,True,0,0,0,43,"ASSA ABLOY MEXICO, S.A. DE C.V.",CERRADURAS,HERRAJES,CERRADURAS,4
326-1105000CO,CERRADURA P/PTA BATIENTE O APARADOR P/VIDRIO 6MM CROMADA,PZA,True,0,0,0,25,"CASA FERNANDEZ DEL SURESTE, S.A. DE C.V.",CERRADURAS,HERRAJES,CERRADURAS,4
326-142-435 ADK,CERRADURA PHILLIPS GANCHO MOD 435 CAFE,PZA,False,0,0,0,0,"CASA FERNANDEZ DEL SURESTE, S.A. DE C.V.",CERRADURAS,HERRAJES,CERRADURAS,4
326-142-435 AN,CERRADURA PHILLIPS GANCHO MOD 435 NATURAL,PZA,False,0,0,0,0,"CASA FERNANDEZ DEL SURESTE, S.A. DE C.V.",CERRADURAS,HERRAJES,CERRADURAS,4
326-MX2040,CERRADURA PHILLIPS MOD 425 DC BLANCO DOBLE CILINDRO,PZA,True,1,0,0,18,"ASSA ABLOY MEXICO, S.A. DE C.V.",CERRADURAS,HERRAJES,CERRADURAS,4
326-MX2043,CERRADURA PHILLIPS MOD 425 DC CAFE DOBLE CILINDRO,PZA,True,0,0,0,26,"ASSA ABLOY MEXICO, S.A. DE C.V.",CERRADURAS,HERRAJES,CERRADURAS,4
326-142-425 DC AN,CERRADURA PHILLIPS MOD 425 DC NATURAL DOBLE CILINDRO,PZA,True,0,0,0,17,"CASA FERNANDEZ DEL SURESTE, S.A. DE C.V.",CERRADURAS,HERRAJES,CERRADURAS,4
326-3000-BARE-CR,CERRADURA PHILLIPS MOD. 3000 CROMADA BAÑO/RECAMARA,PZA,False,0,0,0,0,"CASA FERNANDEZ DEL SURESTE, S.A. DE C.V.",CERRADURAS,HERRAJES,CERRADURAS,4
326-3000-REEN-CR,CERRADURA PHILLIPS MOD. 3000 CROMADA REC/ENTRADA,PZA,False,0,0,0,0,"CASA FERNANDEZ DEL SURESTE, S.A. DE C.V.",CERRADURAS,HERRAJES,CERRADURAS,4
326-3000-BARE-SA,CERRADURA PHILLIPS MOD. 3000 SATINADA BAÑO/RECAMARA,PZA,False,0,0,0,0,"CASA FERNANDEZ DEL SURESTE, S.A. DE C.V.",CERRADURAS,HERRAJES,CERRADURAS,4
326-3000-REEN-SA,CERRADURA PHILLIPS MOD. 3000 SATINADA REC/ENTRADA,PZA,False,0,0,0,0,"CASA FERNANDEZ DEL SURESTE, S.A. DE C.V.",CERRADURAS,HERRAJES,CERRADURAS,4
326-3050 ABL,CERRADURA PHILLIPS MOD. 3050 BLANCO (MOD 540 PHILLIPS),PZA,True,0,0,0,3,"CASA FERNANDEZ DEL SURESTE, S.A. DE C.V.",CERRADURAS,HERRAJES,CERRADURAS,4
326-3050 ADK,CERRADURA PHILLIPS MOD. 3050 CAFE (MOD 540 PHILLIPS),PZA,True,0,0,0,3,"CASA FERNANDEZ DEL SURESTE, S.A. DE C.V.",CERRADURAS,HERRAJES,CERRADURAS,4
326-3050 AN,CERRADURA PHILLIPS MOD. 3050 NATURAL (540 PHILLIPS),PZA,True,0,0,0,4,"CASA FERNANDEZ DEL SURESTE, S.A. DE C.V.",CERRADURAS,HERRAJES,CERRADURAS,4
326-MX2446,CERRADURA PHILLIPS MOD. 3055 BLANCO (MOD 541 PHILLIPS),PZA,True,0,0,0,5,"ASSA ABLOY MEXICO, S.A. DE C.V.",CERRADURAS,HERRAJES,CERRADURAS,4
326-3055 ADK,CERRADURA PHILLIPS MOD. 3055 CAFE (MOD. 541 PHILLIPS),PZA,True,0,0,0,8,"ASSA ABLOY MEXICO, S.A. DE C.V.",CERRADURAS,HERRAJES,CERRADURAS,4
326-3055 AN,CERRADURA PHILLIPS MOD. 3055 NATURAL (541 PHILLIPS),PZA,True,0,0,0,6,"ASSA ABLOY MEXICO, S.A. DE C.V.",CERRADURAS,HERRAJES,CERRADURAS,4
326-3060 ABL,CERRADURA PHILLIPS MOD. 3060 JM BLANCA (MOD. 565),PZA,False,0,0,0,0,"CASA FERNANDEZ DEL SURESTE, S.A. DE C.V.",CERRADURAS,HERRAJES,CERRADURAS,4
326-3060 ADK,CERRADURA PHILLIPS MOD. 3060 JM CAFE (MOD. 565),PZA,False,0,0,0,0,"CASA FERNANDEZ DEL SURESTE, S.A. DE C.V.",CERRADURAS,HERRAJES,CERRADURAS,4
326-3065 ABL,CERRADURA PHILLIPS MOD. 3065 JM BLANCA (MOD. 566),PZA,True,0,0,0,2,"CASA FERNANDEZ DEL SURESTE, S.A. DE C.V.",CERRADURAS,HERRAJES,CERRADURAS,4
326-3065 ADK,CERRADURA PHILLIPS MOD. 3065 JM CAFE (MOD. 566),PZA,False,0,0,0,0,"CASA FERNANDEZ DEL SURESTE, S.A. DE C.V.",CERRADURAS,HERRAJES,CERRADURAS,4
326-3065 AN,CERRADURA PHILLIPS MOD. 3065 JM NATURAL (MOD. 566),PZA,False,0,0,0,0,"CASA FERNANDEZ DEL SURESTE, S.A. DE C.V.",CERRADURAS,HERRAJES,CERRADURAS,4
326-525 DC AN,CERRADURA PHILLIPS MOD. 525 DOBLE LLAVE NATURAL (CAPFCE),PZA,True,0,0,0,10,"CASA FERNANDEZ DEL SURESTE, S.A. DE C.V.",CERRADURAS,HERRAJES,CERRADURAS,4
326-MX288,CERRADURA PHILLIPS MOD. 525 MARIPOSA CILINDRO NATURAL (CAPFCE),PZA,True,0,0,0,8,"ASSA ABLOY MEXICO, S.A. DE C.V.",CERRADURAS,HERRAJES,CERRADURAS,4
326-3095-AN,CERRADURA T/GANCHO 3095 PHILLIPS ANODIZADO NATURAL,PZA,False,0,0,0,0,"CASA FERNANDEZ DEL SURESTE, S.A. DE C.V.",CERRADURAS,HERRAJES,CERRADURAS,4
326-MX7013,CERROJO B260 LLAVE MARIPOZA NEGRO,PZA,True,0,0,0,13,"ASSA ABLOY MEXICO, S.A. DE C.V.",CERRADURAS,HERRAJES,CERRADURAS,4
326-MX81002,CERROJO B260 LLAVE MARIPOZA SATINADO,PZA,True,0,0,0,16,"ASSA ABLOY MEXICO, S.A. DE C.V.",CERRADURAS,HERRAJES,CERRADURAS,4
317-HER74110,CERRADURA DE PISO OLIMPIA SATINADO GL20 CON RECIBIDOR AL PISO (PUERTA TEMPLADA),PZA,True,0,0,0,3,"M INDUSTRIA, S.A. DE C.V.",CERRADURAS,HERRAJES,HERRAJES FIJACION,4
326-1132000BL,"CERRADURA DE GANCHO 3"" BLANCA LLAVE NORMAL HERRALUM",PZA,True,0,0,0,121,"HERRALUM INDUSTRIAL, S.A. DE C.V.",CERRADURAS HERRALUM,HERRAJES,CERRADURAS,4
326-1132000CA,"CERRADURA DE GANCHO 3"" CAFE LLAVE NORMAL HERRALUM",PZA,True,0,0,0,31,"HERRALUM INDUSTRIAL, S.A. DE C.V.",CERRADURAS HERRALUM,HERRAJES,CERRADURAS,4
326-1132000GR,"CERRADURA DE GANCHO 3"" NATURAL LLAVE NORMAL HERRALUM",PZA,True,0,0,0,73,"HERRALUM INDUSTRIAL, S.A. DE C.V.",CERRADURAS HERRALUM,HERRAJES,CERRADURAS,4
326-1133000BE,"CERRADURA DE GANCHO DE 3"" BEIGE TETRA HERRALUM",PZA,False,0,0,0,0,"HERRALUM INDUSTRIAL, S.A. DE C.V.",CERRADURAS HERRALUM,HERRAJES,CERRADURAS,4
326-1133000CO,"CERRADURA DE GANCHO DE 3"" CROMADA TETRA HERRALUM",PZA,True,0,0,0,69,"HERRALUM INDUSTRIAL, S.A. DE C.V.",CERRADURAS HERRALUM,HERRAJES,CERRADURAS,4
326-1133000GR,"CERRADURA DE GANCHO DE 3"" GRIS TETRA HERRALUM",PZA,False,0,0,0,0,"HERRALUM INDUSTRIAL, S.A. DE C.V.",CERRADURAS HERRALUM,HERRAJES,CERRADURAS,4
326-1133000NE,"CERRADURA DE GANCHO DE 3"" NEGRA TETRA HERRALUM",PZA,True,0,0,-1,208,"HERRALUM INDUSTRIAL, S.A. DE C.V.",CERRADURAS HERRALUM,HERRAJES,CERRADURAS,4
326-1133000CA,CERRADURA DE GANCHO DE 3'  BRONCE TETRA  HERRALUM,PZA,True,0,0,0,0,"HERRALUM INDUSTRIAL, S.A. DE C.V.",CERRADURAS HERRALUM,HERRAJES,CERRADURAS,4
326-1133000CB,CERRADURA DE GANCHO DE 3'  CHAMPAGNE BTE TETRA  HERRAL,PZA,True,0,0,0,64,"HERRALUM INDUSTRIAL, S.A. DE C.V.",CERRADURAS HERRALUM,HERRAJES,CERRADURAS,4
326-1133000BL,CERRADURA DE GANCHO DE 3' BLANCO TETRA  HERRALUM,PZA,True,0,0,-2,213,"HERRALUM INDUSTRIAL, S.A. DE C.V.",CERRADURAS HERRALUM,HERRAJES,CERRADURAS,4
326-1124000BL,CERRADURA DE PALETA P/PTA PESADA HERRALUM BLANCA,PZA,True,0,0,0,63,"HERRALUM INDUSTRIAL, S.A. DE C.V.",CERRADURAS HERRALUM,HERRAJES,CERRADURAS,4
326-1124000CA,CERRADURA DE PALETA P/PTA PESADA HERRALUM CAFE,PZA,True,0,0,0,2,"HERRALUM INDUSTRIAL, S.A. DE C.V.",CERRADURAS HERRALUM,HERRAJES,CERRADURAS,4
326-1124000CB,CERRADURA DE PALETA P/PTA PESADA HERRALUM CHAMP BRILLANTE,PZA,True,0,0,0,27,"HERRALUM INDUSTRIAL, S.A. DE C.V.",CERRADURAS HERRALUM,HERRAJES,CERRADURAS,4
326-1124000GR,CERRADURA DE PALETA P/PTA PESADA HERRALUM NATURAL,PZA,True,0,0,-1,48,"HERRALUM INDUSTRIAL, S.A. DE C.V.",CERRADURAS HERRALUM,HERRAJES,CERRADURAS,4
326-1124000NE,CERRADURA DE PALETA P/PTA PESADA HERRALUM NEGRA,PZA,True,0,0,0,53,"HERRALUM INDUSTRIAL, S.A. DE C.V.",CERRADURAS HERRALUM,HERRAJES,CERRADURAS,4
326-1131000BL,"CERRADURA DE PALETA TETRA P/ LINEA DE 3"" BLANCA HERRALUM",PZA,True,0,0,0,117,"HERRALUM INDUSTRIAL, S.A. DE C.V.",CERRADURAS HERRALUM,HERRAJES,CERRADURAS,4
326-1131000CA,"CERRADURA DE PALETA TETRA P/LINEA DE 3"" BRONCE HERRALUM",PZA,True,0,0,0,35,"HERRALUM INDUSTRIAL, S.A. DE C.V.",CERRADURAS HERRALUM,HERRAJES,CERRADURAS,4
326-1131000CB,"CERRADURA DE PALETA TETRA P/LINEA DE 3"" CHAMPAGNE HERRALUM",PZA,True,0,0,0,49,"HERRALUM INDUSTRIAL, S.A. DE C.V.",CERRADURAS HERRALUM,HERRAJES,CERRADURAS,4
326-1131000CO,"CERRADURA DE PALETA TETRA P/LINEA DE 3"" CROMADA HERRALUM",PZA,True,0,0,0,52,"HERRALUM INDUSTRIAL, S.A. DE C.V.",CERRADURAS HERRALUM,HERRAJES,CERRADURAS,4
326-1131000GR,"CERRADURA DE PALETA TETRA P/LINEA DE 3"" NATURAL HERRALUM",PZA,True,0,0,0,81,"HERRALUM INDUSTRIAL, S.A. DE C.V.",CERRADURAS HERRALUM,HERRAJES,CERRADURAS,4
326-1131000NE,"CERRADURA DE PALETA TETRA P/LINEA DE 3"" NEGRA HERRALUM",PZA,True,0,0,0,71,"HERRALUM INDUSTRIAL, S.A. DE C.V.",CERRADURAS HERRALUM,HERRAJES,CERRADURAS,4
326-1096000BL,CERRADURA DOBLE MANIJA HERRALOCK BLANCO,PZA,True,0,0,0,60,"HERRALUM INDUSTRIAL, S.A. DE C.V.",CERRADURAS HERRALUM,HERRAJES,CERRADURAS,4
326-1096000CA,CERRADURA DOBLE MANIJA HERRALOCK BRONCE,PZA,True,0,0,0,98,"CASA FERNANDEZ DEL SURESTE, S.A. DE C.V.",CERRADURAS HERRALUM,HERRAJES,CERRADURAS,4
326-1096000CB,CERRADURA DOBLE MANIJA HERRALOCK CHAMPAGNE BRILLANTE,PZA,False,0,0,0,0,"ROBIN HERRAJES Y ACCESORIOS, S DE RL DE CV",CERRADURAS HERRALUM,HERRAJES,CERRADURAS,4
326-1096000NO,CERRADURA DOBLE MANIJA HERRALOCK MADERA NOGAL,PZA,True,0,0,0,27,"HERRALUM INDUSTRIAL, S.A. DE C.V.",CERRADURAS HERRALUM,HERRAJES,CERRADURAS,4
326-1096000GR,CERRADURA DOBLE MANIJA HERRALOCK NATURAL,PZA,True,0,0,0,66,"HERRALUM INDUSTRIAL, S.A. DE C.V.",CERRADURAS HERRALUM,HERRAJES,CERRADURAS,4
326-1096000NE,CERRADURA DOBLE MANIJA HERRALOCK NEGRA,PZA,True,0,0,0,129,"HERRALUM INDUSTRIAL, S.A. DE C.V.",CERRADURAS HERRALUM,HERRAJES,CERRADURAS,4
326-1096001SA,CERRADURA DOBLE MANIJA HERRALOCK SATINADA CILINDRO UNICO,PZA,True,0,0,0,0,"HERRALUM INDUSTRIAL, S.A. DE C.V.",CERRADURAS HERRALUM,HERRAJES,CERRADURAS,4
326-1096000SA,CERRADURA DOBLE MANIJA HERRALOCK SATINADA DOBLE CILINDRO,PZA,True,0,0,0,67,"HERRALUM INDUSTRIAL, S.A. DE C.V.",CERRADURAS HERRALUM,HERRAJES,CERRADURAS,4
326-1285000BL,CERRADURA GUADALAJARA AC-INOX BLANCA C/MANIJA,PZA,True,0,0,0,16,"HERRALUM INDUSTRIAL, S.A. DE C.V.",CERRADURAS HERRALUM,HERRAJES,CERRADURAS,4
326-1285000NE,CERRADURA GUADALAJARA AC-INOX NEGRA C/MANIJA,PZA,True,0,0,0,12,"HERRALUM INDUSTRIAL, S.A. DE C.V.",CERRADURAS HERRALUM,HERRAJES,CERRADURAS,4
326-1164000NO,CERRADURA HERRALOCK MANIJA-MARIPOZA MADERA NOGAL,PZA,True,0,0,0,18,"HERRALUM INDUSTRIAL, S.A. DE C.V.",CERRADURAS HERRALUM,HERRAJES,CERRADURAS,4
326-1164000BL,CERRADURA HERRALOCK MANIJA/MARIPOSA BLANCA,PZA,True,0,0,0,108,"HERRALUM INDUSTRIAL, S.A. DE C.V.",CERRADURAS HERRALUM,HERRAJES,CERRADURAS,4
326-1164000CA,CERRADURA HERRALOCK MANIJA/MARIPOSA BRONCE,PZA,False,0,0,0,0,"HERRALUM INDUSTRIAL, S.A. DE C.V.",CERRADURAS HERRALUM,HERRAJES,CERRADURAS,4
326-1164000GR,CERRADURA HERRALOCK MANIJA/MARIPOSA NATURAL,PZA,True,0,0,0,57,"HERRALUM INDUSTRIAL, S.A. DE C.V.",CERRADURAS HERRALUM,HERRAJES,CERRADURAS,4
326-1164000NE,CERRADURA HERRALOCK MANIJA/MARIPOSA NEGRA,PZA,True,0,0,0,160,"HERRALUM INDUSTRIAL, S.A. DE C.V.",CERRADURAS HERRALUM,HERRAJES,CERRADURAS,4
326-1164000SA,CERRADURA HERRALOCK MANIJA/MARIPOSA SATINADA,PZA,True,0,0,0,52,"HERRALUM INDUSTRIAL, S.A. DE C.V.",CERRADURAS HERRALUM,HERRAJES,CERRADURAS,4
326-1164001BL,CERRADURA HERRALOCK UNICILINDRO MANIJA/MARIPOSA BLANCA,PZA,True,0,0,0,11,"HERRALUM INDUSTRIAL, S.A. DE C.V.",CERRADURAS HERRALUM,HERRAJES,CERRADURAS,4
326-1096003BL,CERRADURA HIMALAYA DOBLE MANIJA EUROPEA BLANCA HERRALUM,PZA,True,0,0,0,62,"HERRALUM INDUSTRIAL, S.A. DE C.V.",CERRADURAS HERRALUM,HERRAJES,CERRADURAS,4
326-1096003NE,CERRADURA HIMALAYA DOBLE MANIJA EUROPEA NEGRA HERRALUM,PZA,True,0,0,0,104,"HERRALUM INDUSTRIAL, S.A. DE C.V.",CERRADURAS HERRALUM,HERRAJES,CERRADURAS,4
326-1099000CA,CERRADURA JALADERA MANIJA CAFE HERRALOCK,PZA,True,0,0,0,4,"HERRALUM INDUSTRIAL, S.A. DE C.V.",CERRADURAS HERRALUM,HERRAJES,CERRADURAS,4
326-1099000NO,CERRADURA JALADERA MANIJA HERRALUM MADERA NOGAL,PZA,True,0,0,0,7,"HERRALUM INDUSTRIAL, S.A. DE C.V.",CERRADURAS HERRALUM,HERRAJES,CERRADURAS,4
326-1099000NE,CERRADURA JALADERA MANIJA NEGRA HERRALOCK,PZA,True,0,0,0,12,"HERRALUM INDUSTRIAL, S.A. DE C.V.",CERRADURAS HERRALUM,HERRAJES,CERRADURAS,4
326-1099000SA,CERRADURA JALADERA MANIJA SATINADA HERRALOCK,PZA,True,0,0,0,12,"HERRALUM INDUSTRIAL, S.A. DE C.V.",CERRADURAS HERRALUM,HERRAJES,CERRADURAS,4
326-1099000BL,CERRADURA JALADERA/MANIJA BLANCA HERRALOCK,PZA,True,0,0,0,15,"HERRALUM INDUSTRIAL, S.A. DE C.V.",CERRADURAS HERRALUM,HERRAJES,CERRADURAS,4
326-1094000GR,CERRADURA S/MANIJA HERRALUM NATURAL,PZA,True,0,0,0,0,"HERRALUM INDUSTRIAL, S.A. DE C.V.",CERRADURAS HERRALUM,HERRAJES,CERRADURAS,4
326-1094000SA,CERRADURA SIN MANIJA HERRALOCK SATINADA,PZA,True,0,0,0,14,"HERRALUM INDUSTRIAL, S.A. DE C.V.",CERRADURAS HERRALUM,HERRAJES,CERRADURAS,4
326-1299000BL,MANIJA DOBLE P/CERRADURA GUADALAJARA II BLANCA,PZA,True,0,0,0,7,"HERRALUM INDUSTRIAL, S.A. DE C.V.",CERRADURAS HERRALUM,HERRAJES,CERRADURAS,4
326-1299000NE,MANIJA DOBLE P/CERRADURA GUADALAJARA II NEGRA,PZA,True,2,0,0,13,"HERRALUM INDUSTRIAL, S.A. DE C.V.",CERRADURAS HERRALUM,HERRAJES,CERRADURAS,4
181-11041-7-80,CERCO/TRASLAPE DE 1 1/2 BLANCO 6.10 MTS,PZA,False,0,0,0,0,LA VIGA EXTRUSIONES,CORREDIZA LIGHT 1 1/2,CORREDIZAS,"CORREDIZA 1 1/2""",2
180-11041-7-11,CERCO/TRASLAPE DE 1 1/2 NATURAL 6.10 MTS,PZA,False,0,0,0,0,LA VIGA EXTRUSIONES,CORREDIZA LIGHT 1 1/2,CORREDIZAS,"CORREDIZA 1 1/2""",2
180-11037-7-80,CHAMBRANA DE 1 1/2 BLANCO 6.10 MTS,PZA,False,0,0,0,0,LA VIGA EXTRUSIONES,CORREDIZA LIGHT 1 1/2,CORREDIZAS,"CORREDIZA 1 1/2""",2
180-11037-7-11,CHAMBRANA DE 1 1/2 NATURAL 6.10 MTS,PZA,False,0,0,0,0,LA VIGA EXTRUSIONES,CORREDIZA LIGHT 1 1/2,CORREDIZAS,"CORREDIZA 1 1/2""",3
180-11068-7-80,RIEL INFERIOR DE 1 1/2 BLANCO 6.10 MTS,PZA,False,0,0,0,0,LA VIGA EXTRUSIONES,CORREDIZA LIGHT 1 1/2,CORREDIZAS,"CORREDIZA 1 1/2""",2
180-11068-7-11,RIEL INFERIOR DE 1 1/2 NATURAL 6.10 MTS,PZA,False,0,0,0,0,LA VIGA CUPRUM,CORREDIZA LIGHT 1 1/2,CORREDIZAS,"CORREDIZA 1 1/2""",3
204-CFP6-180260M,"CRISTAL FILTRAPLUS 6,MM",M2,True,88.13,0,0,0,GUARDIAN INDUSTRIES VP S DE RL DE CV,CRISTAL POR M2,CRISTAL,CRISTAL FILTRAPLUS,1
202-CF3-180-260M,"CRISTAL FILTRASOL DE 3,MM",M2,True,3.77,0,0,0,GUARDIAN INDUSTRIES VP S DE RL DE CV,CRISTAL POR M2,CRISTAL,CRISTAL FILTRASOL,1
202-CF6-180-260M,"CRISTAL FILTRASOL DE 6,MM",M2,True,75.06,0,0,0,GUARDIAN INDUSTRIES VP S DE RL DE CV,CRISTAL POR M2,CRISTAL,CRISTAL FILTRASOL,1
205-CRA6M,"CRISTAL REFLECTASOL AZUL 6,MM",M2,False,70.5,0,0,0,GUARDIAN INDUSTRIES VP S DE RL DE CV,CRISTAL POR M2,CRISTAL,CRISTAL REFLECTASOL,1
205-CRP-180260M,"CRISTAL REFLECTASOL PLATA 6,MM",M2,True,161.43,0,0,0,GUARDIAN INDUSTRIES VP S DE RL DE CV,CRISTAL POR M2,CRISTAL,CRISTAL REFLECTASOL,1
209-CS6-180260M,CRISTAL SATINADO CLARO 6MM,M2,True,89.14,0,0,0,GUARDIAN INDUSTRIES VP S DE RL DE CV,CRISTAL POR M2,CRISTAL,CRISTAL SATINADO,1
209-CSV6-180M,"CRISTAL SATINADO VERDE DE 6,MM",M2,False,0,0,0,0,GUARDIAN INDUSTRIES VP S DE RL DE CV,CRISTAL POR M2,CRISTAL,CRISTAL SATINADO,1
206-CTV1-260360M,CRISTAL TINTEX 10MM,M2,True,93.68,0,0,0,GUARDIAN INDUSTRIES VP S DE RL DE CV,CRISTAL POR M2,CRISTAL,CRISTAL TINTEX,1
206-CTV6-180260M,"CRISTAL TINTEX 6,MM",M2,True,27.74,0,0,0,GUARDIAN INDUSTRIES VP S DE RL DE CV,CRISTAL POR M2,CRISTAL,CRISTAL TINTEX,1
201-MP084613-8M,"CRISTAL ANTIREFLEJANTE DE 2,MM",M2,True,82.4,0,0,0,GUARDIAN INDUSTRIES VP S DE RL DE CV,CRISTAL POR M2,CRISTAL,CRISTAL TRANSPARENTE,1
201-CT10-260360M,"CRISTAL TRANSPARENTE DE 10,MM",M2,True,90.53,0,0,0,GUARDIAN INDUSTRIES VP S DE RL DE CV,CRISTAL POR M2,CRISTAL,CRISTAL TRANSPARENTE,1
201-CT3-180-260M,"CRISTAL TRANSPARENTE DE 3,MM",M2,True,142.11,0,0,0,GUARDIAN INDUSTRIES VP S DE RL DE CV,CRISTAL POR M2,CRISTAL,CRISTAL TRANSPARENTE,1
201-CT4-180-260M,CRISTAL TRANSPARENTE DE 4MM,M2,True,154.71,0,0,0,GUARDIAN INDUSTRIES VP S DE RL DE CV,CRISTAL POR M2,CRISTAL,CRISTAL TRANSPARENTE,1
201-CT5-180-260M,"CRISTAL TRANSPARENTE DE 5,MM",M2,False,0,0,0,0,GUARDIAN INDUSTRIES VP S DE RL DE CV,CRISTAL POR M2,CRISTAL,CRISTAL TRANSPARENTE,1
201-CT6-180-260M,CRISTAL TRANSPARENTE DE 6MM,M2,True,106.87,0,0,0,GUARDIAN INDUSTRIES VP S DE RL DE CV,CRISTAL POR M2,CRISTAL,CRISTAL TRANSPARENTE,1
209-E3-180M,ESPEJO DE 3MM,M2,True,162.41,0,0,0,GUARDIAN INDUSTRIES VP S DE RL DE CV,CRISTAL POR M2,CRISTAL,ESPEJOS,1
209-E5-180M,ESPEJO DE 5MM,M2,True,102.53,0,0,0,GUARDIAN INDUSTRIES VP S DE RL DE CV,CRISTAL POR M2,CRISTAL,ESPEJOS,1
207-VIJ3.5-170M,"VIDRIO IMPRESO JAPONES 4,MM",M2,False,0,0,0,0,GUARDIAN INDUSTRIES VP S DE RL DE CV,CRISTAL POR M2,CRISTAL,VIDRIO ARTICO,1
207-VS3.5-170M,"VIDRIO SILESIA DE 4,MM",M2,False,0,0,0,0,GUARDIAN INDUSTRIES VP S DE RL DE CV,CRISTAL POR M2,CRISTAL,VIDRIO LABRADO,1
207-VT4-152M,"VIDRIO TETRA 4,MM",M2,False,0,0,0,0,GUARDIAN INDUSTRIES VP S DE RL DE CV,CRISTAL POR M2,CRISTAL,VIDRIO LABRADO,1
152-1303178060SE,"CRISTAL TEMPLADO SERIGRAFIADO 6,MM DE 1.78 X 0.60 MTS",PZA,True,0,0,10,0,"HERRALUM INDUSTRIAL, S.A. DE C.V.",CRISTAL TEMPLADOS HERRALUM,BAÑOS,CANCELES DE BAÑO,3
152-1303178065SE,"CRISTAL TEMPLADO SERIGRAFIADO 6,MM DE 1.78 X 0.65 MTS",PZA,True,0,0,8,0,"HERRALUM INDUSTRIAL, S.A. DE C.V.",CRISTAL TEMPLADOS HERRALUM,BAÑOS,CANCELES DE BAÑO,3
152-1303178070SE,"CRISTAL TEMPLADO SERIGRAFIADO 6,MM DE 1.78 X 0.70 MTS",PZA,True,0,0,7,0,"HERRALUM INDUSTRIAL, S.A. DE C.V.",CRISTAL TEMPLADOS HERRALUM,BAÑOS,CANCELES DE BAÑO,3
152-1303178075SE,"CRISTAL TEMPLADO SERIGRAFIADO 6,MM DE 1.78 X 0.75 MTS",PZA,True,0,0,6,0,"HERRALUM INDUSTRIAL, S.A. DE C.V.",CRISTAL TEMPLADOS HERRALUM,BAÑOS,CANCELES DE BAÑO,3
152-1303178080SE,"CRISTAL TEMPLADO SERIGRAFIADO 6,MM DE 1.78 X 0.80 MTS",PZA,True,0,0,12,0,"HERRALUM INDUSTRIAL, S.A. DE C.V.",CRISTAL TEMPLADOS HERRALUM,BAÑOS,CANCELES DE BAÑO,3
152-1303178085SE,"CRISTAL TEMPLADO SERIGRAFIADO 6,MM DE 1.78 X 0.85 MTS",PZA,True,0,0,10,0,"HERRALUM INDUSTRIAL, S.A. DE C.V.",CRISTAL TEMPLADOS HERRALUM,BAÑOS,CANCELES DE BAÑO,3
152-1304178060TR,"CRISTAL TEMPLADO TRANSPARENTE 6,MM DE 1.78 X 0.60 MTS",PZA,True,0,0,10,0,"HERRALUM INDUSTRIAL, S.A. DE C.V.",CRISTAL TEMPLADOS HERRALUM,BAÑOS,CANCELES DE BAÑO,3
152-1304178065TR,"CRISTAL TEMPLADO TRANSPARENTE 6,MM DE 1.78 X 0.65 MTS",PZA,True,0,0,8,0,"HERRALUM INDUSTRIAL, S.A. DE C.V.",CRISTAL TEMPLADOS HERRALUM,BAÑOS,CANCELES DE BAÑO,3
152-1304178070TR,"CRISTAL TEMPLADO TRANSPARENTE 6,MM DE 1.78 X 0.70 MTS",PZA,True,0,0,6,0,"HERRALUM INDUSTRIAL, S.A. DE C.V.",CRISTAL TEMPLADOS HERRALUM,BAÑOS,CANCELES DE BAÑO,3
152-1304178075TR,"CRISTAL TEMPLADO TRANSPARENTE 6,MM DE 1.78 X 0.75 MTS",PZA,True,0,0,6,0,"HERRALUM INDUSTRIAL, S.A. DE C.V.",CRISTAL TEMPLADOS HERRALUM,BAÑOS,CANCELES DE BAÑO,3
152-1304178080TR,"CRISTAL TEMPLADO TRANSPARENTE 6,MM DE 1.78 X 0.80 MTS",PZA,True,0,0,5,0,"HERRALUM INDUSTRIAL, S.A. DE C.V.",CRISTAL TEMPLADOS HERRALUM,BAÑOS,CANCELES DE BAÑO,3
152-1304178085TR,"CRISTAL TEMPLADO TRANSPARENTE 6,MM DE 1.78 X 0.85 MTS",PZA,True,0,0,6,0,"HERRALUM INDUSTRIAL, S.A. DE C.V.",CRISTAL TEMPLADOS HERRALUM,BAÑOS,CANCELES DE BAÑO,3
204-CFP6-85260,"LAM DE CRISTAL FILTRAPLUS DE 6,MM 0.85 X 2.60 MTS",PZA,True,3,0,0,0,GUARDIAN INDUSTRIES VP S DE RL DE CV,CRISTALES,CRISTAL,CRISTAL FILTRAPLUS,1
204-CFP6-G180260,"LAM DE CRISTAL FILTRAPLUS DE 6,MM 1.80 X 2.60 MTS",PZA,False,0,0,0,0,GUARDIAN INDUSTRIES VP S DE RL DE CV,CRISTALES,CRISTAL,CRISTAL FILTRAPLUS,1
204-CFP6-243150,"LAM DE CRISTAL FILTRAPLUS DE 6,MM 2.438 X 1.50 MTS",PZA,False,0,0,0,0,GUARDIAN INDUSTRIES VP S DE RL DE CV,CRISTALES,CRISTAL,CRISTAL FILTRAPLUS,1
204-CFP6-243180,"LAM DE CRISTAL FILTRAPLUS DE 6,MM 2.438 X 1.80 MTS",PZA,False,0,0,0,0,GUARDIAN INDUSTRIES VP S DE RL DE CV,CRISTALES,CRISTAL,CRISTAL FILTRAPLUS,1
202-CF3-180-260,"LAM DE CRISTAL FILTRASOL DE 3,MM 1.80 X 2.60 MTS",PZA,True,56,0,0,0,GUARDIAN INDUSTRIES VP S DE RL DE CV,CRISTALES,CRISTAL,CRISTAL FILTRASOL,1
209-PVM-1.80M,CRISTAL PAVIA MALLA,M2,False,0,0,0,0,"M INDUSTRIA, S.A. DE C.V.",CRISTALES,CRISTAL,CRISTAL PAVIA,1
202-REFAZ-140240-6,"LAM DE CRISTAL REFLECTASOL AZUL (ROYAL BLUE 20) 6,MM 1.41 X 2.40 MTS",PZA,False,0,0,0,0,GUARDIAN INDUSTRIES VP S DE RL DE CV,CRISTALES,CRISTAL,CRISTAL REFLECTASOL,2
202-REFAZ-180240-6,"LAM DE CRISTAL REFLECTASOL AZUL (ROYAL BLUE 20) 6,MM 1.80 X 2.40 MTS",PZA,False,0,0,0,0,GUARDIAN INDUSTRIES VP S DE RL DE CV,CRISTALES,CRISTAL,CRISTAL REFLECTASOL,2
205-MP128351-6,"LAM DE CRISTAL REFLECTASOL AZUL (ROYAL BLUE 20) 6,MM 2.40 X 3.21 MTS",PZA,False,0,0,0,0,GUARDIAN INDUSTRIES VP S DE RL DE CV,CRISTALES,CRISTAL,CRISTAL REFLECTASOL,2
205-CRP-180260,"LAM DE CRISTAL REFLECTASOL PLATA 6,MM 1.80 X 2.60 MTS",PZA,False,21,0,0,0,GUARDIAN INDUSTRIES VP S DE RL DE CV,CRISTALES,CRISTAL,CRISTAL REFLECTASOL,1
209-CS6-180260,"LAM DE CRISTAL SATINADO CLARO 6,MM 1.80 X 2.60 MTS",PZA,True,14,0,0,0,GUARDIAN INDUSTRIES VP S DE RL DE CV,CRISTALES,CRISTAL,CRISTAL SATINADO,1
209-CSV6-180260,"LAM DE CRISTAL SATINADO VERDE 6,MM 1.80 X 2.60 MTS",PZA,False,0,0,0,0,GUARDIAN INDUSTRIES VP S DE RL DE CV,CRISTALES,CRISTAL,CRISTAL SATINADO,1
20-SATINOVO6-180,"LAMINA DE CRISTAL SATINADO CLARO 6,MM 1.80 X 2.60 MTS",PZA,False,0,0,0,0,"M INDUSTRIA, S.A. DE C.V.",CRISTALES,CRISTAL,CRISTAL SATINADO,1
206-CTV1-260360,"LAM DE CRISTAL TINTEX 10,MM 2.60 X 3.60 MTS",PZA,False,0,0,0,0,GUARDIAN INDUSTRIES VP S DE RL DE CV,CRISTALES,CRISTAL,CRISTAL TINTEX,2
206-CTV6-110260,"LAM DE CRISTAL TINTEX 6,MM 1.10 X 2.60 MTS",PZA,False,0,0,0,0,GUARDIAN INDUSTRIES VP S DE RL DE CV,CRISTALES,CRISTAL,CRISTAL TINTEX,1
206-CTV6-118260,"LAM DE CRISTAL TINTEX 6,MM 1.18 X 2.60 MTS",PZA,False,1,0,0,0,GUARDIAN INDUSTRIES VP S DE RL DE CV,CRISTALES,CRISTAL,CRISTAL TINTEX,1
206-CTV6-120260,"LAM DE CRISTAL TINTEX 6,MM 1.20 X 2.60 MTS",PZA,True,34,0,0,0,GUARDIAN INDUSTRIES VP S DE RL DE CV,CRISTALES,CRISTAL,CRISTAL TINTEX,1
206-CTV6-180260,"LAM DE CRISTAL TINTEX 6,MM 1.80 X 2.60 MTS",PZA,True,21,0,0,0,GUARDIAN INDUSTRIES VP S DE RL DE CV,CRISTALES,CRISTAL,CRISTAL TINTEX,1
206-CTV6-183260,"LAM DE CRISTAL TINTEX 6,MM 1.83 X 2.60 MTS",PZA,False,0,0,0,0,GUARDIAN INDUSTRIES VP S DE RL DE CV,CRISTALES,CRISTAL,CRISTAL TINTEX,1
206-CTV6-230260,"LAM DE CRISTAL TINTEX 6,MM 2.30 X 2.60 MTS",PZA,False,0,0,0,0,GUARDIAN INDUSTRIES VP S DE RL DE CV,CRISTALES,CRISTAL,CRISTAL TINTEX,2
201-MP084613-8,"LAM DE CRISTAL ANTIREFLEJANTE DE 2,MM 1.60 X 2.00 MTS",PZA,False,0,0,0,0,GUARDIAN INDUSTRIES VP S DE RL DE CV,CRISTALES,CRISTAL,CRISTAL TRANSPARENTE,1
201-CT10-180260,"LAM DE CRISTAL TRANSPARENTE DE 10,MM 1.80 X 2.60 MTS.",PZA,True,-1,1,0,0,GUARDIAN INDUSTRIES VP S DE RL DE CV,CRISTALES,CRISTAL,CRISTAL TRANSPARENTE,1
201-CT10-243330,"LAM DE CRISTAL TRANSPARENTE DE 10,MM 2.438 X 3.30 MTS",PZA,False,0,0,0,0,GUARDIAN INDUSTRIES VP S DE RL DE CV,CRISTALES,CRISTAL,CRISTAL TRANSPARENTE,2
201-CT10-260360,"LAM DE CRISTAL TRANSPARENTE DE 10,MM 2.60 X 3.60 MTS.",PZA,True,0,7,0,0,GUARDIAN INDUSTRIES VP S DE RL DE CV,CRISTALES,CRISTAL,CRISTAL TRANSPARENTE,2
201-CT3-180-260,"LAM DE CRISTAL TRANSPARENTE DE 3,MM 1.80 X 2.60 MTS.",PZA,True,11,0,0,0,GUARDIAN INDUSTRIES VP S DE RL DE CV,CRISTALES,CRISTAL,CRISTAL TRANSPARENTE,1
201-CT4-180-260,"LAM DE CRISTAL TRANSPARENTE DE 4,MM 1.80 X 2.60 MTS",PZA,False,0,0,0,0,GUARDIAN INDUSTRIES VP S DE RL DE CV,CRISTALES,CRISTAL,CRISTAL TRANSPARENTE,1
201-CT5-180-260,"LAM DE CRISTAL TRANSPARENTE DE 5,MM 1.80 X 2.60 MTS",PZA,False,0,0,0,0,GUARDIAN INDUSTRIES VP S DE RL DE CV,CRISTALES,CRISTAL,CRISTAL TRANSPARENTE,1
201-CT6-1194-259,"LAM DE CRISTAL TRANSPARENTE DE 6,MM 1.194 X 2.59 MTS",PZA,False,0,0,0,0,GUARDIAN INDUSTRIES VP S DE RL DE CV,CRISTALES,CRISTAL,CRISTAL TRANSPARENTE,1
201-CT6-1778-259,"LAM DE CRISTAL TRANSPARENTE DE 6,MM 1.778 X 2.59 MTS",PZA,False,0,0,0,0,GUARDIAN INDUSTRIES VP S DE RL DE CV,CRISTALES,CRISTAL,CRISTAL TRANSPARENTE,1
201-CT6-230-260,"LAM DE CRISTAL TRANSPARENTE DE 6,MM 2.30 X 2.60 MTS",PZA,True,22,0,0,0,GUARDIAN INDUSTRIES VP S DE RL DE CV,CRISTALES,CRISTAL,CRISTAL TRANSPARENTE,1
209-E3-180,LAM DE ESPEJO DE 3MM DE 1.80 X 2.60 MTS,PZA,True,29,0,0,0,GUARDIAN INDUSTRIES VP S DE RL DE CV,CRISTALES,CRISTAL,ESPEJOS,1
209-E5-180,LAM DE ESPEJO DE 5MM DE 1.80 X 2.60 MTS,PZA,True,57,0,0,0,GUARDIAN INDUSTRIES VP S DE RL DE CV,CRISTALES,CRISTAL,ESPEJOS,1
209-E6-180,LAM DE ESPEJO DE 6MM DE 1.80 X 2.60,PZA,False,0,0,0,0,GUARDIAN INDUSTRIES VP S DE RL DE CV,CRISTALES,CRISTAL,ESPEJOS,1
207-VIJ3.5-170,"LAM DE VIDRIO IMPRESO JAPONES DE 4,MM 1.70 X 2.20 MTS",PZA,False,0,0,0,0,GUARDIAN INDUSTRIES VP S DE RL DE CV,CRISTALES,CRISTAL,VIDRIO LABRADO,1
207-VIJ3.5-183,"LAM DE VIDRIO IMPRESO JAPONES DE 4,MM 1.83 X 2.44 MTS",PZA,False,0,0,0,0,GUARDIAN INDUSTRIES VP S DE RL DE CV,CRISTALES,CRISTAL,VIDRIO LABRADO,1
207-VS3.5-170,LAM DE VIDRIO SILESIA DE 1.70 X 2.20 MTS,PZA,False,0,0,0,0,GUARDIAN INDUSTRIES VP S DE RL DE CV,CRISTALES,CRISTAL,VIDRIO LABRADO,1
207-VS3.5-183,LAM DE VIDRIO SILESIA DE 1.83 X 2.44 MTS,PZA,False,0,0,0,0,GUARDIAN INDUSTRIES VP S DE RL DE CV,CRISTALES,CRISTAL,VIDRIO LABRADO,1
209-PV-1.80M,CRISTAL PAVIA VENTUS,M2,False,0,0,0,0,"M INDUSTRIA, S.A. DE C.V.",CRISTALES,GENERAL,CRISTAL REFLECTASOL,1
207-VM3.5-170M,VIDRIO MOSAICO DE 3.5 MM,M2,False,0,0,0,0,"M INDUSTRIA, S.A. DE C.V.",CRISTALES,GENERAL,ESPEJOS,1
207-VM3.5-170,LAM DE VIDRIO MOSAICO DE 1.70 X 2.20 MTS,PZA,False,0,0,0,0,"M INDUSTRIA, S.A. DE C.V.",CRISTALES,GENERAL,VIDRIO LABRADO,1
317-CT6-M,"VIDRIO TEMPLADO VERDE  DE 10,MM",M2,False,0,0,0,0,"M INDUSTRIA, S.A. DE C.V.",CRISTALES,VIDRIO,CRISTAL TEMPLADO,1
202-CF6-120-260,"LAM DE CRISTAL FILTRASOL DE 6,MM 1.20 X 2.60 MTS",PZA,True,85,0,0,0,GUARDIAN INDUSTRIES VP S DE RL DE CV,CRISTALES ESPECIALES,CRISTAL,CRISTAL FILTRASOL,1
202-CF6-180-260,"LAM DE CRISTAL FILTRASOL DE 6,MM 1.80 X 2.60 MTS",PZA,True,77,143,0,0,GUARDIAN INDUSTRIES VP S DE RL DE CV,CRISTALES ESPECIALES,CRISTAL,CRISTAL FILTRASOL,1
202-CF6-230-260,"LAM DE CRISTAL FILTRASOL DE 6,MM 2.30 X 2.60 MTS",PZA,True,4,0,0,0,GUARDIAN INDUSTRIES VP S DE RL DE CV,CRISTALES ESPECIALES,CRISTAL,CRISTAL FILTRASOL,1
201-CT6-120-260,"LAM DE CRISTAL TRANSPARENTE DE 6,MM 1.20 X 2.60 MTS",PZA,True,128,0,0,0,GUARDIAN INDUSTRIES VP S DE RL DE CV,CRISTALES ESPECIALES,CRISTAL,CRISTAL TRANSPARENTE,1
201-CT6-180-260,"LAM DE CRISTAL TRANSPARENTE DE 6,MM 1.80 X 2.60 MTS",PZA,True,109,0,0,0,GUARDIAN INDUSTRIES VP S DE RL DE CV,CRISTALES ESPECIALES,CRISTAL,CRISTAL TRANSPARENTE,1
205-EV67-6,"LAMINA DE CRISTAL EVO 67 6,MM 1.80 X 2.60 MTS",PZA,True,0,0,0,0,"M INDUSTRIA, S.A. DE C.V.",CRISTALES MILLET,CRISTAL,CRISTAL FILTRAPLUS,2
204-FILPL6-180260,"LAMINA DE CRISTAL FILTRAPLUS DE 6,MM 1.80 X 2.60 MTS",PZA,True,23,0,0,0,"M INDUSTRIA, S.A. DE C.V.",CRISTALES MILLET,CRISTAL,CRISTAL FILTRAPLUS,1
205-VID80000,LAMINA DE CRISTAL SOL LITE GRIS 6MM 1.80 X 2.60 MTS,PZA,False,1,0,0,0,"M INDUSTRIA, S.A. DE C.V.",CRISTALES MILLET,CRISTAL,CRISTAL FILTRAPLUS,1
205-VGG6-180260,"LAMINA DE VIDRIO GOLD H.E. GRIS 6,MM 1.80 X 2.60 MTS",PZA,True,20,0,0,0,"M INDUSTRIA, S.A. DE C.V.",CRISTALES MILLET,CRISTAL,CRISTAL FILTRAPLUS,1
202-VID80000-F3,"LAMINA DE CRISTAL FILTRASOL DE 3,MM 1.80 X 2.60 MTS",PZA,False,0,0,0,0,"M INDUSTRIA, S.A. DE C.V.",CRISTALES MILLET,CRISTAL,CRISTAL FILTRASOL,1
20-SATINOVO4-MTS,"CRISTAL SATINADO CLARO 4,MM",M2,True,86.36,0,0,0,"M INDUSTRIA, S.A. DE C.V.",CRISTALES MILLET,CRISTAL,CRISTAL SATINADO,1
20-SATINOVO4-180260,"LAMINA DE CRISTAL SATINADO CLARO 4,MM 1.80 X 2.60 MTS",PZA,True,29,0,0,0,"M INDUSTRIA, S.A. DE C.V.",CRISTALES MILLET,CRISTAL,CRISTAL SATINADO,1
201-VID8000-T10,"LAMINA DE CRISTAL TINTEX 10,MM 1.80 X 2.60 MTS",PZA,True,0,0,0,0,"M INDUSTRIA, S.A. DE C.V.",CRISTALES MILLET,CRISTAL,CRISTAL TINTEX,1
201-VID8000-T10360,"LAMINA DE CRISTAL TINTEX 10,MM 2.60 X 3.60 MTS",PZA,True,-2,6,0,0,"M INDUSTRIA, S.A. DE C.V.",CRISTALES MILLET,CRISTAL,CRISTAL TINTEX,2
201-MTF10-260360,"LAMINA DE CRISTAL FILTRASOL DE DE 10,MM 2.60 X 3.60 MTS.",PZA,True,-3,6,0,0,"M INDUSTRIA, S.A. DE C.V.",CRISTALES MILLET,CRISTAL,CRISTAL TRANSPARENTE,2
201-MT10-180260,"LAMINA DE CRISTAL TRANSPARENTE DE 10,MM 1.80 X 2.60 MTS.",PZA,False,0,0,0,0,"M INDUSTRIA, S.A. DE C.V.",CRISTALES MILLET,CRISTAL,CRISTAL TRANSPARENTE,2
201-MT10-180,"LAMINA DE CRISTAL TRANSPARENTE DE 10,MM 2.60 X 3.60 MTS.",PZA,False,0,0,0,0,"M INDUSTRIA, S.A. DE C.V.",CRISTALES MILLET,CRISTAL,CRISTAL TRANSPARENTE,2
201-VID8000-T3,"LAMINA DE CRISTAL TRANSPARENTE DE 3,MM 1.80 X 2.60 MTS",PZA,False,0,0,0,0,"M INDUSTRIA, S.A. DE C.V.",CRISTALES MILLET,CRISTAL,CRISTAL TRANSPARENTE,1
201-VID8000-T4,"LAMINA DE CRISTAL TRANSPARENTE DE 4,MM 1.80 X 2.60 MTS",PZA,True,25,0,0,0,"M INDUSTRIA, S.A. DE C.V.",CRISTALES MILLET,CRISTAL,CRISTAL TRANSPARENTE,1
201-VID800T6,"LAMINA DE CRISTAL TRANSPARENTE DE 6,MM 1.50 X 2.60 MTS",PZA,False,0,0,0,0,"M INDUSTRIA, S.A. DE C.V.",CRISTALES MILLET,CRISTAL,CRISTAL TRANSPARENTE,1
209-VID80012-E3,"LAMINA DE ESPEJO DE 3,MM DE 1.80 X 2.60 MTS",PZA,False,0,0,0,0,"M INDUSTRIA, S.A. DE C.V.",CRISTALES MILLET,CRISTAL,ESPEJOS,1
209-VID80012-E5,"LAMINA DE ESPEJO DE 5,MM DE 1.80 X 2.60 MTS",PZA,False,0,0,0,0,"M INDUSTRIA, S.A. DE C.V.",CRISTALES MILLET,CRISTAL,ESPEJOS,1
205-VID8000-M2,CRISTAL SOL LITE GRIS 6MM,M2,True,38.02,0,0,0,"M INDUSTRIA, S.A. DE C.V.",CRISTALES MILLET,CRISTAL,SOL LITE,2
623-C1433-7-99M,CANAL 1/2 BLANCO,MTS,True,60,0,0,0,ALUMINIOS Y VIDRIOS ARMANDO Y CIA,CUPRUM METRO LINEAL,CANALES,CANALES,1
622-C1433-7-45M,CANAL 1/2 CAFE,MTS,True,54.8,0,0,0,ALUMINIOS Y VIDRIOS ARMANDO Y CIA,CUPRUM METRO LINEAL,CANALES,CANALES,1
623-C1433-7-24M,CANAL 1/2 CHAMPAGNE PULIDO,MTS,True,57.6,0,0,0,ALUMINIOS Y VIDRIOS ARMANDO Y CIA,CUPRUM METRO LINEAL,CANALES,CANALES,1
621-C1433-7-13M,CANAL 1/2 NATURAL,MTS,True,60,0,0,0,ALUMINIOS Y VIDRIOS ARMANDO Y CIA,CUPRUM METRO LINEAL,CANALES,CANALES,1
613-C1432-7-99M,CANAL 3/8 BLANCO,MTS,True,44.4,0,0,0,ALUMINIOS Y VIDRIOS ARMANDO Y CIA,CUPRUM METRO LINEAL,CANALES,CANALES,1
612-C1432-7-45M,CANAL 3/8 CAFE,MTS,True,43.25,0,0,0,ALUMINIOS Y VIDRIOS ARMANDO Y CIA,CUPRUM METRO LINEAL,CANALES,CANALES,1
614-C1432-7-24M,CANAL 3/8 CHAMPAGNE PULIDO,MTS,True,48.95,0,0,0,ALUMINIOS Y VIDRIOS ARMANDO Y CIA,CUPRUM METRO LINEAL,CANALES,CANALES,1
611-C1432-7-13M,CANAL 3/8 NATURAL,MTS,True,46.85,0,0,0,ALUMINIOS Y VIDRIOS ARMANDO Y CIA,CUPRUM METRO LINEAL,CANALES,CANALES,1
623-1207-7-11M,SOLERA 1 1/2 X 1/8 NATURAL,MTS,True,22.4,0,0,0,ALUMINIOS Y VIDRIOS ARMANDO Y CIA,CUPRUM METRO LINEAL,MOLDURAS,SOLERAS,1
631-1205-7-11M,SOLERA 1 X 1/8 NATURAL,MTS,True,48.9,0,0,0,ALUMINIOS Y VIDRIOS ARMANDO Y CIA,CUPRUM METRO LINEAL,MOLDURAS,SOLERAS,1
127-7101-7-99M,MOSQUITERO INTERMEDIO BLANCO,MTS,True,43.66,0,0,0,ALUMINIOS Y VIDRIOS ARMANDO Y CIA,CUPRUM METRO LINEAL,MOSQUITEROS,MOSQUITEROS,1
126-7101-7-45M,MOSQUITERO INTERMEDIO CAFE,MTS,True,22.2,0,0,0,ALUMINIOS Y VIDRIOS ARMANDO Y CIA,CUPRUM METRO LINEAL,MOSQUITEROS,MOSQUITEROS,1
128-7101-7-24M,MOSQUITERO INTERMEDIO CHAMPAGNE PULIDO,MTS,True,47.8,0,0,0,ALUMINIOS Y VIDRIOS ARMANDO Y CIA,CUPRUM METRO LINEAL,MOSQUITEROS,MOSQUITEROS,1
125-7101-7-13M,MOSQUITERO INTERMEDIO NATURAL,MTS,True,49.28,0,0,0,ALUMINIOS Y VIDRIOS ARMANDO Y CIA,CUPRUM METRO LINEAL,MOSQUITEROS,MOSQUITEROS,1
125-7101-7-10M,MOSQUITERO INTERMEDIO NATURAL PULIDO,MTS,True,0,0,0,0,ALUMINIOS Y VIDRIOS ARMANDO Y CIA,CUPRUM METRO LINEAL,MOSQUITEROS,MOSQUITEROS,1
144-4042-7-99M,"SARDINEL DE 3"" BLANCO",MTS,True,39.46,0,0,0,ALUMINIOS Y VIDRIOS ARMANDO Y CIA,CUPRUM METRO LINEAL,PUERTAS,BATIENTE 1750,1
143-4042-7-45M,"SARDINEL DE 3"" CAFE",MTS,True,41.74,0,0,0,ALUMINIOS Y VIDRIOS ARMANDO Y CIA,CUPRUM METRO LINEAL,PUERTAS,BATIENTE 1750,1
145-4042-7-24M,"SARDINEL DE 3"" CHAMPAGNE BRILLANTE",MTS,True,47.07,0,0,0,ALUMINIOS Y VIDRIOS ARMANDO Y CIA,CUPRUM METRO LINEAL,PUERTAS,BATIENTE 1750,1
142-4042-7-13M,"SARDINEL DE 3"" NATURAL",MTS,True,39.42,0,0,0,ALUMINIOS Y VIDRIOS ARMANDO Y CIA,CUPRUM METRO LINEAL,PUERTAS,BATIENTE 1750,1
801-12602-7-99M,"INTERMEDIO 4"" PTA RESIDENCIAL SERIE 50 BLANCO",MTS,True,0,0,0,0,ALUMINIOS Y VIDRIOS ARMANDO Y CIA,CUPRUM METRO LINEAL,PUERTAS,RESIDENCIAL SERIE 50,1
801-12602-7-45M,"INTERMEDIO 4"" PTA RESIDENCIAL SERIE 50 CAFE",MTS,True,58.16,0,0,0,ALUMINIOS Y VIDRIOS ARMANDO Y CIA,CUPRUM METRO LINEAL,PUERTAS,RESIDENCIAL SERIE 50,1
801-12602-7-24M,"INTERMEDIO 4"" PTA RESIDENCIAL SERIE 50 CHAMPAGNE BTE",MTS,True,55.5,0,0,0,ALUMINIOS Y VIDRIOS ARMANDO Y CIA,CUPRUM METRO LINEAL,PUERTAS,RESIDENCIAL SERIE 50,1
801-12602-7-10M,"INTERMEDIO 4"" PTA RESIDENCIAL SERIE 50 NAT PUL",MTS,True,0,0,0,0,ALUMINIOS Y VIDRIOS ARMANDO Y CIA,CUPRUM METRO LINEAL,PUERTAS,RESIDENCIAL SERIE 50,1
801-12602-7-13M,"INTERMEDIO 4"" PTA RESIDENCIAL SERIE 50 NATURAL",MTS,True,0,0,0,0,ALUMINIOS Y VIDRIOS ARMANDO Y CIA,CUPRUM METRO LINEAL,PUERTAS,RESIDENCIAL SERIE 50,1
801-12595-7-80M,JUNQUILLO ALTO RELIEVE PTA RES SERIE 50 BLANCO,MTS,False,0,0,0,0,ALUMINIOS Y VIDRIOS ARMANDO Y CIA,CUPRUM METRO LINEAL,PUERTAS,RESIDENCIAL SERIE 50,1
801-12595-7-18M,JUNQUILLO ALTO RELIEVE PTA RES SERIE 50 CAFE,MTS,False,0,0,0,0,ALUMINIOS Y VIDRIOS ARMANDO Y CIA,CUPRUM METRO LINEAL,PUERTAS,RESIDENCIAL SERIE 50,1
801-12595-7-4M,JUNQUILLO ALTO RELIEVE PTA RES SERIE 50 CHAMPAGNE,MTS,False,0,0,0,0,ALUMINIOS Y VIDRIOS ARMANDO Y CIA,CUPRUM METRO LINEAL,PUERTAS,RESIDENCIAL SERIE 50,1
801-12595-7-10M,JUNQUILLO ALTO RELIEVE PTA RES SERIE 50 NAT PUL,MTS,False,0,0,0,0,ALUMINIOS Y VIDRIOS ARMANDO Y CIA,CUPRUM METRO LINEAL,PUERTAS,RESIDENCIAL SERIE 50,1
801-12576-7-80M,JUNQUILLO COLONIAL RESIDENCIAL SERIE 50 BLANCO,MTS,False,0,0,0,0,LA VIGA CUPRUM,CUPRUM METRO LINEAL,PUERTAS,RESIDENCIAL SERIE 50,1
801-12576-7-18M,JUNQUILLO COLONIAL RESIDENCIAL SERIE 50 CAFE,MTS,False,0,0,0,0,ALUMINIOS Y VIDRIOS ARMANDO Y CIA,CUPRUM METRO LINEAL,PUERTAS,RESIDENCIAL SERIE 50,1
801-12576-7-4M,JUNQUILLO COLONIAL RESIDENCIAL SERIE 50 CHAMPAGNE,MTS,False,0,0,0,0,ALUMINIOS Y VIDRIOS ARMANDO Y CIA,CUPRUM METRO LINEAL,PUERTAS,RESIDENCIAL SERIE 50,1
801-12576-7-10M,JUNQUILLO COLONIAL RESIDENCIAL SERIE 50 NAT PUL,MTS,False,0,0,0,0,ALUMINIOS Y VIDRIOS ARMANDO Y CIA,CUPRUM METRO LINEAL,PUERTAS,RESIDENCIAL SERIE 50,1
801-12576-7-11M,JUNQUILLO COLONIAL RESIDENCIAL SERIE 50 NATURAL,MTS,False,0,0,0,0,ALUMINIOS Y VIDRIOS ARMANDO Y CIA,CUPRUM METRO LINEAL,PUERTAS,RESIDENCIAL SERIE 50,1
801-12596-7-99M,ZOCLO LUJO BATIENTE PTA RESIDENCIAL SERIE 50 BLANCO,MTS,True,59.34,0,0,0,ALUMINIOS Y VIDRIOS ARMANDO Y CIA,CUPRUM METRO LINEAL,PUERTAS,RESIDENCIAL SERIE 50,1
801-12596-7-45M,ZOCLO LUJO BATIENTE PTA RESIDENCIAL SERIE 50 CAFE,MTS,True,57,0,0,0,ALUMINIOS Y VIDRIOS ARMANDO Y CIA,CUPRUM METRO LINEAL,PUERTAS,RESIDENCIAL SERIE 50,1
801-12596-7-24M,ZOCLO LUJO BATIENTE PTA RESIDENCIAL SERIE 50 CHAMPAGNE,MTS,True,54.95,0,0,0,ALUMINIOS Y VIDRIOS ARMANDO Y CIA,CUPRUM METRO LINEAL,PUERTAS,RESIDENCIAL SERIE 50,1
801-12596-7-10M,ZOCLO LUJO BATIENTE PTA RESIDENCIAL SERIE 50 NAT PUL,MTS,True,56,0,0,0,ALUMINIOS Y VIDRIOS ARMANDO Y CIA,CUPRUM METRO LINEAL,PUERTAS,RESIDENCIAL SERIE 50,1
801-12596-7-13M,ZOCLO LUJO BATIENTE PTA RESIDENCIAL SERIE 50 NATURAL,MTS,True,58.2,0,0,0,ALUMINIOS Y VIDRIOS ARMANDO Y CIA,CUPRUM METRO LINEAL,PUERTAS,RESIDENCIAL SERIE 50,1
801-12596-7-98M,ZOCLO LUJO BATIENTE RESIDENCIAL SERIE 50 MADERA,MTS,True,0,0,23.7,0,ALUMINIOS Y VIDRIOS ARMANDO Y CIA,CUPRUM METRO LINEAL,PUERTAS,RESIDENCIAL SERIE 50,3
132-22023-7-13M,TUBO REDONDO 1/2 NATURAL,MTS,True,38.2,0,0,0,ALUMINIOS Y VIDRIOS ARMANDO Y CIA,CUPRUM METRO LINEAL,TUBOS,TUBO REDONDO,1
132-22226-7-13M,TUBO REDONDO 3/4 NATURAL,MTS,True,46.3,0,0,0,ALUMINIOS Y VIDRIOS ARMANDO Y CIA,CUPRUM METRO LINEAL,TUBOS,TUBO REDONDO,1
174-6617-7-88,DUELA LISA MADERA 6.10 MTS,PZA,True,0,0,64,0,LA VIGA EXTRUSIONES,ESPECIALES MADERA,DUELAS,DUELA LISA,3
103-7821-7-80,"CERCO PUERTA DE 2"" BLANCO DE 6.10 MTS",PZA,True,45,66,0,0,LA VIGA EXTRUSIONES,EXTRUSIONES 2 Y 3 BLANCO Y NATURAL,CORREDIZAS,"CORREDIZA 2""",2
101-7821-7-11,"CERCO PUERTA DE 2"" NATURAL DE 6.10 MTS",PZA,True,18.5,36,0,0,LA VIGA EXTRUSIONES,EXTRUSIONES 2 Y 3 BLANCO Y NATURAL,CORREDIZAS,"CORREDIZA 2""",2
101-7821-3-11,CERCO PUERTA DE 2' NATURAL DE 4.60 MTS,PZA,True,47,36,0,0,LA VIGA EXTRUSIONES,EXTRUSIONES 2 Y 3 BLANCO Y NATURAL,CORREDIZAS,"CORREDIZA 2""",2
103-7518-7-80,"CHAMBRANA DE 2"" BLANCO DE 6.10 MTS",PZA,True,128,-6,0,0,LA VIGA EXTRUSIONES,EXTRUSIONES 2 Y 3 BLANCO Y NATURAL,CORREDIZAS,"CORREDIZA 2""",2
101-7518-7-11,"CHAMBRANA DE 2"" NATURAL DE 6.10 MTS",PZA,True,3.5,8,0,0,LA VIGA EXTRUSIONES,EXTRUSIONES 2 Y 3 BLANCO Y NATURAL,CORREDIZAS,"CORREDIZA 2""",2
103-7818-7-80,"RIEL AUXILIAR DE 2"" BLANCO DE 6.10 MTS P/CORREDIZA",PZA,True,46,-72,0,0,LA VIGA EXTRUSIONES,EXTRUSIONES 2 Y 3 BLANCO Y NATURAL,CORREDIZAS,"CORREDIZA 2""",2
101-7818-7-11,"RIEL AUXILIAR DE 2"" NATURAL DE 6.10 MTS P/CORREDIZA",PZA,True,34.5,0,0,0,LA VIGA EXTRUSIONES,EXTRUSIONES 2 Y 3 BLANCO Y NATURAL,CORREDIZAS,"CORREDIZA 2""",2
101-9953-7-11,"RIEL INFERIOR DE 2"" NATURAL DE 6.10 MTS P/CORREDIZA",PZA,True,-8,48,0,0,LA VIGA EXTRUSIONES,EXTRUSIONES 2 Y 3 BLANCO Y NATURAL,CORREDIZAS,"CORREDIZA 2""",2
103-9953-7-80,RIEL INFERIOR DE 2' BLANCO DE 6.10 MTS P/CORREDIZA,PZA,True,82.5,-42,0,0,LA VIGA EXTRUSIONES,EXTRUSIONES 2 Y 3 BLANCO Y NATURAL,CORREDIZAS,"CORREDIZA 2""",2
103-9955-3-80,"TRASLAPE PUERTA DE 2"" BLANCO DE 4.60 MTS",PZA,True,13,192,0,0,LA VIGA EXTRUSIONES,EXTRUSIONES 2 Y 3 BLANCO Y NATURAL,CORREDIZAS,"CORREDIZA 2""",2
103-9955-7-80,"TRASLAPE PUERTA DE 2"" BLANCO DE 6.10 MTS",PZA,True,116.5,-19,0,0,LA VIGA EXTRUSIONES,EXTRUSIONES 2 Y 3 BLANCO Y NATURAL,CORREDIZAS,"CORREDIZA 2""",2
101-9955-7-11,"TRASLAPE PUERTA DE 2"" NATURAL DE 6.10 MTS",PZA,True,9.5,72,0,0,LA VIGA EXTRUSIONES,EXTRUSIONES 2 Y 3 BLANCO Y NATURAL,CORREDIZAS,"CORREDIZA 2""",2
101-9955-3-11,TRASLAPE PUERTA DE 2' NATURAL DE 4.60 MTS,PZA,True,20,0,0,0,LA VIGA EXTRUSIONES,EXTRUSIONES 2 Y 3 BLANCO Y NATURAL,CORREDIZAS,"CORREDIZA 2""",2
103-11044-7-80,"ZOCLO CHICO DE 2"" BLANCO DE 6.10 MTS P/CORREDIZA",PZA,True,45.5,-7,0,0,LA VIGA EXTRUSIONES,EXTRUSIONES 2 Y 3 BLANCO Y NATURAL,CORREDIZAS,"CORREDIZA 2""",2
101-11044-7-11,"ZOCLO CHICO DE 2"" NATURAL DE 6.10 MTS P/CORREDIZA",PZA,True,6.2,21,0,0,LA VIGA EXTRUSIONES,EXTRUSIONES 2 Y 3 BLANCO Y NATURAL,CORREDIZAS,"CORREDIZA 2""",2
103-7825-7-80,"ZOCLO GRANDE DE 2"" BLANCO DE 6.10 MTS P/CORREDIZA",PZA,True,19.5,-10,0,0,LA VIGA EXTRUSIONES,EXTRUSIONES 2 Y 3 BLANCO Y NATURAL,CORREDIZAS,"CORREDIZA 2""",2
101-7825-7-11,"ZOCLO GRANDE DE 2"" NATURAL DE 6.10 MTS",PZA,True,-11.5,20,0,0,LA VIGA EXTRUSIONES,EXTRUSIONES 2 Y 3 BLANCO Y NATURAL,CORREDIZAS,"CORREDIZA 2""",2
113-7836-7-80,CABEZAL DE 3' BLANCO DE 6.10 MTS P/CORREDIZA,PZA,True,30.5,0,0,0,LA VIGA EXTRUSIONES,EXTRUSIONES 2 Y 3 BLANCO Y NATURAL,CORREDIZAS,"CORREDIZA 3""",2
111-7836-7-11,CABEZAL DE 3' NATURAL DE 6.10 MTS P/CORREDIZA,PZA,True,7,16,0,0,LA VIGA EXTRUSIONES,EXTRUSIONES 2 Y 3 BLANCO Y NATURAL,CORREDIZAS,"CORREDIZA 3""",2
113-7847-3-80,"CERCO PUERTA DE 3"" BLANCO DE 4.60 MTS",PZA,True,-59,86,0,0,LA VIGA EXTRUSIONES,EXTRUSIONES 2 Y 3 BLANCO Y NATURAL,CORREDIZAS,"CORREDIZA 3""",2
113-7847-7-80,"CERCO PUERTA DE 3"" BLANCO DE 6.10 MTS",PZA,True,56,-2,0,0,LA VIGA EXTRUSIONES,EXTRUSIONES 2 Y 3 BLANCO Y NATURAL,CORREDIZAS,"CORREDIZA 3""",2
111-7847-7-11,"CERCO PUERTA DE 3"" NATURAL DE 6.10 MTS",PZA,True,2,64,0,0,LA VIGA EXTRUSIONES,EXTRUSIONES 2 Y 3 BLANCO Y NATURAL,CORREDIZAS,"CORREDIZA 3""",2
111-7847-3-11,CERCO PUERTA DE 3' NATURAL DE 4.60 MTS P/CORREDIZA,PZA,True,13,64,0,0,LA VIGA EXTRUSIONES,EXTRUSIONES 2 Y 3 BLANCO Y NATURAL,CORREDIZAS,"CORREDIZA 3""",2
113-7826-7-80,"CHAMBRANA DE 3"" BLANCO DE 6.10 MTS P/CORREDIZA",PZA,True,-6.5,18,0,0,LA VIGA EXTRUSIONES,EXTRUSIONES 2 Y 3 BLANCO Y NATURAL,CORREDIZAS,"CORREDIZA 3""",2
111-7826-7-11,CHAMBRANA DE 3' NATURAL DE 6.10 MTS P/CORREDIZA,PZA,True,24,12,0,0,LA VIGA EXTRUSIONES,EXTRUSIONES 2 Y 3 BLANCO Y NATURAL,CORREDIZAS,"CORREDIZA 3""",2
113-9082-7-80,INTERMEDIO DE 3' BLANCO DE 6.10 MTS P/CORREDIZA,PZA,True,24.5,-16,0,0,LA VIGA EXTRUSIONES,EXTRUSIONES 2 Y 3 BLANCO Y NATURAL,CORREDIZAS,"CORREDIZA 3""",2
111-9082-7-11,INTERMEDIO DE 3' NATURAL DE 6.10 MTS P/CORREDIZA,PZA,True,12.5,40,0,0,LA VIGA EXTRUSIONES,EXTRUSIONES 2 Y 3 BLANCO Y NATURAL,CORREDIZAS,"CORREDIZA 3""",2
113-9957-7-80,RIEL INFERIOR DE 3' BLANCO DE 6.10 MTS P/CORREDIZA,PZA,True,-4.5,0,0,0,LA VIGA EXTRUSIONES,EXTRUSIONES 2 Y 3 BLANCO Y NATURAL,CORREDIZAS,"CORREDIZA 3""",2
111-9957-7-11,RIEL INFERIOR DE 3' NATURAL DE 6.10 MTS P/CORREDIZA,PZA,True,20.5,40,0,0,LA VIGA EXTRUSIONES,EXTRUSIONES 2 Y 3 BLANCO Y NATURAL,CORREDIZAS,"CORREDIZA 3""",2
113-7848-7-80,"TRASLAPE PUERTA DE 3"" BLANCO 6.10 MTS",PZA,True,25.5,48,0,0,LA VIGA EXTRUSIONES,EXTRUSIONES 2 Y 3 BLANCO Y NATURAL,CORREDIZAS,"CORREDIZA 3""",2
111-7848-3-11,"TRASLAPE PUERTA DE 3"" NATURAL DE 4.60 MTS",PZA,True,11,48,0,0,LA VIGA EXTRUSIONES,EXTRUSIONES 2 Y 3 BLANCO Y NATURAL,CORREDIZAS,"CORREDIZA 3""",2
111-7848-7-11,"TRASLAPE PUERTA DE 3"" NATURAL DE 6.10 MTS",PZA,True,13,32,0,0,LA VIGA EXTRUSIONES,EXTRUSIONES 2 Y 3 BLANCO Y NATURAL,CORREDIZAS,"CORREDIZA 3""",2
113-7848-3-80,TRASLAPE PUERTA DE 3' BLANCO DE 4.60 MTS P/CORREDIZA,PZA,True,11,24,0,0,LA VIGA EXTRUSIONES,EXTRUSIONES 2 Y 3 BLANCO Y NATURAL,CORREDIZAS,"CORREDIZA 3""",2
113-7842-7-80,ZOCLO PUERTA DE 3' BLANCO DE 6.10 MTS P/CORREDIZA,PZA,True,21,0,0,0,LA VIGA EXTRUSIONES,EXTRUSIONES 2 Y 3 BLANCO Y NATURAL,CORREDIZAS,"CORREDIZA 3""",2
111-7842-7-11,ZOCLO PUERTA DE 3' NATURAL DE 6.10 MTS P/CORREDIZA,PZA,True,10,20,0,0,LA VIGA EXTRUSIONES,EXTRUSIONES 2 Y 3 BLANCO Y NATURAL,CORREDIZAS,"CORREDIZA 3""",2
113-7835-7-80,ZOCLO VENTANA DE 3' BLANCO DE 6.10 MTS P/CORREDIZA,PZA,True,3,8,0,0,LA VIGA EXTRUSIONES,EXTRUSIONES 2 Y 3 BLANCO Y NATURAL,CORREDIZAS,"CORREDIZA 3""",2
111-7835-7-11,ZOCLO VENTANA DE 3' NATURAL DE 6.10 MTS P/CORREDIZA,PZA,True,11.5,40,0,0,LA VIGA EXTRUSIONES,EXTRUSIONES 2 Y 3 BLANCO Y NATURAL,CORREDIZAS,"CORREDIZA 3""",2
172-6617-7-80,DUELA LISA BLANCA 6.10 MTS,PZA,True,113.5,133,0,0,LA VIGA EXTRUSIONES,EXTRUSIONES 2 Y 3 BLANCO Y NATURAL,DUELAS,DUELA LISA,2
170-6617-7-11,DUELA LISA NATURAL 6.10 MTS,PZA,True,-116.5,93,0,0,LA VIGA EXTRUSIONES,EXTRUSIONES 2 Y 3 BLANCO Y NATURAL,DUELAS,DUELA LISA,2
314-1070200NE,ROLLO DE FELPA ECO HERRALUM DE 200 MTS. NEGRA,PZA,True,-1,0,0,24,"HERRALUM INDUSTRIAL, S.A. DE C.V.",FELPA HERRALUM,FELPAS Y FELPONES,FELPA,4
314-1070000BL,ROLLO DE FELPA HERRALUM DE 200 MTS. BLANCA,PZA,True,0,0,0,21,"HERRALUM INDUSTRIAL, S.A. DE C.V.",FELPA HERRALUM,FELPAS Y FELPONES,FELPA,4
314-1070000GR,ROLLO DE FELPA HERRALUM DE 200 MTS. GRIS,PZA,True,0,0,-1,6,"HERRALUM INDUSTRIAL, S.A. DE C.V.",FELPA HERRALUM,FELPAS Y FELPONES,FELPA,4
314-1070000NE,ROLLO DE FELPA HERRALUM DE 200 MTS. NEGRA,PZA,True,0,0,0,7,"HERRALUM INDUSTRIAL, S.A. DE C.V.",FELPA HERRALUM,FELPAS Y FELPONES,FELPA,4
204-FLS6-180260,"LAMINA DE CRISTAL FILTRASOL DE 6,MM 1.80 X 2.60 MTS",PZA,False,0,0,0,0,"M INDUSTRIA, S.A. DE C.V.",FILTRASOL MILLET,CRISTAL,CRISTAL FILTRAPLUS,1
204-FLS6-120260,"LAMINA DE CRISTAL FILTRASOL DE 6,MM 1.20 X 2.60 MTS",PZA,False,-2,0,0,0,"M INDUSTRIA, S.A. DE C.V.",FILTRASOL MILLET,CRISTAL,CRISTAL FILTRASOL,1
205-ST108-180260,"LAMINA DE CRISTAL REFLECTASOL PLATA 6,MM 1.80 X 2.60 MTS",PZA,True,2,0,0,0,"M INDUSTRIA, S.A. DE C.V.",FILTRASOL MILLET,CRISTAL,CRISTAL REFLECTASOL,1
FG,FACTURA GLOBAL,ACT,True,0,0,0,0,"TECNO EXTRUSIONES, S.A. DE C.V.",GENERAL,GENERAL,GENERAL,4
301-CARR70,CARRETILLA P/MOSQUITERO COLGANTE TRADICIONAL 2170 HERRALUM,PZA,True,0,0,0,6,LA VIGA EXTRUSIONES,GENERAL,HERRAJES,CARRETILLAS,4
152-1240007SA,CONECTOR AJUSTABLE CON ATRAPE VID-TUBO SATIN,PZA,True,0,0,0,17,"HERRALUM INDUSTRIAL, S.A. DE C.V.",HERRAJES,BAÑOS,CANCELES DE BAÑO,4
152-1406000SA,CONECTOR RECTO P/FIJOS AC INOX 202 C/BASE SATIN ZAMAC,PZA,True,0,0,0,0,LA VIGA EXTRUSIONES,HERRAJES,BAÑOS,CANCELES DE BAÑO,4
152-1247001SA,CONECTOR VIDRIO-TUBO C/ATRAPE MOVIL 19MM SATIN,PZA,True,0,0,0,18,"HERRALUM INDUSTRIAL, S.A. DE C.V.",HERRAJES,BAÑOS,CANCELES DE BAÑO,4
152-1240001SA,OXFORD CONECTOR MURO-TUBO BASE RECTA 19MM SATIN,PZA,True,0,0,0,15,"HERRALUM INDUSTRIAL, S.A. DE C.V.",HERRAJES,BAÑOS,CANCELES DE BAÑO,4
152-130100300,TOPE PLASTICO P/CANCEL DE BAÑO,KIT,True,0,0,0,6,"HERRALUM INDUSTRIAL, S.A. DE C.V.",HERRAJES,BAÑOS,CANCELES DE BAÑO,4
320-A0188,CHUPON TRANSPARENTE P/MESA MEDIANO,PZA,True,0,0,0,211,CASA GALVAN TODO PARA VIDRIO SA DE CV,HERRAJES,CRISTAL,HERRAMIENTAS,4
803-EH-70,JUNTA DE HERMETICIDAD,PZA,True,0,0,0,0,LA VIGA EXTRUSIONES,HERRAJES,CUPRUM,SERIE 70 EUROVENT,4
302-JALA525,UÑERO EMPOTRADO METALICO NEGRO HERR EUR,PZA,True,0,0,0,13,LA VIGA EXTRUSIONES,HERRAJES,ESPAÑOLA,3600 ESPAÑOLA,4
314-FEL2-B-M,FELPA BLANCA,MTS,True,0,0,0,342,"HERRALUM INDUSTRIAL, S.A. DE C.V.",HERRAJES,FELPAS Y FELPONES,FELPA,4
314-FEL2-G-M,FELPA GRIS,MTS,True,0,0,0,491.5,"HERRALUM INDUSTRIAL, S.A. DE C.V.",HERRAJES,FELPAS Y FELPONES,FELPA,4
314-FEL2-N-M,FELPA NEGRA,MTS,True,0,0,0,413,LA VIGA EXTRUSIONES,HERRAJES,FELPAS Y FELPONES,FELPA,4
314-FELPO150-G-M,FELPON GRIS TECNO,MTS,True,0,0,0,189.5,"ASSA ABLOY MEXICO, S.A. DE C.V.",HERRAJES,FELPAS Y FELPONES,FELPA,4
314-FELPO150-N-M,FELPON NEGRO TECNO,MTS,True,-5,0,0,75,"ASSA ABLOY MEXICO, S.A. DE C.V.",HERRAJES,FELPAS Y FELPONES,FELPA,4
317-FIG200,ROLLO DE FELPA DAWH 200 MTS GRIS,PZA,False,0,0,0,0,"JACKSON CORPORATION MEXICO, SA DE CV",HERRAJES,FELPAS Y FELPONES,FELPA,1
317-FIN200,ROLLO DE FELPA IMPORTADA DAWH 200 MTS NEGRA 7MM,PZA,False,0,0,0,0,"CASA FERNANDEZ DEL SURESTE, S.A. DE C.V.",HERRAJES,FELPAS Y FELPONES,FELPA,1
314-F1714G,ROLLO FELPON DAWH GRIS DE 125 MTS,PZA,False,0,0,0,0,"JACKSON CORPORATION MEXICO, SA DE CV",HERRAJES,FELPAS Y FELPONES,FELPA,1
311-F1714N,ROLLO FELPON DAWH NEGRO DE 125 MTS,PZA,False,0,0,0,0,"JACKSON CORPORATION MEXICO, SA DE CV",HERRAJES,FELPAS Y FELPONES,FELPA,1
314-MX65230,ROLLO FELPON GRIS DE 150 MTS  TECNO,ROLL,True,0,0,0,15,"ASSA ABLOY MEXICO, S.A. DE C.V.",HERRAJES,FELPAS Y FELPONES,FELPA,4
314-MX65229,ROLLO FELPON NEGRO DE 150 MTS TECNO,ROLL,True,8,0,0,12,"ASSA ABLOY MEXICO, S.A. DE C.V.",HERRAJES,FELPAS Y FELPONES,FELPA,4
317-126-2072-BE,BISAGRA DE PIANO BEIGE,PZA,False,0,0,0,0,"CASA FERNANDEZ DEL SURESTE, S.A. DE C.V.",HERRAJES,GENERAL,BISAGRAS,4
320-ASHEC-100503,ARCO MASTER PARA SEGUETA HECORT MOD 100503,PZA,False,0,0,0,0,"TECNO EXTRUSIONES, S.A. DE C.V.",HERRAJES,GENERAL,GENERAL,4
325-1327000HU,BUJE LARGO P/CORTINA ANTICICLON HUESO,PZA,False,0,0,0,0,LA VIGA EXTRUSIONES,HERRAJES,GENERAL,GENERAL,4
325-132000000,CARRETILLA AC-INOX P/CORTINA ANTICICLON,PZA,True,0,0,0,59,LA VIGA EXTRUSIONES,HERRAJES,GENERAL,GENERAL,4
325-132100000,CONTRA P-BUJE CORTINA ANTICICLONICA HUESO 1321 HERRALUM,PZA,False,0,0,0,0,LA VIGA EXTRUSIONES,HERRAJES,GENERAL,GENERAL,4
325-132200000,LLAVE DE ACERO INOX P/CORTINA ANTICICLON,PZA,False,0,0,0,0,LA VIGA EXTRUSIONES,HERRAJES,GENERAL,GENERAL,4
325-221901200,"PASADOR ALUM 1/2"" P/CORTINA ANTICICLON DE 12"" 13011",PZA,False,0,0,0,0,LA VIGA EXTRUSIONES,HERRAJES,GENERAL,GENERAL,4
314-EMPLA-50,"ROLLO EMPLAYE DE 4,900 KG.  50CM  ALTO X  15CM DE ANCHO",PZA,True,0,0,0,75,"TECNO EXTRUSIONES, S.A. DE C.V.",HERRAJES,GENERAL,GENERAL,4
325-132400000,RONDANA ACERO INOX P/CORTINA ANTICICLON,PZA,False,0,0,0,0,LA VIGA EXTRUSIONES,HERRAJES,GENERAL,GENERAL,4
128-AUT-10,VEHICULO USADO EN LAS COND. EN QUE SE ENCUENTRA,PZA,False,0,0,0,0,"TECNO EXTRUSIONES, S.A. DE C.V.",HERRAJES,GENERAL,GENERAL,4
320-190-2134,"DISCO SIERRA METALICA TENAZIT 120 DTES 10""X5/8 P/ALUM",PZA,True,0,0,0,2,"CASA FERNANDEZ DEL SURESTE, S.A. DE C.V.",HERRAJES,GENERAL,HERRAMIENTAS,4
309-OPMA-NAT,OPERADOR DE MARIPOZA TECNO NATURAL,PZA,False,0,0,0,0,"TECNO EXTRUSIONES, S.A. DE C.V.",HERRAJES,GENERAL,OPERADORES,1
320-MCR-G-CU,CUBETA MASTIQUE CASA RUIZ (39 KILOS),PZA,False,0,0,0,0,"TECNO EXTRUSIONES, S.A. DE C.V.",HERRAJES,GENERAL,VARIOS,1
320-ESMERIL,ESMERIL (CARBURO DE SILICIO G-60),KILO,True,0,0,0,25,LA VIGA EXTRUSIONES,HERRAJES,GENERAL,VARIOS,4
320-MCR-G-KI,MASTIQUE CASA RUIZ,KILO,False,0,0,0,0,"TECNO EXTRUSIONES, S.A. DE C.V.",HERRAJES,GENERAL,VARIOS,1
320-MCR-MK,MEDIO KILO DE MASTIQUE,PZA,False,0,0,0,0,"TECNO EXTRUSIONES, S.A. DE C.V.",HERRAJES,GENERAL,VARIOS,1
304-1382014NE,PASADOR SUPERPUESTO PS20200 NEGRO LINEA 1400,PZA,True,0,0,0,72,"HERRALUM INDUSTRIAL, S.A. DE C.V.",HERRAJES,HERRAJES,1400 ESPAÑOLA,4
302-UNIO03,UNION PILASTRA VENTANA,PZA,False,0,0,0,0,LA VIGA EXTRUSIONES,HERRAJES,HERRAJES,1400 ESPAÑOLA,3
192-KIT11,KIT PERIMETRAL LINEA 3600,KIT,True,0,0,64,0,LA VIGA EXTRUSIONES,HERRAJES,HERRAJES,3600 ESPAÑOLA,3
192-KIT-3600,KIT PERIMETRAL LINEA 3600 HERRAJES EUROPEOS,KIT,True,0,0,0,0,HERRAJES EUROPEOS,HERRAJES,HERRAJES,3600 ESPAÑOLA,3
192-3217-VARI1006,TAPON DE SALIDA DE AGUA LINEA 3600 ESPAÑOLA,PZA,False,0,0,0,0,LA VIGA EXTRUSIONES,HERRAJES,HERRAJES,3600 ESPAÑOLA,3
302-KIT09,KIT PERIMETRAL LINEA 4600,KIT,True,0,0,4,0,LA VIGA EXTRUSIONES,HERRAJES,HERRAJES,4600 ESPAÑOLA,3
126-108300000,BASE INFERIOR C/AJUSTE GS800 P/APARADOR,PZA,True,0,0,0,45,"HERRALUM INDUSTRIAL, S.A. DE C.V.",HERRAJES,HERRAJES,APARADORES,4
126-108000000,HERRAJES JALISCO BASE FIJA SUPERIOR MOD GS-706,PZA,True,0,0,0,46,"HERRALUM INDUSTRIAL, S.A. DE C.V.",HERRAJES,HERRAJES,APARADORES,4
126-108200000,SOPORTE INTERMEDIO GS 750 P/APARADOR,PZA,True,0,0,0,45,"HERRALUM INDUSTRIAL, S.A. DE C.V.",HERRAJES,HERRAJES,APARADORES,4
324-109001800,"BALANCIN P/VENTANA GUILLOTINA 18"" SEG INTEGRADO (JUEGO)",JGO,True,0,0,0,15,"HERRALUM INDUSTRIAL, S.A. DE C.V.",HERRAJES,HERRAJES,BALANCINES,4
324-109002000,"BALANCIN P/VENTANA GUILLOTINA 20"" SEG INTEGRADO (JUEGO)",JGO,True,0,0,0,95,"HERRALUM INDUSTRIAL, S.A. DE C.V.",HERRAJES,HERRAJES,BALANCINES,4
324-109102000,"BALANCIN P/VENTANA GUILLOTINA 20"" SEG SEPARADO (JUEGO)",PZA,True,0,0,0,35,"HERRALUM INDUSTRIAL, S.A. DE C.V.",HERRAJES,HERRAJES,BALANCINES,4
324-109002400,"BALANCIN P/VENTANA GUILLOTINA 24"" SEG INTEGRADO (JUEGO)",JGO,True,0,0,0,57,"HERRALUM INDUSTRIAL, S.A. DE C.V.",HERRAJES,HERRAJES,BALANCINES,4
324-109102400,"BALANCIN P/VENTANA GUILLOTINA 24"" SEG SEPARADO (JUEGO)",PZA,True,0,0,0,62,"HERRALUM INDUSTRIAL, S.A. DE C.V.",HERRAJES,HERRAJES,BALANCINES,4
324-109002800,"BALANCIN P/VENTANA GUILLOTINA 28"" SEG INTEGRADO (JUEGO)",JGO,True,0,0,0,43,"HERRALUM INDUSTRIAL, S.A. DE C.V.",HERRAJES,HERRAJES,BALANCINES,4
324-109102800,"BALANCIN P/VENTANA GUILLOTINA 28"" SEG SEPARADO (JUEGO)",PZA,True,0,0,0,49,"HERRALUM INDUSTRIAL, S.A. DE C.V.",HERRAJES,HERRAJES,BALANCINES,4
324-109003000,"BALANCIN P/VENTANA GUILLOTINA 30"" SEG INTEGRADO (JUEGO)",JGO,True,0,0,0,75,"HERRALUM INDUSTRIAL, S.A. DE C.V.",HERRAJES,HERRAJES,BALANCINES,4
324-109103000,"BALANCIN P/VENTANA GUILLOTINA 30"" SEG SEPARADO (JUEGO)",PZA,True,0,0,0,95,"HERRALUM INDUSTRIAL, S.A. DE C.V.",HERRAJES,HERRAJES,BALANCINES,4
324-BAL32,"BALANCIN P/VENTANA GUILLOTINA 32"" POR JUEGO CALDWELL",JGO,False,0,0,0,12,"JACKSON CORPORATION MEXICO, SA DE CV",HERRAJES,HERRAJES,BALANCINES,4
324-BAL36,"BALANCIN P/VENTANA GUILLOTINA 36"" POR JUEGO CALDWELL",JGO,True,0,0,0,0,"JACKSON CORPORATION MEXICO, SA DE CV",HERRAJES,HERRAJES,BALANCINES,4
325-2056000BL,PLACA P/BARRA DE EMPUJE 0.50 CM BLANCA HERRALUM,PZA,True,0,0,0,27,"HERRALUM INDUSTRIAL, S.A. DE C.V.",HERRAJES,HERRAJES,BARRA DE EMPUJE,4
325-2056000NA,PLACA P/BARRA DE EMPUJE 0.50 CM NATURAL HERRALUM,PZA,True,-4,0,0,29,"HERRALUM INDUSTRIAL, S.A. DE C.V.",HERRAJES,HERRAJES,BARRA DE EMPUJE,4
325-2056000E4,PLACA P/BARRA DE EMPUJE 0.50 CM NEGRO HERRALUM,PZA,True,0,0,0,30,"HERRALUM INDUSTRIAL, S.A. DE C.V.",HERRAJES,HERRAJES,BARRA DE EMPUJE,4
325-PLACA-BL,PLACA P/BARRA DE EMPUJE BLANCA TECNO,PZA,True,0,0,0,16,"ASSA ABLOY MEXICO, S.A. DE C.V.",HERRAJES,HERRAJES,BARRA DE EMPUJE,4
325-PLACA-ADK,PLACA P/BARRA DE EMPUJE CAFE TECNO,PZA,True,0,0,0,10,"TECNO EXTRUSIONES, S.A. DE C.V.",HERRAJES,HERRAJES,BARRA DE EMPUJE,4
325-PLACA-ANA,PLACA P/BARRA DE EMPUJE NATURAL TECNO,PZA,True,0,0,0,7,"TECNO EXTRUSIONES, S.A. DE C.V.",HERRAJES,HERRAJES,BARRA DE EMPUJE,4
325-BAEM1-D200,TUBO BARRA EMPUJE DE 1.00 MTS CAFE TECNO,PZA,True,0,0,0,4,"TECNO EXTRUSIONES, S.A. DE C.V.",HERRAJES,HERRAJES,BARRA DE EMPUJE,4
325-BAEM120-BL,TUBO BARRA EMPUJE DE 1.20 MTS BLANCO TECNO,PZA,True,0,0,0,6,"TECNO EXTRUSIONES, S.A. DE C.V.",HERRAJES,HERRAJES,BARRA DE EMPUJE,4
325-BAEM120-D200,TUBO BARRA EMPUJE DE 1.20 MTS CAFE TECNO,PZA,True,0,0,0,6,"TECNO EXTRUSIONES, S.A. DE C.V.",HERRAJES,HERRAJES,BARRA DE EMPUJE,4
325-BAEM120-NAT,TUBO BARRA EMPUJE DE 1.20 MTS NATURAL TECNO,PZA,True,0,0,0,3,"TECNO EXTRUSIONES, S.A. DE C.V.",HERRAJES,HERRAJES,BARRA DE EMPUJE,4
325-2056100BL,TUBO P/BARRA DE EMPUJE 1.00 MTS. BLANCA HERRALUM,PZA,True,0,0,0,27,"HERRALUM INDUSTRIAL, S.A. DE C.V.",HERRAJES,HERRAJES,BARRA DE EMPUJE,4
325-2056100E2,TUBO P/BARRA DE EMPUJE 1.00 MTS. CAFE HERRALUM,PZA,True,0,0,0,10,"HERRALUM INDUSTRIAL, S.A. DE C.V.",HERRAJES,HERRAJES,BARRA DE EMPUJE,4
325-2056100NA,TUBO P/BARRA DE EMPUJE 1.00 MTS. NATURAL HERRALUM,PZA,False,-4,0,0,9,"HERRALUM INDUSTRIAL, S.A. DE C.V.",HERRAJES,HERRAJES,BARRA DE EMPUJE,4
325-2056100E4,TUBO P/BARRA DE EMPUJE 1.00 MTS. NEGRO HERRALUM,PZA,True,0,0,0,20,"HERRALUM INDUSTRIAL, S.A. DE C.V.",HERRAJES,HERRAJES,BARRA DE EMPUJE,4
325-2056120BL,TUBO P/BARRA DE EMPUJE 1.20 MTS. BLANCA HERRALUM,PZA,True,0,0,0,34,"HERRALUM INDUSTRIAL, S.A. DE C.V.",HERRAJES,HERRAJES,BARRA DE EMPUJE,4
325-2056120NA,TUBO P/BARRA DE EMPUJE 1.20 MTS. NATURAL HERRALUM,PZA,True,0,0,0,30,"HERRALUM INDUSTRIAL, S.A. DE C.V.",HERRAJES,HERRAJES,BARRA DE EMPUJE,4
325-2056120E4,TUBO P/BARRA DE EMPUJE 1.20 MTS. NEGRO HERRALUM,PZA,True,0,0,0,15,"HERRALUM INDUSTRIAL, S.A. DE C.V.",HERRAJES,HERRAJES,BARRA DE EMPUJE,4
325-2317060CO,BARRA DE SEGURIDAD A MURO  ACERO INOX 60 CMS CROMADA,PZA,False,0,0,0,0,"HERRALUM INDUSTRIAL, S.A. DE C.V.",HERRAJES,HERRAJES,BARRA DE SEGURIDAD,4
325-2317080CO,BARRA DE SEGURIDAD A MURO  ACERO INOX 80 CMS CROMADA,PZA,False,0,0,0,0,"HERRALUM INDUSTRIAL, S.A. DE C.V.",HERRAJES,HERRAJES,BARRA DE SEGURIDAD,4
325-2317050CO,BARRA DE SEGURIDAD A MURO ACERO INOX  50 CMS CROMADA,PZA,False,0,0,0,0,"HERRALUM INDUSTRIAL, S.A. DE C.V.",HERRAJES,HERRAJES,BARRA DE SEGURIDAD,4
325-2317100CO,BARRA DE SEGURIDAD A MURO ACERO INOX 1.00 MTS CROMADO,PZA,False,0,0,0,0,"HERRALUM INDUSTRIAL, S.A. DE C.V.",HERRAJES,HERRAJES,BARRA DE SEGURIDAD,4
325-2317100SA,BARRA DE SEGURIDAD A MURO ACERO INOX 1.00 MTS SATINADO,PZA,True,0,0,0,11,"HERRALUM INDUSTRIAL, S.A. DE C.V.",HERRAJES,HERRAJES,BARRA DE SEGURIDAD,4
325-2317050SA,BARRA DE SEGURIDAD A MURO ACERO INOX 50 CMS SATINADA,PZA,True,0,0,0,13,"HERRALUM INDUSTRIAL, S.A. DE C.V.",HERRAJES,HERRAJES,BARRA DE SEGURIDAD,4
325-2317060SA,BARRA DE SEGURIDAD A MURO ACERO INOX 60 CMS SATINADA,PZA,True,0,0,0,9,"HERRALUM INDUSTRIAL, S.A. DE C.V.",HERRAJES,HERRAJES,BARRA DE SEGURIDAD,4
325-2317080SA,BARRA DE SEGURIDAD A MURO ACERO INOX 80 SATINADO,PZA,True,0,0,0,8,"HERRALUM INDUSTRIAL, S.A. DE C.V.",HERRAJES,HERRAJES,BARRA DE SEGURIDAD,4
325-2315090060090,BARRA DE SEGURIDAD A MURO INOX DERECHA (90 X 60),PZA,True,0,0,0,2,"HERRALUM INDUSTRIAL, S.A. DE C.V.",HERRAJES,HERRAJES,BARRA DE SEGURIDAD,4
325-2314090060090,BARRA DE SEGURIDAD A MURO INOX IZQUIERDA (90 X 60),PZA,True,0,0,0,2,"HERRALUM INDUSTRIAL, S.A. DE C.V.",HERRAJES,HERRAJES,BARRA DE SEGURIDAD,4
326-2150120E2,BARRA ALUMINIO P/ANTIPANICO 1.20 CAFE,PZA,True,0,0,0,0,"HERRALUM INDUSTRIAL, S.A. DE C.V.",HERRAJES,HERRAJES,BARRAS ANTIPANICOS,4
325-2150120NA,BARRA ALUMINIO P/ANTIPANICO 1.20 NATURAL,PZA,True,0,0,0,19,"HERRALUM INDUSTRIAL, S.A. DE C.V.",HERRAJES,HERRAJES,BARRAS ANTIPANICOS,4
325-126J-B15HPS,BARRA ANTIPANICO HORIZONTAL DAWH NATURAL B15HPS INCLUYE CILINDRO,PZA,True,0,0,0,0,"JACKSON CORPORATION MEXICO, SA DE CV",HERRAJES,HERRAJES,BARRAS ANTIPANICOS,4
325-1023000DB,BARRA ANTIPANICO HORIZONTAL DERECHA HERRALUM BLANCA,PZA,True,0,0,0,0,"ROBIN HERRAJES Y ACCESORIOS, S DE RL DE CV",HERRAJES,HERRAJES,BARRAS ANTIPANICOS,4
325-1028113GR,BARRA ANTIPANICO VERTICAL DOBLE SATIN P/PTA TEMPLADA,PZA,True,0,0,0,0,"HERRALUM INDUSTRIAL, S.A. DE C.V.",HERRAJES,HERRAJES,BARRAS ANTIPANICOS,4
325-1029000GR,BASE P/BARRA ANTIPANICO VERTICAL CON CHAPA NATURAL HERRALUM,PZA,True,0,0,0,6,"HERRALUM INDUSTRIAL, S.A. DE C.V.",HERRAJES,HERRAJES,BARRAS ANTIPANICOS,4
325-1023DERGR,BASE P/BARRA HORIZONTAL DERECHA GRIS,PZA,True,0,0,0,7,"HERRALUM INDUSTRIAL, S.A. DE C.V.",HERRAJES,HERRAJES,BARRAS ANTIPANICOS,4
325-1023IZQGR,BASE P/BARRA HORIZONTAL IZQUIERDA GRIS,PZA,True,0,0,0,8,"HERRALUM INDUSTRIAL, S.A. DE C.V.",HERRAJES,HERRAJES,BARRAS ANTIPANICOS,4
325-1023IZQCA,BASE P/BARRA HORIZONTAL IZQUIERDO CAFE,PZA,True,0,0,0,0,"HERRALUM INDUSTRIAL, S.A. DE C.V.",HERRAJES,HERRAJES,BARRAS ANTIPANICOS,4
325-1029CILGR,"CILINDRO DE 1"" P/BARRA ANTIPANICO NATURAL",PZA,True,0,0,0,6,"HERRALUM INDUSTRIAL, S.A. DE C.V.",HERRAJES,HERRAJES,BARRAS ANTIPANICOS,4
325-1023000CA,CILINDRO P/BARRA ANTIPANICO CAFE,PZA,True,0,0,0,0,"HERRALUM INDUSTRIAL, S.A. DE C.V.",HERRAJES,HERRAJES,BARRAS ANTIPANICOS,4
325-1023000GR,CILINDRO P/BARRA ANTIPANICO GRIS,PZA,True,0,0,0,7,"HERRALUM INDUSTRIAL, S.A. DE C.V.",HERRAJES,HERRAJES,BARRAS ANTIPANICOS,4
320-MX65952,KIT ACCESORIO BRUKEN 390 P/BISAGRA HIDRAULICA PARA ZOCLO DE ALUMINIO,KIT,True,0,0,0,37,"ASSA ABLOY MEXICO, S.A. DE C.V.",HERRAJES,HERRAJES,BATIENTE 1750,4
320-MX66697,"MANIJA TIPO ""J"" P/KIT CERRADURA BRUKEN 4753",PZA,True,0,0,0,37,"ASSA ABLOY MEXICO, S.A. DE C.V.",HERRAJES,HERRAJES,BATIENTE 1750,4
320-MX66698,"MANIJA TIPO ""L"" P/KIT CERRADURA BRUKEN 4753",PZA,True,-2,0,0,33,"ASSA ABLOY MEXICO, S.A. DE C.V.",HERRAJES,HERRAJES,BATIENTE 1750,4
320-MX66700,"MANIJA TIPO ""TUBULAR"" P/KIT CERRADURA BRUKEN 4753",PZA,True,0,0,0,25,"ASSA ABLOY MEXICO, S.A. DE C.V.",HERRAJES,HERRAJES,BATIENTE 1750,4
302-2035001BL,BISAGRA DE ALUMINIO TIPO LIBRO BLANCO HERRALUM (NUEVA CLAVE),PZA,False,0,0,0,0,"HERRALUM INDUSTRIAL, S.A. DE C.V.",HERRAJES,HERRAJES,BISAGRAS,4
302-2035000BL,BISAGRA DE LIBRO 3 X 3 BLANCO HERRALUM,PZA,True,0,0,0,431,"HERRALUM INDUSTRIAL, S.A. DE C.V.",HERRAJES,HERRAJES,BISAGRAS,4
302-2035000E2,BISAGRA DE LIBRO 3 X 3 CAFE HERRALUM,PZA,False,0,0,0,0,"HERRALUM INDUSTRIAL, S.A. DE C.V.",HERRAJES,HERRAJES,BISAGRAS,4
302-2035000CB,BISAGRA DE LIBRO 3 X 3 CHAMPAGNE PULIDO HERRALUM,PZA,True,-3,0,0,327,"HERRALUM INDUSTRIAL, S.A. DE C.V.",HERRAJES,HERRAJES,BISAGRAS,4
302-2035000NO,BISAGRA DE LIBRO 3 X 3 MADERA NOGAL HERRALUM,PZA,True,0,0,0,247,"HERRALUM INDUSTRIAL, S.A. DE C.V.",HERRAJES,HERRAJES,BISAGRAS,4
302-2035000NA,BISAGRA DE LIBRO 3 X 3 NATURAL HERRALUM,PZA,True,0,0,0,407,"HERRALUM INDUSTRIAL, S.A. DE C.V.",HERRAJES,HERRAJES,BISAGRAS,4
302-2035000NE,BISAGRA DE LIBRO 3 X 3 NEGRO HERRALUM,PZA,True,0,0,0,280,"HERRALUM INDUSTRIAL, S.A. DE C.V.",HERRAJES,HERRAJES,BISAGRAS,4
132-51PB300,BISAGRA DE LIBRO DE FIERRO FANAL 3 X 3 BLANCO,PZA,False,0,0,0,0,"FANAL, S.A. DE C.V.",HERRAJES,HERRAJES,BISAGRAS,4
132-51AL300,BISAGRA DE LIBRO DE FIERRO FANAL 3 X 3 NATURAL,PZA,False,0,0,0,0,"FANAL, S.A. DE C.V.",HERRAJES,HERRAJES,BISAGRAS,4
317-2072,BISAGRA DE PIANO ORO,PZA,False,0,0,0,0,"TECNO EXTRUSIONES, S.A. DE C.V.",HERRAJES,HERRAJES,BISAGRAS,4
132-B2-S0CH300,BISAGRA DE UNA ACCION FANAL PINTURA NEGRA H87,JGO,False,0,0,0,0,"CASA FERNANDEZ DEL SURESTE, S.A. DE C.V.",HERRAJES,HERRAJES,BISAGRAS,1
317-132-013,BISAGRA DE UNA ACCION LATONADA,PZA,True,0,0,-10,157,"CASA FERNANDEZ DEL SURESTE, S.A. DE C.V.",HERRAJES,HERRAJES,BISAGRAS,4
317-132-012C,BISAGRA DOBLE ACCION LATONADA 64 MM (JUEGO 2 PZAS),PZA,True,0,0,0,11,"CASA FERNANDEZ DEL SURESTE, S.A. DE C.V.",HERRAJES,HERRAJES,BISAGRAS,4
317-132-012N,BISAGRA DOBLE ACCION LATONADA 76 MM (JUEGO 2 PZAS),PZA,True,0,0,0,10,"CASA FERNANDEZ DEL SURESTE, S.A. DE C.V.",HERRAJES,HERRAJES,BISAGRAS,4
317-1108000CO,BISAGRA MAGNETO (JUEGO) SENCILLA (1 CHUPON) CROMADA,JGO,True,0,0,0,61,"HERRALUM INDUSTRIAL, S.A. DE C.V.",HERRAJES,HERRAJES,BISAGRAS,4
317-1101000SA,BISAGRA PARA VITRINA CRISTAL DE 6MM SATIN,PZA,True,0,0,0,50,"HERRALUM INDUSTRIAL, S.A. DE C.V.",HERRAJES,HERRAJES,BISAGRAS,4
317-2072190BL,BISAGRA PIANO 1.90 MTS HERRALUM BLANCA,PZA,True,0,0,0,78,"HERRALUM INDUSTRIAL, S.A. DE C.V.",HERRAJES,HERRAJES,BISAGRAS,4
317-2072190E2,BISAGRA PIANO 1.90 MTS HERRALUM CAFE,PZA,True,0,0,0,42,"HERRALUM INDUSTRIAL, S.A. DE C.V.",HERRAJES,HERRAJES,BISAGRAS,4
317-2072190NA,BISAGRA PIANO 1.90 MTS HERRALUM NATURAL,PZA,True,0,0,0,101,"HERRALUM INDUSTRIAL, S.A. DE C.V.",HERRAJES,HERRAJES,BISAGRAS,4
317-2072190NE,BISAGRA PIANO 1.90 MTS HERRALUM NEGRA,PZA,True,0,0,0,98,"HERRALUM INDUSTRIAL, S.A. DE C.V.",HERRAJES,HERRAJES,BISAGRAS,4
317-2177000BL,BISAGRA PTA/BATIENTE SERIE 50 BLANCA HERRALUM,PZA,True,0,0,0,59,"HERRALUM INDUSTRIAL, S.A. DE C.V.",HERRAJES,HERRAJES,BISAGRAS,4
317-2177000CB,BISAGRA PTA/BATIENTE SERIE 50 CHAMPAGNE HERRALUM,PZA,True,0,0,0,80,"HERRALUM INDUSTRIAL, S.A. DE C.V.",HERRAJES,HERRAJES,BISAGRAS,4
317-2177000NO,BISAGRA PTA/BATIENTE SERIE 50 MADERA NOGA HERRALUM,PZA,True,0,0,0,9,"HERRALUM INDUSTRIAL, S.A. DE C.V.",HERRAJES,HERRAJES,BISAGRAS,4
317-2177000NA,BISAGRA PTA/BATIENTE SERIE 50 NATURAL HERRALUM,PZA,True,0,0,0,91,"HERRALUM INDUSTRIAL, S.A. DE C.V.",HERRAJES,HERRAJES,BISAGRAS,4
317-2177000NB,BISAGRA PTA/BATIENTE SERIE 50 NATURAL PULIDO HERRALUM,PZA,True,0,0,0,46,"HERRALUM INDUSTRIAL, S.A. DE C.V.",HERRAJES,HERRAJES,BISAGRAS,4
317-2177000NE,BISAGRA PTA/BATIENTE SERIE 50 NEGRO HERRALUM,PZA,True,0,0,0,44,"HERRALUM INDUSTRIAL, S.A. DE C.V.",HERRAJES,HERRAJES,BISAGRAS,4
317-BISA151,BISAGRA PTA/BATIENTE SERIE 70 MADERA NOGAL,PZA,False,0,0,0,0,LA VIGA EXTRUSIONES,HERRAJES,HERRAJES,BISAGRAS,4
317-BISU-120,BISAGRA SUPERIOR MOD 120/SSS,PZA,False,0,0,0,0,"CASA FERNANDEZ DEL SURESTE, S.A. DE C.V.",HERRAJES,HERRAJES,BISAGRAS,4
317-2176DERBL,BISAGRA TUBULAR O EUROVENT DERECHA BLANCA HERRALUM,PZA,True,0,0,-1,211,"HERRALUM INDUSTRIAL, S.A. DE C.V.",HERRAJES,HERRAJES,BISAGRAS,4
317-2176DERCA,BISAGRA TUBULAR O EUROVENT DERECHA CAFE HERRALUM,PZA,False,0,0,0,0,"HERRALUM INDUSTRIAL, S.A. DE C.V.",HERRAJES,HERRAJES,BISAGRAS,4
317-2176DERCB,BISAGRA TUBULAR O EUROVENT DERECHA CHAMP PUL HERRALUM,PZA,True,0,0,0,145,"HERRALUM INDUSTRIAL, S.A. DE C.V.",HERRAJES,HERRAJES,BISAGRAS,4
317-2176DERNO,BISAGRA TUBULAR O EUROVENT DERECHA MADERA NOGAL HERRALUM,PZA,True,0,0,0,41,"HERRALUM INDUSTRIAL, S.A. DE C.V.",HERRAJES,HERRAJES,BISAGRAS,4
317-2176DERGR,BISAGRA TUBULAR O EUROVENT DERECHA NATURAL HERRALUM,PZA,True,0,0,-2,111,"HERRALUM INDUSTRIAL, S.A. DE C.V.",HERRAJES,HERRAJES,BISAGRAS,4
317-2176DERNE,BISAGRA TUBULAR O EUROVENT DERECHA NEGRO HERRALUM,PZA,True,0,0,-10,161,"HERRALUM INDUSTRIAL, S.A. DE C.V.",HERRAJES,HERRAJES,BISAGRAS,4
317-2176IZQBL,BISAGRA TUBULAR O EUROVENT IZQUIERDA BLANCA HERRALUM,PZA,True,0,0,0,217,"HERRALUM INDUSTRIAL, S.A. DE C.V.",HERRAJES,HERRAJES,BISAGRAS,4
317-2176IZQCA,BISAGRA TUBULAR O EUROVENT IZQUIERDA CAFE HERRALUM,PZA,True,44,0,0,-22,"HERRALUM INDUSTRIAL, S.A. DE C.V.",HERRAJES,HERRAJES,BISAGRAS,4
317-2176IZQCB,BISAGRA TUBULAR O EUROVENT IZQUIERDA CHAMP PUL HERRALUM,PZA,True,0,0,0,136,"HERRALUM INDUSTRIAL, S.A. DE C.V.",HERRAJES,HERRAJES,BISAGRAS,4
317-2176IZQNO,BISAGRA TUBULAR O EUROVENT IZQUIERDA MADERA NOGAL HERRALUM,PZA,True,0,0,0,155,"HERRALUM INDUSTRIAL, S.A. DE C.V.",HERRAJES,HERRAJES,BISAGRAS,4
317-2176IZQGR,BISAGRA TUBULAR O EUROVENT IZQUIERDA NATURAL HERRALUM,PZA,True,0,0,0,113,"HERRALUM INDUSTRIAL, S.A. DE C.V.",HERRAJES,HERRAJES,BISAGRAS,4
317-2176IZQNE,BISAGRA TUBULAR O EUROVENT IZQUIERDA NEGRA HERRALUM,PZA,True,0,0,0,115,"HERRALUM INDUSTRIAL, S.A. DE C.V.",HERRAJES,HERRAJES,BISAGRAS,4
317-BIS-35-BL,BISAGRA TUBULAR O EUROVENT TECNO BLANCO,PZA,False,0,0,0,0,"TECNO EXTRUSIONES, S.A. DE C.V.",HERRAJES,HERRAJES,BISAGRAS,4
317-BIS-35-NAT,BISAGRA TUBULAR O EUROVENT TECNO NATURAL,PZA,False,0,0,0,0,"TECNO EXTRUSIONES, S.A. DE C.V.",HERRAJES,HERRAJES,BISAGRAS,4
317-1108DOBBL,BISAGRAS MAGNETO (JUEGO) DOBLE (1 CHUPON DOBLE) BLANCA,JGO,True,1,0,0,66,"HERRALUM INDUSTRIAL, S.A. DE C.V.",HERRAJES,HERRAJES,BISAGRAS,4
317-1108DOBCO,BISAGRAS MAGNETO (JUEGO) DOBLE (1 CHUPON DOBLE) CROMADO,JGO,True,0,0,0,84,"HERRALUM INDUSTRIAL, S.A. DE C.V.",HERRAJES,HERRAJES,BISAGRAS,4
317-1108DOBNE,BISAGRAS MAGNETO (JUEGO) DOBLE (1CHUPON DOBLE) NEGRO,JGO,True,3,0,-2,93,"HERRALUM INDUSTRIAL, S.A. DE C.V.",HERRAJES,HERRAJES,BISAGRAS,4
317-1108000BL,BISAGRAS MAGNETO (JUEGO) SENCILLAS (1 CHUPON) BLANCAS,PZA,True,0,0,0,36,"HERRALUM INDUSTRIAL, S.A. DE C.V.",HERRAJES,HERRAJES,BISAGRAS,4
317-1108000NE,BISAGRAS MAGNETO (JUEGO) SENCILLAS (1 CHUPON) NEGRO,JGO,True,0,0,0,32,"HERRALUM INDUSTRIAL, S.A. DE C.V.",HERRAJES,HERRAJES,BISAGRAS,4
320-MX66556,BISAGRA BIDIMENSIONAL BRUKEN SOBRE PONER,PZA,True,0,0,0,16,"ASSA ABLOY MEXICO, S.A. DE C.V.",HERRAJES,HERRAJES,BISAGRAS ESPECIALES,4
317-100300000,BISAGRA HIDRAULICA RYOBI DE PISO C/AJUSTE S-202 YKS,PZA,False,0,0,0,0,"HERRALUM INDUSTRIAL, S.A. DE C.V.",HERRAJES,HERRAJES,BISAGRAS ESPECIALES,4
316-102401200,BRAZO DE PROYECCION ACERO INOX 12' (JUEGO),JGO,True,0,0,0,39,"HERRALUM INDUSTRIAL, S.A. DE C.V.",HERRAJES,HERRAJES,BRAZO DE PROYECCION,4
316-102401600,BRAZO DE PROYECCION ACERO INOX 16' (JUEGO),JGO,True,0,0,0,29,"HERRALUM INDUSTRIAL, S.A. DE C.V.",HERRAJES,HERRAJES,BRAZO DE PROYECCION,4
316-102402000,BRAZO DE PROYECCION ACERO INOX 20' (JUEGO),JGO,True,5,0,0,19,"HERRALUM INDUSTRIAL, S.A. DE C.V.",HERRAJES,HERRAJES,BRAZO DE PROYECCION,4
316-102402400,BRAZO DE PROYECCION ACERO INOX 24' (JUEGO),JGO,True,0,0,0,13,"HERRALUM INDUSTRIAL, S.A. DE C.V.",HERRAJES,HERRAJES,BRAZO DE PROYECCION,4
316-102400600,BRAZO DE PROYECCION ACERO INOX 6' (JUEGO),JGO,True,0,0,0,50,"HERRALUM INDUSTRIAL, S.A. DE C.V.",HERRAJES,HERRAJES,BRAZO DE PROYECCION,4
316-102400800,BRAZO DE PROYECCION ACERO INOX 8' (JUEGO),JGO,True,0,0,0,56,"HERRALUM INDUSTRIAL, S.A. DE C.V.",HERRAJES,HERRAJES,BRAZO DE PROYECCION,4
316-1163000GR,BRAZO TELESCOPICO P/LINEA EUROVENT NATURAL,PZA,True,1,0,0,59,"HERRALUM INDUSTRIAL, S.A. DE C.V.",HERRAJES,HERRAJES,BRAZO DE PROYECCION,4
316-1163000NE,BRAZO TELESCOPICO P/LINEA EUROVENT NEGRO,PZA,True,-2,0,0,49,"HERRALUM INDUSTRIAL, S.A. DE C.V.",HERRAJES,HERRAJES,BRAZO DE PROYECCION,4
320-106B-2608597734,"BROCA BLUE GRANITE 3/16 X 6"" BOSCH",PZA,False,0,0,0,0,"CASA FERNANDEZ DEL SURESTE, S.A. DE C.V.",HERRAJES,HERRAJES,BROCAS,4
320-106B-2608585220,"BROCA BLUE GRANITE 5/16 X 6"" BOSCH",PZA,False,0,0,0,0,"CASA FERNANDEZ DEL SURESTE, S.A. DE C.V.",HERRAJES,HERRAJES,BROCAS,4
320-108-1778448,BROCA DE 1/4 ALTA VELOCIDAD IRWIN,PZA,True,0,0,0,77,"CASA FERNANDEZ DEL SURESTE, S.A. DE C.V.",HERRAJES,HERRAJES,BROCAS,4
320-108-1778360,BROCA DE 1/8 ALTA VELOCIDAD IRWIN,PZA,True,0,0,-2,41,"CASA FERNANDEZ DEL SURESTE, S.A. DE C.V.",HERRAJES,HERRAJES,BROCAS,4
320-108-1778452,BROCA DE 5/16 ALTA VELOCIDAD IRWIN,PZA,True,0,0,0,104,"CASA FERNANDEZ DEL SURESTE, S.A. DE C.V.",HERRAJES,HERRAJES,BROCAS,4
320-108-1778442,BROCA DE 5/32 ALTA VELOCIDAD IRWIN,PZA,True,-1,0,0,152,"CASA FERNANDEZ DEL SURESTE, S.A. DE C.V.",HERRAJES,HERRAJES,BROCAS,4
320-108-1778441,BROCA DE 9/64 ALTA VELOCIDAD IRWIN,PZA,True,0,0,0,214,"CASA FERNANDEZ DEL SURESTE, S.A. DE C.V.",HERRAJES,HERRAJES,BROCAS,4
320-165-D-24365,BROCA P/CONCRETO 1/4 X 6 MAKITA,PZA,False,0,0,0,0,"CASA FERNANDEZ DEL SURESTE, S.A. DE C.V.",HERRAJES,HERRAJES,BROCAS,4
320-158-BCT-1/4X6,BROCA P/CONCRETO DE 1/4 X 6 TRUPER,PZA,False,0,0,0,0,"CASA FERNANDEZ DEL SURESTE, S.A. DE C.V.",HERRAJES,HERRAJES,BROCAS,4
320-108-IW9051,"BROCA P/CONCRETO LARGA 1/4 X 6"" CARBURO TUGSTENO  IRWIN",PZA,True,0,0,0,87,"CASA FERNANDEZ DEL SURESTE, S.A. DE C.V.",HERRAJES,HERRAJES,BROCAS,4
320-108-008834,"BROCA P/CONCRETO NORMAL 1/4 X 4"" IRWIN",PZA,False,0,0,0,0,"CASA FERNANDEZ DEL SURESTE, S.A. DE C.V.",HERRAJES,HERRAJES,BROCAS,1
320-106B-2608585448,"BROCA P/METAL HSS-G 1/4"" BOSCH",PZA,True,0,0,0,19,"CASA FERNANDEZ DEL SURESTE, S.A. DE C.V.",HERRAJES,HERRAJES,BROCAS,4
320-106B-2608585440,"BROCA P/METAL HSS-G 1/8"" BOSCH",PZA,True,9,0,-10,189,"CASA FERNANDEZ DEL SURESTE, S.A. DE C.V.",HERRAJES,HERRAJES,BROCAS,4
320-106B-2608585442,"BROCA P/METAL HSS-G 5/32"" BOSCH",PZA,True,1,0,-3,135,"CASA FERNANDEZ DEL SURESTE, S.A. DE C.V.",HERRAJES,HERRAJES,BROCAS,4
320-106B-2608585441,"BROCA P/METAL HSS-G 9/64"" BOSCH",PZA,True,0,0,0,149,"CASA FERNANDEZ DEL SURESTE, S.A. DE C.V.",HERRAJES,HERRAJES,BROCAS,4
320-2608628429-BS,FRESA RECTA CORTE CENTRAL 5/16 BOSCH P/ROUTER,PZA,True,0,0,0,0,"CASA FERNANDEZ DEL SURESTE, S.A. DE C.V.",HERRAJES,HERRAJES,BROCAS,4
326-1152000SA,CERRADURA MARUATA PARA PUERTA DE CRISTAL TEMPL 8-10 MM SATINADA,PZA,True,0,0,0,10,"HERRALUM INDUSTRIAL, S.A. DE C.V.",HERRAJES,HERRAJES,CANCELES DE BAÑO,4
326-1179000SA,CERRADURA P/ CRISTAL DE 9 A 12 MM TEMPLADO SENCILLA SATINADA,PZA,True,0,0,0,9,"HERRALUM INDUSTRIAL, S.A. DE C.V.",HERRAJES,HERRAJES,CANCELES DE BAÑO,4
126-1240003SA,CONECTOR FIJO CON ATRAPE VIDRIO-TUBO SATINADO 19MM DIAMETRO (ZAMAC),PZA,True,1,0,0,24,"HERRALUM INDUSTRIAL, S.A. DE C.V.",HERRAJES,HERRAJES,CANCELES DE BAÑO,4
326-1153000SA,CONTRA PARA CHAPA MARUATA 1152 SATINADA,PZA,True,0,0,0,13,"HERRALUM INDUSTRIAL, S.A. DE C.V.",HERRAJES,HERRAJES,CANCELES DE BAÑO,4
152-135012000,KIT MARQUESINA DE POLICARBONATO DE 1.20 MTS,KIT,True,20,0,-10,-8,"HERRALUM INDUSTRIAL, S.A. DE C.V.",HERRAJES,HERRAJES,CANCELES DE BAÑO,4
152-1012003CO,KIT PTA/BAT DE CRISTAL TEMPLADO CROMADO RYOBI (BIS 1003),KIT,True,0,0,0,0,"HERRALUM INDUSTRIAL, S.A. DE C.V.",HERRAJES,HERRAJES,CANCELES DE BAÑO,4
152-1012016NE,KIT PTA/BAT DE CRISTAL TEMPLADO NEGRO HERRALUM,KIT,True,0,0,0,4,"HERRALUM INDUSTRIAL, S.A. DE C.V.",HERRAJES,HERRAJES,CANCELES DE BAÑO,4
152-1012004SA,KIT PTA/BAT DE CRISTAL TEMPLADO SATINADO RYOBI (BIS 1004),KIT,True,0,0,0,0,"HERRALUM INDUSTRIAL, S.A. DE C.V.",HERRAJES,HERRAJES,CANCELES DE BAÑO,4
126-1240009SA,"OXFORD CONECTOR TIPO ""L"" TUBO A TUBO DE 19MM SATIN",PZA,True,0,0,0,0,"HERRALUM INDUSTRIAL, S.A. DE C.V.",HERRAJES,HERRAJES,CANCELES DE BAÑO,4
126-1246120SA,TUBO ACERO INOX CAL 18 DE 3/4 DE 1.20 MTS SATINADO (BRAZO ESTABILIZADOR),PZA,True,1,0,0,19,"HERRALUM INDUSTRIAL, S.A. DE C.V.",HERRAJES,HERRAJES,CANCELES DE BAÑO,4
126-1246200SA,TUBO ACERO INOX CAL 18 DE 3/4 DE 2.00 MTS SATINADO (BRAZO ESTABILIZADOR),PZA,True,0,0,0,20,"HERRALUM INDUSTRIAL, S.A. DE C.V.",HERRAJES,HERRAJES,CANCELES DE BAÑO,4
301-2006000NY08,CAARRETILLA P/MOSQUITERO COLA RATON RODAJA NYLON,PZA,False,0,0,0,0,"HERRALUM INDUSTRIAL, S.A. DE C.V.",HERRAJES,HERRAJES,CARRETILLAS,4
320-MX66992,CERRADURA BRK3550 CERROJO DIGITAL PARA PUERTAS DE VIDRIO DE 10-12MM DE ESPESOR.,PZA,True,0,0,0,2,"ASSA ABLOY MEXICO, S.A. DE C.V.",HERRAJES,HERRAJES,CERRADURAS,4
320-MX67111,CERRADURA BRK3551B MANIJA DIGITAL PARA PUERTAS DE ALUMINIO Y MADERA.,PZA,True,0,0,0,2,"ASSA ABLOY MEXICO, S.A. DE C.V.",HERRAJES,HERRAJES,CERRADURAS,4
320-MX67108,CERRADURA BRK3553 CERROJO DIGITAL DE GANCHO PARA PUERTAS  CORREDIZAS DE VIDRIO DE 10-12MM,PZA,False,0,0,0,0,"ASSA ABLOY MEXICO, S.A. DE C.V.",HERRAJES,HERRAJES,CERRADURAS,4
320-MX83353,CERRADURA DIGITAL YALE YSD100/2885 C/HUB NEGRA,PZA,True,0,0,0,2,"ASSA ABLOY MEXICO, S.A. DE C.V.",HERRAJES,HERRAJES,CERRADURAS,4
326-1173000SA,CERRADURA LORETO DOB/MANIJA CIL LLAVE/MAR SATIN,PZA,True,0,0,0,0,"HERRALUM INDUSTRIAL, S.A. DE C.V.",HERRAJES,HERRAJES,CERRADURAS,4
320-MX3551,CERRADURA MANIJA DIGITAL PARA PUERTAS DE VIDRIO DE 10-12MM DE ESPESOR. BRK3551,PZA,True,0,0,0,0,"ASSA ABLOY MEXICO, S.A. DE C.V.",HERRAJES,HERRAJES,CERRADURAS,4
320-MX66069,CERRADURA SIN RESAQUE SIN LLAVE CON CONTRA A MURO ACERO INOX SATINADA,PZA,True,0,0,0,9,"ASSA ABLOY MEXICO, S.A. DE C.V.",HERRAJES,HERRAJES,CERRADURAS,4
320-MX66485,KIT CERRADURA MARIPOZA C/BULONES CUAD BRUKEN 4753 C/CILINDRO BRK 4774 70MM,KIT,True,0,0,0,22,"ASSA ABLOY MEXICO, S.A. DE C.V.",HERRAJES,HERRAJES,CERRADURAS,4
320-MX66484,KIT CERRADURA NORMAL C/BULONES CUAD BRUKEN 4753 C/CILINDRO BRK4773 70MM,KIT,True,-2,0,0,34,"ASSA ABLOY MEXICO, S.A. DE C.V.",HERRAJES,HERRAJES,CERRADURAS,4
320-MX67879,KIT MANIJA DIGITAL P/PERFILES DE ALUMINIO P/ PUERTAS DE ABATIR SATÍN. BRK3556,PZA,True,0,0,0,0,"ASSA ABLOY MEXICO, S.A. DE C.V.",HERRAJES,HERRAJES,CERRADURAS,4
327-1167000BL,CHAPA ACCESORIO P/CIERRAPUERTA 1022 BLANCA,PZA,True,0,0,0,33,"HERRALUM INDUSTRIAL, S.A. DE C.V.",HERRAJES,HERRAJES,CIERRA PUERTAS,4
327-1167000NE,CHAPA ACCESORIO P/CIERRAPUERTA 1022 NEGRA,PZA,True,0,0,0,33,"HERRALUM INDUSTRIAL, S.A. DE C.V.",HERRAJES,HERRAJES,CIERRA PUERTAS,4
327-C24-BL,CIERRAPUERTA # 2 DAWH BLANCO PARA 25 A 45 KILOS,PZA,True,0,0,0,0,"JACKSON CORPORATION MEXICO, SA DE CV",HERRAJES,HERRAJES,CIERRA PUERTAS,4
327-C21-NA,CIERRAPUERTA # 2 DAWH NATURAL PARA 25 A 45 KILOS,PZA,False,0,0,0,0,"JACKSON CORPORATION MEXICO, SA DE CV",HERRAJES,HERRAJES,CIERRA PUERTAS,4
327-1013085BL,CIERRAPUERTA HERRALUM BLANCO  (REGULABLE DE 45 A 65 KGS),PZA,True,0,0,0,30,"HERRALUM INDUSTRIAL, S.A. DE C.V.",HERRAJES,HERRAJES,CIERRA PUERTAS,4
327-1013085CA,CIERRAPUERTA HERRALUM CAFE (REGULABLE DE 45 A 65 KGS),PZA,True,0,0,0,0,"HERRALUM INDUSTRIAL, S.A. DE C.V.",HERRAJES,HERRAJES,CIERRA PUERTAS,4
327-1013085GR,CIERRAPUERTA HERRALUM NATURAL (REGULABLE DE 45 A 65 KGS),PZA,True,0,0,0,29,"HERRALUM INDUSTRIAL, S.A. DE C.V.",HERRAJES,HERRAJES,CIERRA PUERTAS,4
327-1013085NE,CIERRAPUERTA HERRALUM NEGRO (REGULABLE DE 45 A 65 KGS),PZA,True,0,0,0,25,"HERRALUM INDUSTRIAL, S.A. DE C.V.",HERRAJES,HERRAJES,CIERRA PUERTAS,4
327-1011000BL,CIERRAPUERTA MARCA RYOBI (MOD 8002) BLANCO (45 KGS),PZA,True,0,0,0,27,"HERRALUM INDUSTRIAL, S.A. DE C.V.",HERRAJES,HERRAJES,CIERRA PUERTAS,4
327-1011000CA,CIERRAPUERTA MARCA RYOBI (MOD 8002) CAFE (45 KGS),PZA,True,0,0,0,16,"HERRALUM INDUSTRIAL, S.A. DE C.V.",HERRAJES,HERRAJES,CIERRA PUERTAS,4
327-1011000GR,CIERRAPUERTA MARCA RYOBI (MOD 8002) NATURAL (45 KGS),PZA,True,0,0,0,14,"HERRALUM INDUSTRIAL, S.A. DE C.V.",HERRAJES,HERRAJES,CIERRA PUERTAS,4
327-1022000BL,CIERRAPUERTA P/MOSQUITERO BLANCO (30 KGS),PZA,True,0,0,0,11,"HERRALUM INDUSTRIAL, S.A. DE C.V.",HERRAJES,HERRAJES,CIERRA PUERTAS,4
327-1022000CA,CIERRAPUERTA P/MOSQUITERO CAFE (30 KGS),PZA,True,0,0,0,3,"HERRALUM INDUSTRIAL, S.A. DE C.V.",HERRAJES,HERRAJES,CIERRA PUERTAS,4
327-1022000GR,CIERRAPUERTA P/MOSQUITERO NATURAL (30 KGS),PZA,True,0,0,0,30,"HERRALUM INDUSTRIAL, S.A. DE C.V.",HERRAJES,HERRAJES,CIERRA PUERTAS,4
327-1022000NE,CIERRAPUERTA P/MOSQUITERO NEGRO(30 KGS),PZA,True,0,0,0,13,"HERRALUM INDUSTRIAL, S.A. DE C.V.",HERRAJES,HERRAJES,CIERRA PUERTAS,4
302-2149000BL,CIERRE FINAL P/VENTANA PROYECCION BLANCO HERRALUM,PZA,True,0,0,0,48,"HERRALUM INDUSTRIAL, S.A. DE C.V.",HERRAJES,HERRAJES,CIERRE FINAL,4
302-2149000GR,CIERRE FINAL P/VENTANA PROYECCION NATURAL HERRALUM,PZA,True,3,0,0,42,"HERRALUM INDUSTRIAL, S.A. DE C.V.",HERRAJES,HERRAJES,CIERRE FINAL,4
302-2149000NE,CIERRE FINAL P/VENTANA PROYECCION NEGRO HERRALUM,PZA,True,0,0,0,56,"HERRALUM INDUSTRIAL, S.A. DE C.V.",HERRAJES,HERRAJES,CIERRE FINAL,4
302-3200-ABL,CIERRE FINAL PHILLIPS BLANCO,PZA,False,0,0,0,0,"CASA FERNANDEZ DEL SURESTE, S.A. DE C.V.",HERRAJES,HERRAJES,CIERRE FINAL,4
302-3200-ANE,CIERRE FINAL PHILLIPS NEGRO,PZA,False,0,0,0,0,"CASA FERNANDEZ DEL SURESTE, S.A. DE C.V.",HERRAJES,HERRAJES,CIERRE FINAL,4
319-1254000CO,CLIPO PUNTA PERULA CHICO CROMADO HERRALUM,PZA,True,0,0,0,71,"HERRALUM INDUSTRIAL, S.A. DE C.V.",HERRAJES,HERRAJES,CLIPOS,4
319-1254000NE,CLIPO PUNTA PERULA CHICO NEGRO HERRALUM,PZA,True,0,0,0,75,"HERRALUM INDUSTRIAL, S.A. DE C.V.",HERRAJES,HERRAJES,CLIPOS,4
319-1254000SA,CLIPO PUNTA PERULA CHICO SATINADO HERRALUM,PZA,True,0,0,0,67,"HERRALUM INDUSTRIAL, S.A. DE C.V.",HERRAJES,HERRAJES,CLIPOS,4
319-1256000SA,CLIPO PUNTA PERULA GRANDE SATINADO HERRALUM,PZA,True,0,0,0,22,"HERRALUM INDUSTRIAL, S.A. DE C.V.",HERRAJES,HERRAJES,CLIPOS,4
319-1255000NE,CLIPO PUNTA PERULA MEDIANO NEGRO HERRALUM,PZA,True,1,0,0,28,"HERRALUM INDUSTRIAL, S.A. DE C.V.",HERRAJES,HERRAJES,CLIPOS,4
319-1255000SA,CLIPO PUNTA PERULA MEDIANO SATINADO HERRALUM,PZA,True,0,0,0,30,"HERRALUM INDUSTRIAL, S.A. DE C.V.",HERRAJES,HERRAJES,CLIPOS,4
319-1060000BL,CLIPOS BLANCO P/VIDRIO 6 A 22 MM (JUEGO),JGO,True,0,0,0,14,"HERRALUM INDUSTRIAL, S.A. DE C.V.",HERRAJES,HERRAJES,CLIPOS,4
319-1060000CO,CLIPOS CROMADO P/VIDRIO 6 A 22 MM (JUEGO),JGO,True,0,0,0,50,"HERRALUM INDUSTRIAL, S.A. DE C.V.",HERRAJES,HERRAJES,CLIPOS,4
319-1060000NE,CLIPOS NEGRO P/VIDRIO 6 A 22 MM (JUEGO),JGO,True,0,0,0,20,"HERRALUM INDUSTRIAL, S.A. DE C.V.",HERRAJES,HERRAJES,CLIPOS,4
126-1380001200SA,"ABA BASE SIN TAPA PARA PARED LATERAL TUBO DE 2"" 50.8MM AC INOX 304",PZA,True,0,0,0,0,"HERRALUM INDUSTRIAL, S.A. DE C.V.",HERRAJES,HERRAJES,COMENZA,4
126-138002100,ABA BOLSA (10 PZAS) TORNILLO AC INOX C/C ALLEN M8 DIN-912,PZA,True,0,0,0,5,"HERRALUM INDUSTRIAL, S.A. DE C.V.",HERRAJES,HERRAJES,COMENZA,4
126-138002000,ABA BOLSA (10 PZAS) TORNILLO AC INOX C/PLANA ALLEN M-6 DIN 7991,PZA,True,0,0,0,6,"HERRALUM INDUSTRIAL, S.A. DE C.V.",HERRAJES,HERRAJES,COMENZA,4
126-138001900,ABA BOLSA (10 PZAS) TUERCA AC INOX REMACHABLE M8 C/BAJA,PZA,True,0,0,0,9,"HERRALUM INDUSTRIAL, S.A. DE C.V.",HERRAJES,HERRAJES,COMENZA,4
126-138001800,ABA BOLSA (10PZ) TUERCA AC INOX REMACHABLE M6 C/BAJA,PZA,True,0,0,0,5,"HERRALUM INDUSTRIAL, S.A. DE C.V.",HERRAJES,HERRAJES,COMENZA,4
126-1380007012SA,ABA CODO AJUSTABLE 12.7 MM AC INOX C304 MOD SA406,PZA,True,0,0,0,9,"HERRALUM INDUSTRIAL, S.A. DE C.V.",HERRAJES,HERRAJES,COMENZA,4
126-1380007200SA,ABA CODO AJUSTABLE 50.8 MM AC INOX C304 MOD SA406,PZA,True,0,0,0,11,"HERRALUM INDUSTRIAL, S.A. DE C.V.",HERRAJES,HERRAJES,COMENZA,4
126-1380046200SA,ABA CODO AJUSTABLE 50.8 MM AC INOX C304 MOD SA409,PZA,True,0,0,0,0,"HERRALUM INDUSTRIAL, S.A. DE C.V.",HERRAJES,HERRAJES,COMENZA,4
126-1380003200SA,"ABA CODO RECTO A 90 GRADOS P/TUBO 2"" 50.8MM AC INOX 304 A 90° MOD CT200",PZA,True,0,0,0,11,"HERRALUM INDUSTRIAL, S.A. DE C.V.",HERRAJES,HERRAJES,COMENZA,4
126-1380011200SA,ABA CONECTOR COMENZA GRAPA CURVO P/VIDRIO DE 8 A 10MM,PZA,True,0,0,0,25,"HERRALUM INDUSTRIAL, S.A. DE C.V.",HERRAJES,HERRAJES,COMENZA,4
126-1380024112SA,ABA CONECTOR FINAL DER 38.1MM AC INOX MOD ST322 (TUBO 1 1/2),PZA,True,0,0,0,23,"HERRALUM INDUSTRIAL, S.A. DE C.V.",HERRAJES,HERRAJES,COMENZA,4
126-1380024200SA,"ABA CONECTOR FINAL DER 50.8MM AC INOX MOD ST322 (TUBO 2"")",PZA,True,0,0,0,23,"HERRALUM INDUSTRIAL, S.A. DE C.V.",HERRAJES,HERRAJES,COMENZA,4
126-1380023112SA,ABA CONECTOR FINAL IZQ 38.1MM MOD ST322 (TUBO 1 1/2),PZA,True,0,0,0,24,"HERRALUM INDUSTRIAL, S.A. DE C.V.",HERRAJES,HERRAJES,COMENZA,4
126-1380023200SA,"ABA CONECTOR FINAL IZQ 50.8MM MOD ST322 (TUBO 2"")",PZA,True,0,0,0,43,"HERRALUM INDUSTRIAL, S.A. DE C.V.",HERRAJES,HERRAJES,COMENZA,4
126-1380031200SA,ABA CONECTOR GRAPA CURVO 50.8 MM AC INOX 304 VID 8-10 MOD CC701,PZA,True,0,0,0,20,"HERRALUM INDUSTRIAL, S.A. DE C.V.",HERRAJES,HERRAJES,COMENZA,4
126-1380045030SA,ABA CONECTOR LATERAL 30MM AC INOX MOD CC775,PZA,True,0,0,0,22,"HERRALUM INDUSTRIAL, S.A. DE C.V.",HERRAJES,HERRAJES,COMENZA,4
126-1380045050SA,ABA CONECTOR LATERAL 50MM AC INOX MOD CC775,PZA,True,0,0,0,19,"HERRALUM INDUSTRIAL, S.A. DE C.V.",HERRAJES,HERRAJES,COMENZA,4
126-1380044SA,ABA CONECTOR LATERAL AC INOX 304 VID 8A21.5MM MOD CC772,PZA,True,0,0,0,18,"HERRALUM INDUSTRIAL, S.A. DE C.V.",HERRAJES,HERRAJES,COMENZA,4
126-1380037200SA,"ABA CONECTOR PASAMANOS 50.8MM AC INOX 304 MOD ST353 (TUBO 2"")",PZA,True,0,0,0,17,"HERRALUM INDUSTRIAL, S.A. DE C.V.",HERRAJES,HERRAJES,COMENZA,4
126-1380026SA,ABA CONECTOR TENSOR CORTO AC INOX 304 MOD 801,PZA,True,0,0,0,16,"HERRALUM INDUSTRIAL, S.A. DE C.V.",HERRAJES,HERRAJES,COMENZA,4
126-1380055SA,ABA CONECTOR VID-VID 8-13.5MM AC INOX 304 CC736 SATIN,PZA,True,0,0,0,22,"HERRALUM INDUSTRIAL, S.A. DE C.V.",HERRAJES,HERRAJES,COMENZA,4
126-1380056SA,ABA CONECTOR VID-VID 8-13.5MM AC INOX 304 CC737 SATIN,PZA,True,0,0,0,10,"HERRALUM INDUSTRIAL, S.A. DE C.V.",HERRAJES,HERRAJES,COMENZA,4
126-1380008200SA,"ABA SOPORTE AJUSTABLE 50.8 X 50.8 MM AC INOX 304 MOD SA404 (725) /TUBO 2"")",PZA,True,5,0,0,29,"HERRALUM INDUSTRIAL, S.A. DE C.V.",HERRAJES,HERRAJES,COMENZA,4
126-1380008112SA,ABA SOPORTE AJUSTABLE 50.80MM X 38.1MM AC INOX 304 MOD SA404 (TUBO 1 1/2),PZA,True,0,0,0,34,"HERRALUM INDUSTRIAL, S.A. DE C.V.",HERRAJES,HERRAJES,COMENZA,4
126-1380015112SA,ABA SOPORTE LATERAL 38.1MM AC INX 304 MOD SL1120,PZA,True,0,0,0,10,"HERRALUM INDUSTRIAL, S.A. DE C.V.",HERRAJES,HERRAJES,COMENZA,4
126-1380016200SA,"ABA SOPORTE LATERAL 50.8MM AC INOX 304 MOD ST314 (TUBO 2"")",PZA,True,0,0,0,12,"HERRALUM INDUSTRIAL, S.A. DE C.V.",HERRAJES,HERRAJES,COMENZA,4
126-1380015200SA,ABA SOPORTE LATERAL 50.8MM AC INX 304 MOD SL1120 (JG),PZA,True,0,0,0,10,"HERRALUM INDUSTRIAL, S.A. DE C.V.",HERRAJES,HERRAJES,COMENZA,4
126-1380014200SA,ABA SOPORTE TRANSV CURVO 50.8 MM X 12.7 MM AC INOX 304 MOD ST320,PZA,True,15,0,0,9,"HERRALUM INDUSTRIAL, S.A. DE C.V.",HERRAJES,HERRAJES,COMENZA,4
126-1380009012SA,ABA TAPA PLANA 12.7 MM AC INOX 304 MOD TF502 ( TUBO 1/2),PZA,True,0,0,0,23,"HERRALUM INDUSTRIAL, S.A. DE C.V.",HERRAJES,HERRAJES,COMENZA,4
126-1380009112SA,ABA TAPA PLANA 38.1MM AC INOX 304 MOD TF502 ( TUBO 1 1/2),PZA,True,0,0,0,11,"HERRALUM INDUSTRIAL, S.A. DE C.V.",HERRAJES,HERRAJES,COMENZA,4
126-1380009200SA,"ABA TAPA PLANA 50.8 MM AC INOX 304 MOD TF502 (TUBO 2"")",PZA,True,0,0,0,1,"HERRALUM INDUSTRIAL, S.A. DE C.V.",HERRAJES,HERRAJES,COMENZA,4
126-1380012200SA,ABA UNIÓN AJUSTABLE 50.8 MM AC INOX 304 MOD SA420,PZA,True,0,0,0,24,"HERRALUM INDUSTRIAL, S.A. DE C.V.",HERRAJES,HERRAJES,COMENZA,4
126-1380006200SA,ABA UNIÓN PARA TUBO EN ACERO INOX DE 50.8MM (MODELO CT-207).,PZA,True,0,0,0,21,"HERRALUM INDUSTRIAL, S.A. DE C.V.",HERRAJES,HERRAJES,COMENZA,4
126-138010000,ACC ADHESIVO P/AC INOX JF-GLUE (A+B) 50 ML,PZA,False,0,0,0,0,"HERRALUM INDUSTRIAL, S.A. DE C.V.",HERRAJES,HERRAJES,COMENZA,4
126-138010100,ACC LIMPIADOR AC INOX JF-CLEAN+ 500ML,PZA,True,0,0,0,0,"HERRALUM INDUSTRIAL, S.A. DE C.V.",HERRAJES,HERRAJES,COMENZA,4
126-138010200,ACC QUITAOXIDO JF-STAIN ZERO 500 ML,PZA,True,0,0,0,1,"HERRALUM INDUSTRIAL, S.A. DE C.V.",HERRAJES,HERRAJES,COMENZA,4
126-1380002112SA,"BASE CON TAPA ACERO INOX PISO/TUBO MOD AV-603 TUBO 1 1/2""",PZA,True,0,0,0,17,"HERRALUM INDUSTRIAL, S.A. DE C.V.",HERRAJES,HERRAJES,COMENZA,4
126-1380002200SA,"BASE CON TAPA ACERO INOX PISO/TUBO MOD AV-603 TUBO 2""",PZA,True,0,0,0,26,"HERRALUM INDUSTRIAL, S.A. DE C.V.",HERRAJES,HERRAJES,COMENZA,4
126-1380035200SA,"BASE CON TAPA TUBO/PARED 2"" 50.8MM AC INOX 304 MOD AV602 (TUBO 2"")",PZA,True,0,0,0,22,"HERRALUM INDUSTRIAL, S.A. DE C.V.",HERRAJES,HERRAJES,COMENZA,4
126-1483180SA,CONECTOR AC INOX 304 CUADRADO VID-VID 180° SATIN (1161),PZA,True,0,0,0,9,"HERRALUM INDUSTRIAL, S.A. DE C.V.",HERRAJES,HERRAJES,COMENZA,4
125-1182001SA,CONECTOR AC INOX 304 VIDRIO-VIDRIO 8-10 MM SATIN,PZA,True,0,0,0,20,"HERRALUM INDUSTRIAL, S.A. DE C.V.",HERRAJES,HERRAJES,COMENZA,4
126-2112000NA,CONECTOR CRUZ NAT P/APARADOR,PZA,True,0,0,0,37,"HERRALUM INDUSTRIAL, S.A. DE C.V.",HERRAJES,HERRAJES,COMENZA,4
126-2110000NA,CONECTOR ELE NAT P/APARADOR,PZA,True,0,0,0,20,"HERRALUM INDUSTRIAL, S.A. DE C.V.",HERRAJES,HERRAJES,COMENZA,4
126-1380017SA,CONECTOR REDONDO LATERAL DE 50MM DE DIÁMETRO DE 8 A 21.5MM.,PZA,True,0,0,0,0,"HERRALUM INDUSTRIAL, S.A. DE C.V.",HERRAJES,HERRAJES,COMENZA,4
126-2111000NA,CONECTOR TEE NAT P/APARADOR,PZA,True,10,0,0,44,"HERRALUM INDUSTRIAL, S.A. DE C.V.",HERRAJES,HERRAJES,COMENZA,4
126-1061000SA,"CONECTOR TIPO ""L"" PARA VIDRIO DE 10MM SATIN",PZA,True,0,0,0,15,"HERRALUM INDUSTRIAL, S.A. DE C.V.",HERRAJES,HERRAJES,COMENZA,4
126-1062000SA,"CONECTOR TIPO ""T"" PARA VIDRIO DE 10MM SATIN",PZA,True,0,0,0,31,"HERRALUM INDUSTRIAL, S.A. DE C.V.",HERRAJES,HERRAJES,COMENZA,4
126-138010400,HERRAMIENTA DE FIJACIÓN PARA DIÁMETRO DE 50MM LLAVE GANCHO,PZA,True,0,0,0,18,"HERRALUM INDUSTRIAL, S.A. DE C.V.",HERRAJES,HERRAJES,COMENZA,4
126-2109000GR,OPRESOR PARA CONECTOR GRIS,PZA,True,0,0,0,267,"HERRALUM INDUSTRIAL, S.A. DE C.V.",HERRAJES,HERRAJES,COMENZA,4
126-2254300RI,"TUBO ACERO INOX CAL 14 DE 1"" X 3.00 MT SATIN",PZA,True,0,0,0,6,"HERRALUM INDUSTRIAL, S.A. DE C.V.",HERRAJES,HERRAJES,COMENZA,4
126-2251018112SA,"TUBO ACERO INOX CAL 18 DE 1 1/2"" DE 6.10 MT SATINADO",PZA,True,0,0,11,0,"HERRALUM INDUSTRIAL, S.A. DE C.V.",HERRAJES,HERRAJES,COMENZA,3
126-2251020012SA,TUBO ACERO INOX CAL 20 DE 1/2 DE 6.00 MTS SATINADO,PZA,True,0,0,0,0,"HERRALUM INDUSTRIAL, S.A. DE C.V.",HERRAJES,HERRAJES,COMENZA,4
126-MX66354,BRAZO CONECTOR DE VIDRIO A BARANDAL DE ACERO INOX 304 (SATÍN) BRK 3042-10,PZA,True,0,0,0,2,"ASSA ABLOY MEXICO, S.A. DE C.V.",HERRAJES,HERRAJES,CONECTORES P/CRISTAL,4
320-GRAP-CR,CONECTOR CLIP GRAPA SIN SAQUE MURO-VIDRIO  BASE RECTA CROMADO,PZA,False,0,0,0,0,"TECNO EXTRUSIONES, S.A. DE C.V.",HERRAJES,HERRAJES,CONECTORES P/CRISTAL,1
320-GRAT-CR,"CONECTOR CLIP GRAPA SIN SAQUE, MURO-VIDRIO. BASE CURVO CROMADO",PZA,False,0,0,0,0,"TECNO EXTRUSIONES, S.A. DE C.V.",HERRAJES,HERRAJES,CONECTORES P/CRISTAL,4
320-GRAP-SAT,"CONECTOR CLIP GRAPA SIN SAQUE, MURO-VIDRIO. BASE PLANA SATINADO TECNO",PZA,False,0,0,0,0,"TECNO EXTRUSIONES, S.A. DE C.V.",HERRAJES,HERRAJES,CONECTORES P/CRISTAL,4
320-1109000CO,CONECTOR CURVO P/FIJOS DE CRISTAL TEMPLADO CROMADO HERRALUM,PZA,True,0,0,0,9,"HERRALUM INDUSTRIAL, S.A. DE C.V.",HERRAJES,HERRAJES,CONECTORES P/CRISTAL,4
320-1112001CO,CONECTOR CURVO P/VID 6 A 10 MM C/T BISEL CROMO,PZA,True,0,0,0,77,"HERRALUM INDUSTRIAL, S.A. DE C.V.",HERRAJES,HERRAJES,CONECTORES P/CRISTAL,4
320-1111001CO,CONECTOR CURVO P/VID 6 MM C/T CROMO,PZA,True,0,0,0,37,"HERRALUM INDUSTRIAL, S.A. DE C.V.",HERRAJES,HERRAJES,CONECTORES P/CRISTAL,4
126-2231000NE,"CONECTOR DE VIDRIO A VIDRIO. ACERO INOXIDABLE, NEGRO",PZA,True,0,0,0,24,"HERRALUM INDUSTRIAL, S.A. DE C.V.",HERRAJES,HERRAJES,CONECTORES P/CRISTAL,4
126-2231000SA,"CONECTOR DE VIDRIO A VIDRIO. ACERO INOXIDABLE, SATINADO",PZA,True,0,0,0,51,"HERRALUM INDUSTRIAL, S.A. DE C.V.",HERRAJES,HERRAJES,CONECTORES P/CRISTAL,4
320-1147003SA,CONECTOR ESCUADRA  CRISTAL-MURO AC INOX 304 IZQUIERDO SATIN,PZA,True,0,0,0,11,"HERRALUM INDUSTRIAL, S.A. DE C.V.",HERRAJES,HERRAJES,CONECTORES P/CRISTAL,4
320-1305010SA,CONECTOR ESCUADRA AC INOX CRISTAL Y BARRA BACALAR,PZA,True,0,0,0,3,"HERRALUM INDUSTRIAL, S.A. DE C.V.",HERRAJES,HERRAJES,CONECTORES P/CRISTAL,4
126-1191000NE,"CONECTOR GRAPA BRUCERAS  P/ VIDRIO 6 A 10MM  NEGRO SIN RESAQUE , BASE CURVA",PZA,True,0,0,0,129,"HERRALUM INDUSTRIAL, S.A. DE C.V.",HERRAJES,HERRAJES,CONECTORES P/CRISTAL,4
126-1191000SA,"CONECTOR GRAPA BRUCERAS  P/ VIDRIO 6 A 10MM  SATIN SIN RESAQUE , BASE CURVA",PZA,True,0,0,0,131,"HERRALUM INDUSTRIAL, S.A. DE C.V.",HERRAJES,HERRAJES,CONECTORES P/CRISTAL,4
126-1191000CO,"CONECTOR GRAPA BRUCERAS P/VIDRIO 6 A 10MM CROMADO SIN RESAQUE, CURVA",PZA,True,0,0,0,153,"HERRALUM INDUSTRIAL, S.A. DE C.V.",HERRAJES,HERRAJES,CONECTORES P/CRISTAL,4
126-1227000SA,CONECTOR GRAPA CHICO CON BASE PLANA  PARA 6MM SATINADO,PZA,False,0,0,0,0,LA VIGA EXTRUSIONES,HERRAJES,HERRAJES,CONECTORES P/CRISTAL,4
126-1227000CO,CONECTOR GRAPA CHICO CON BASE PLANA P/6MM CROMADO,PZA,True,0,0,0,0,"HERRALUM INDUSTRIAL, S.A. DE C.V.",HERRAJES,HERRAJES,CONECTORES P/CRISTAL,4
126-1192000CO,CONECTOR GRAPA P/VIDRIOS 6 A 10 MM CROMADO S/RESAQUE BASE RECTA,PZA,True,0,0,0,156,"HERRALUM INDUSTRIAL, S.A. DE C.V.",HERRAJES,HERRAJES,CONECTORES P/CRISTAL,4
126-1192000NE,CONECTOR GRAPA P/VIDRIOS 6 A 10MM NEGRO S/RESAQUE BASE RECTA,PZA,True,8,0,0,161,"HERRALUM INDUSTRIAL, S.A. DE C.V.",HERRAJES,HERRAJES,CONECTORES P/CRISTAL,4
126-1192000SA,CONECTOR GRAPA P/VIDRIOS 6 A 10MM SATIN S/RESAQUE BASE RECTA,PZA,True,0,0,0,123,"HERRALUM INDUSTRIAL, S.A. DE C.V.",HERRAJES,HERRAJES,CONECTORES P/CRISTAL,4
126-1228000CO,CONECTOR GRAPA VALLARTA MEDIANO P/VIDRIO 6 A 9MM CROMADO PLANO,PZA,True,0,0,0,0,"HERRALUM INDUSTRIAL, S.A. DE C.V.",HERRAJES,HERRAJES,CONECTORES P/CRISTAL,4
320-1228000SA,CONECTOR GRAPA VALLARTA MEDIANO P/VIDRIO 6 A 9MM SATINADO PLANO,PZA,True,0,0,0,0,"HERRALUM INDUSTRIAL, S.A. DE C.V.",HERRAJES,HERRAJES,CONECTORES P/CRISTAL,4
126-MX66420,"CONECTOR GRAPA, BASE REDONDA  BARANDAL, DE CRISTAL 10-12MM BRK3761B",PZA,True,0,0,0,10,"ASSA ABLOY MEXICO, S.A. DE C.V.",HERRAJES,HERRAJES,CONECTORES P/CRISTAL,4
320-1272000SA,CONECTOR HERRALUM  LEON VIDRIO/MURO SATINADO,PZA,True,0,0,0,22,"HERRALUM INDUSTRIAL, S.A. DE C.V.",HERRAJES,HERRAJES,CONECTORES P/CRISTAL,4
320-1276000CO,CONECTOR MURO A VIDRIO PAIPID CROMADO P/CRISTAL DE 8 A 10 MM,PZA,True,0,0,0,78,"HERRALUM INDUSTRIAL, S.A. DE C.V.",HERRAJES,HERRAJES,CONECTORES P/CRISTAL,4
320-1276000SA,CONECTOR MURO A VIDRIO PAIPID SATINADO. P/CRISTAL DE 8 A 10 MM,PZA,True,0,0,0,148,"HERRALUM INDUSTRIAL, S.A. DE C.V.",HERRAJES,HERRAJES,CONECTORES P/CRISTAL,4
126-2274000SA,CONECTOR NUEVO LAREDO AC INOX P/TUBO SATINADO,PZA,True,0,0,0,5,"HERRALUM INDUSTRIAL, S.A. DE C.V.",HERRAJES,HERRAJES,CONECTORES P/CRISTAL,4
126-1113000SA,CONECTOR PORTA ESPEJO DE 3-6 MM SATINADO,PZA,True,0,0,0,107,"HERRALUM INDUSTRIAL, S.A. DE C.V.",HERRAJES,HERRAJES,CONECTORES P/CRISTAL,4
126-1161090SA,CONECTOR RECTO VIDRIO-VIDRIO 90 GRADOS SATINADO,PZA,True,0,0,0,0,"HERRALUM INDUSTRIAL, S.A. DE C.V.",HERRAJES,HERRAJES,CONECTORES P/CRISTAL,4
320-MX65223,CONECTOR TECNO 90 GRADOS VIDRIO/VIDRIO ACERO INOX,PZA,True,0,0,0,9,"ASSA ABLOY MEXICO, S.A. DE C.V.",HERRAJES,HERRAJES,CONECTORES P/CRISTAL,4
320-MX65222,"CONECTOR TECNO TIPO ""L"" MURO/VIDRIO ACERO INOX",PZA,True,0,0,0,10,"ASSA ABLOY MEXICO, S.A. DE C.V.",HERRAJES,HERRAJES,CONECTORES P/CRISTAL,4
911-MX66160,HERRAJE EN ESCUADRA P/FIJO ANTEPECHO PUERTA SIN COSTILLA SATINADO BRUKEN (BRK 040),PZA,True,2,0,0,8,"ASSA ABLOY MEXICO, S.A. DE C.V.",HERRAJES,HERRAJES,CONECTORES P/CRISTAL,4
911-HER74176,HERRAJE INFERIOR (DADOS Y TORNILLOS) SATINADO GD10 OLIMPIA 0 X 0 PTA TEMPL,PZA,True,1,0,0,5,"M INDUSTRIA, S.A. DE C.V.",HERRAJES,HERRAJES,CONECTORES P/CRISTAL,4
911-MX67194,HERRAJE SUPERIOR CON PIVOTE P/ANTEPECHO FIJACIÓN A MURO CON PLACA NEGRO (BRK040),PZA,True,0,0,0,9,"ASSA ABLOY MEXICO, S.A. DE C.V.",HERRAJES,HERRAJES,CONECTORES P/CRISTAL,4
911-MX66158,HERRAJE SUPERIOR CON PIVOTE P/ANTEPECHO FIJACIÓN A MURO CON PLACA SATINADO (BRK033),PZA,True,1,0,0,22,"ASSA ABLOY MEXICO, S.A. DE C.V.",HERRAJES,HERRAJES,CONECTORES P/CRISTAL,4
911-HER74178,HERRAJE SUPERIOR OLIMPIA GD30 ANTEPECHO-MURO C/PLACA Y TORNILLO,PZA,True,0,0,0,5,"ASSA ABLOY MEXICO, S.A. DE C.V.",HERRAJES,HERRAJES,CONECTORES P/CRISTAL,4
911-HER74179,HERRAJE SUPERIOR SATINADO GD20 OPLIMPIA  (PUERTA CRISTAL TEMPL),PZA,True,0,0,0,8,"M INDUSTRIA, S.A. DE C.V.",HERRAJES,HERRAJES,CONECTORES P/CRISTAL,4
911-HER74290,PUNTO DE GIRO HDL-133,PZA,True,0,0,0,0,"M INDUSTRIA, S.A. DE C.V.",HERRAJES,HERRAJES,CONECTORES P/CRISTAL,4
911-920006-GD0S22,PUNTO DE GIRO OLIMPIA GD0S22,PZA,True,0,0,0,0,"M INDUSTRIA, S.A. DE C.V.",HERRAJES,HERRAJES,CONECTORES P/CRISTAL,4
320-MX66580,"CORREDERA DE EXTENSION CIERRE SUAVE ACERO ZINCADO 40 KG DE 16"" (40 CMS)",PAR,True,0,0,0,34,"ASSA ABLOY MEXICO, S.A. DE C.V.",HERRAJES,HERRAJES,CORREDERAS P/MUEBLE,4
320-MX66581,"CORREDERA DE EXTENSION CIERRE SUAVE ACERO ZINCADO 40 KG DE 18"" (45 CMS)",PAR,True,19,0,0,30,"ASSA ABLOY MEXICO, S.A. DE C.V.",HERRAJES,HERRAJES,CORREDERAS P/MUEBLE,4
320-MX66583,"CORREDERA DE EXTENSION CIERRE SUAVE ACERO ZINCADO 40 KG DE 22"" (50,CMS)",PZA,True,29,0,0,0,"ASSA ABLOY MEXICO, S.A. DE C.V.",HERRAJES,HERRAJES,CORREDERAS P/MUEBLE,4
302-C2300,"CONTRA PARA JALADERA DE EMBUTIR DE 2 O 3""",PZA,True,0,0,0,0,"HERRALUM INDUSTRIAL, S.A. DE C.V.",HERRAJES,HERRAJES,"CORREDIZA 2""",4
306-2054100E2,CREMALLERA DE 1.00 MTS CAFE HERRALUM,PZA,True,0,0,0,3,"HERRALUM INDUSTRIAL, S.A. DE C.V.",HERRAJES,HERRAJES,CREMALLERAS,4
302-2054100E4,CREMALLERA DE 1.00 MTS NEGRO HERRALUM,PZA,True,0,0,0,35,"HERRALUM INDUSTRIAL, S.A. DE C.V.",HERRAJES,HERRAJES,CREMALLERAS,4
306-2054100BL,CREMALLERA DE 1.00 MTS. BLANCO HERRALUM,PZA,True,2,0,0,-2,"HERRALUM INDUSTRIAL, S.A. DE C.V.",HERRAJES,HERRAJES,CREMALLERAS,4
306-2054100NA,CREMALLERA DE 1.00 MTS. NATURAL HERRALUM,PZA,True,0,0,0,1,"HERRALUM INDUSTRIAL, S.A. DE C.V.",HERRAJES,HERRAJES,CREMALLERAS,4
306-2054120BL,CREMALLERA DE 1.20 MTS. BLANCO,PZA,True,0,0,0,92,"HERRALUM INDUSTRIAL, S.A. DE C.V.",HERRAJES,HERRAJES,CREMALLERAS,4
306-2054120E2,CREMALLERA DE 1.20 MTS. CAFE,PZA,True,0,0,0,0,"HERRALUM INDUSTRIAL, S.A. DE C.V.",HERRAJES,HERRAJES,CREMALLERAS,4
306-2054120NA,CREMALLERA DE 1.20 MTS. NATURAL,PZA,True,0,0,0,55,"HERRALUM INDUSTRIAL, S.A. DE C.V.",HERRAJES,HERRAJES,CREMALLERAS,4
306-CR180-BL,CREMALLERA DE 1.80 MTS BLANCO TECNO,PZA,False,0,0,0,0,"TECNO EXTRUSIONES, S.A. DE C.V.",HERRAJES,HERRAJES,CREMALLERAS,4
306-CR180-ADK,CREMALLERA DE 1.80 MTS CAFE TECNO,PZA,True,0,0,0,82,"TECNO EXTRUSIONES, S.A. DE C.V.",HERRAJES,HERRAJES,CREMALLERAS,1
306-CR180-ANA,CREMALLERA DE 1.80 MTS NATURAL TECNO,PZA,False,0,0,0,0,"TECNO EXTRUSIONES, S.A. DE C.V.",HERRAJES,HERRAJES,CREMALLERAS,1
306-2054180BL,CREMALLERA DE 1.80 MTS. BLANCO,PZA,True,0,0,0,72,"HERRALUM INDUSTRIAL, S.A. DE C.V.",HERRAJES,HERRAJES,CREMALLERAS,4
306-2054180E2,CREMALLERA DE 1.80 MTS. CAFE,PZA,True,0,0,0,0,"HERRALUM INDUSTRIAL, S.A. DE C.V.",HERRAJES,HERRAJES,CREMALLERAS,4
306-2054180NA,CREMALLERA DE 1.80 MTS. NATURAL,PZA,True,0,0,0,27,"HERRALUM INDUSTRIAL, S.A. DE C.V.",HERRAJES,HERRAJES,CREMALLERAS,4
320-MX65907,BISAGRA BAÑO VIDRIO-VIDRIO  A 90º  ACERO INOXIDABLE 304 (SATÍN) BRK514,PZA,True,0,0,0,19,"ASSA ABLOY MEXICO, S.A. DE C.V.",HERRAJES,HERRAJES,CRISTAL TEMPLADO,4
320-MX67260,BISAGRA BAÑO VIDRIO-VIDRIO  A 90º  NEGRO MATE (SATÍN) BRK7614,PZA,True,0,0,0,18,"ASSA ABLOY MEXICO, S.A. DE C.V.",HERRAJES,HERRAJES,CRISTAL TEMPLADO,4
320-MX67258,BISAGRA BRUKEN MURO/CRISTAL/PTA TEMPLADA NEGRO MATE ACERO INOX BRK7612,PZA,True,0,0,0,7,"ASSA ABLOY MEXICO, S.A. DE C.V.",HERRAJES,HERRAJES,CRISTAL TEMPLADO,4
320-MX65926,BISAGRA BRUKEN MURO/CRISTAL/PTA TEMPLADA SATINADA (LATON) BRK 712 (25 KILOS),PZA,True,17,0,0,0,"ASSA ABLOY MEXICO, S.A. DE C.V.",HERRAJES,HERRAJES,CRISTAL TEMPLADO,4
320-MX65908,BISAGRA BRUKEN P/BAÑO VIDRIO-VIDRIO 135 GRADOS SAT 25 KILOS DOBLE ACCION,PZA,True,0,0,0,19,"ASSA ABLOY MEXICO, S.A. DE C.V.",HERRAJES,HERRAJES,CRISTAL TEMPLADO,4
320-MX65909,BISAGRA BRUKEN P/BAÑO VIDRIO-VIDRIO 180 GRADOS SAT 25 KILOS DOBLE ACCION BRK518,PZA,True,0,0,0,16,"ASSA ABLOY MEXICO, S.A. DE C.V.",HERRAJES,HERRAJES,CRISTAL TEMPLADO,4
320-MX65922,BISAGRA CRISTAL/CRISTAL 180° GALIER SATINADO,PZA,True,0,0,0,12,"ASSA ABLOY MEXICO, S.A. DE C.V.",HERRAJES,HERRAJES,CRISTAL TEMPLADO,4
320-MX65918,BISAGRA CRISTAL/CRISTAL 90° GALIER 614 SATINADO,PZA,True,0,0,0,19,"ASSA ABLOY MEXICO, S.A. DE C.V.",HERRAJES,HERRAJES,CRISTAL TEMPLADO,4
320-MX65914,BISAGRA GALIER MURO/CRISTAL/PTA TEMPADA SATINADA (ZAMAC) 30 KILOS,PZA,True,0,0,0,37,"ASSA ABLOY MEXICO, S.A. DE C.V.",HERRAJES,HERRAJES,CRISTAL TEMPLADO,4
320-MX65947,BISAGRA HIDRAULICA BRUKEN PISO 120 KILOS BRK 383 SATINADA,PZA,True,0,0,0,12,"ASSA ABLOY MEXICO, S.A. DE C.V.",HERRAJES,HERRAJES,CRISTAL TEMPLADO,4
320-MX65948,BISAGRA HIDRAULICA BRUKEN PISO 80 KILOS BRK 384 SATINADA,PZA,True,0,0,0,20,"ASSA ABLOY MEXICO, S.A. DE C.V.",HERRAJES,HERRAJES,CRISTAL TEMPLADO,4
320-MX65075,"BISAGRA HIDRAULICA CON PIVOTE LARGO, PARA PUERTAS DE 120KG BRK 385A",PZA,True,0,0,0,4,"ASSA ABLOY MEXICO, S.A. DE C.V.",HERRAJES,HERRAJES,CRISTAL TEMPLADO,4
320-ETC-EK-84,BISAGRA HIDRAULICA EK-84 ETC HERRAJES 130 KILOS,PZA,True,0,0,0,1,ALUMINIOS Y VIDRIOS ARMANDO Y CIA,HERRAJES,HERRAJES,CRISTAL TEMPLADO,4
320-1033180SA,BISAGRA MURO/CRISTAL HERRALUM MOD 625 180 SATINADO,PZA,True,0,0,0,11,"HERRALUM INDUSTRIAL, S.A. DE C.V.",HERRAJES,HERRAJES,CRISTAL TEMPLADO,4
320-MX65905,BISAGRA MURO/CRISTAL P/PTA BRUKEN SATINADA ACERO INOX (25 KILOS)  BRK 512,PZA,True,0,0,0,15,"ASSA ABLOY MEXICO, S.A. DE C.V.",HERRAJES,HERRAJES,CRISTAL TEMPLADO,4
320-SH311,BISAGRA MURO/CRISTAL P/PTA TEMPLADA OLIMPIA CROMADA SH311,PZA,True,0,0,0,6,"M INDUSTRIA, S.A. DE C.V.",HERRAJES,HERRAJES,CRISTAL TEMPLADO,4
320-SH313,BISAGRA VIDRIO/VIDRIO 90 GRADOS P/PTA TEMPLADA OLIMPIA CROMADA SH313,PZA,True,0,0,0,6,"ASSA ABLOY MEXICO, S.A. DE C.V.",HERRAJES,HERRAJES,CRISTAL TEMPLADO,4
152-1300185SA,CANCEL DE BAÑO CURVO 1.85 MT SATIN,PZA,True,0,0,0,0,"HERRALUM INDUSTRIAL, S.A. DE C.V.",HERRAJES,HERRAJES,CRISTAL TEMPLADO,3
320-MX66162,CERRADURA DE PISO BRUKEN SATINADO C/RESAQUE (PTA CRISTAL TEMPLADO),PZA,True,0,0,0,21,"ASSA ABLOY MEXICO, S.A. DE C.V.",HERRAJES,HERRAJES,CRISTAL TEMPLADO,4
320-HER74126,CLIP CRISTAL A CRISTAL 90º CROMADO  GL755 OLIMPIA,PZA,True,0,0,0,6,"M INDUSTRIA, S.A. DE C.V.",HERRAJES,HERRAJES,CRISTAL TEMPLADO,4
320-MX67263,CLIP CRISTAL/CRISTAL A 90 P/CRISTAL TEMPLADO BRUKEN NEGRO BRK7632,PZA,True,0,0,0,18,"ASSA ABLOY MEXICO, S.A. DE C.V.",HERRAJES,HERRAJES,CRISTAL TEMPLADO,4
320-MX66084,CLIP CRISTAL/CRISTAL A 90 P/CRISTAL TEMPLADO GALIER SATINADO (ZAMAC),PZA,True,0,0,0,17,"ASSA ABLOY MEXICO, S.A. DE C.V.",HERRAJES,HERRAJES,CRISTAL TEMPLADO,4
320-MX65212,"CLIP CUADRADO 90°, VIDRIO - VIDRIO. ACABADO SATÍN. ACERO INOX 201 (GLR682C)",PZA,True,0,0,0,20,"ASSA ABLOY MEXICO, S.A. DE C.V.",HERRAJES,HERRAJES,CRISTAL TEMPLADO,4
320-MX66098,CLIP MURO VIDRIO A 90º BRK733 SATINADO,PZA,True,0,0,0,43,"ASSA ABLOY MEXICO, S.A. DE C.V.",HERRAJES,HERRAJES,CRISTAL TEMPLADO,4
320-MX67266,"CLIP MURO/ CRISTAL SIN BISEL, NEGRO MATE DE ACERO INOX 201 BRK7631B",PZA,True,0,0,0,5,"ASSA ABLOY MEXICO, S.A. DE C.V.",HERRAJES,HERRAJES,CRISTAL TEMPLADO,4
320-MX66081,CLIP MURO/CRISTAL 8-10 MM GALIER CROMADO ZAMAC GLR 631B,PZA,True,0,0,0,38,"ASSA ABLOY MEXICO, S.A. DE C.V.",HERRAJES,HERRAJES,CRISTAL TEMPLADO,4
320-MX66082,CLIP MURO/CRISTAL 8-10 MM GALIER SATINADO ZAMAC GLR 631B,PZA,True,0,0,0,41,"ASSA ABLOY MEXICO, S.A. DE C.V.",HERRAJES,HERRAJES,CRISTAL TEMPLADO,4
320-MX66086,CLIP MURO/CRISTAL A 90° P/CRISTAL TEMPLADO GALIER SATINADO (ZAMAC),PZA,True,0,0,0,18,"ASSA ABLOY MEXICO, S.A. DE C.V.",HERRAJES,HERRAJES,CRISTAL TEMPLADO,4
320-MX67264,CLIP MURO/CRISTAL A 90° P/CRISTAL TEMPLADO NEGRO BRUKEN 7633,PZA,True,0,0,0,24,"ASSA ABLOY MEXICO, S.A. DE C.V.",HERRAJES,HERRAJES,CRISTAL TEMPLADO,4
320-MX66092,CLIP MURO/CRISTAL BRUKEN 10-12 MM BISELADO SATINADO BRK731A,PZA,True,2,0,0,170,"ASSA ABLOY MEXICO, S.A. DE C.V.",HERRAJES,HERRAJES,CRISTAL TEMPLADO,4
320-HER74130,CLIP MURO/CRISTAL OLIMPIA ACABADO CROMADO GL751CR 0 X 0,PZA,False,0,0,0,0,"M INDUSTRIA, S.A. DE C.V.",HERRAJES,HERRAJES,CRISTAL TEMPLADO,4
320-MX66088,CLIP VIDRIO VIDRIO A 180º (ZAMAC) GLR634 SATINADO,PZA,True,0,0,0,49,"ASSA ABLOY MEXICO, S.A. DE C.V.",HERRAJES,HERRAJES,CRISTAL TEMPLADO,4
152-1296003SA,CONECTOR A MURO P/SISTEMA OAXACA II SATIN,PZA,True,0,0,0,4,"HERRALUM INDUSTRIAL, S.A. DE C.V.",HERRAJES,HERRAJES,CRISTAL TEMPLADO,4
152-1274000NE,"CONECTOR BASE CHICA BISELADO 2"" P/FIJO VID TEMPLADO NEGRO",PZA,True,0,0,0,0,"HERRALUM INDUSTRIAL, S.A. DE C.V.",HERRAJES,HERRAJES,CRISTAL TEMPLADO,4
152-1274000SA,"CONECTOR BASE CHICA BISELADO 2"" P/FIJO VID TEMPLADO SATIN",PZA,True,0,0,0,0,"HERRALUM INDUSTRIAL, S.A. DE C.V.",HERRAJES,HERRAJES,CRISTAL TEMPLADO,4
320-MX66102,CONECTOR BRUKEN VIDRIO VIDRIO A 135º LATÓN SATINADO BRK 736,PZA,True,0,0,0,14,"ASSA ABLOY MEXICO, S.A. DE C.V.",HERRAJES,HERRAJES,CRISTAL TEMPLADO,4
320-MX66124,CONECTOR BRUKEN VIDRIO/MURO 90 GRADOS SATINADO BRK 671B,PZA,True,0,0,0,13,"ASSA ABLOY MEXICO, S.A. DE C.V.",HERRAJES,HERRAJES,CRISTAL TEMPLADO,4
320-MX66280,CONECTOR C/CHAPETON Y BASE RECTA 40 KG MAXIMO P/BARANDAL BRK 201,PZA,True,0,0,0,31,"ASSA ABLOY MEXICO, S.A. DE C.V.",HERRAJES,HERRAJES,CRISTAL TEMPLADO,4
126-1147004SA,CONECTOR ESCUADRA  CRISTAL-MURO AC INOX 304 DERECHO SATIN,PZA,True,0,0,0,8,"HERRALUM INDUSTRIAL, S.A. DE C.V.",HERRAJES,HERRAJES,CRISTAL TEMPLADO,4
152-1240004SA,CONECTOR OXFOR FIJO A 45 GRADOS MURO-TUBO SATIN,PZA,True,0,0,0,22,"HERRALUM INDUSTRIAL, S.A. DE C.V.",HERRAJES,HERRAJES,CRISTAL TEMPLADO,4
320-2282000SA,CONECTOR PIPETA AC INOX VIDRIO A VIDRIO S/AVELLANAR HERRALUM,PZA,True,0,0,0,0,LA VIGA EXTRUSIONES,HERRAJES,HERRAJES,CRISTAL TEMPLADO,4
320-MX67190,CONECTOR PIPETA BRUKEN VIDRIO/MURO 90 GRADOS NEGRO MATE GLR 676C,PZA,True,0,0,0,22,"ASSA ABLOY MEXICO, S.A. DE C.V.",HERRAJES,HERRAJES,CRISTAL TEMPLADO,4
320-MX66123,CONECTOR PIPETA BRUKEN VIDRIO/MURO 90 GRADOS REFORZADO SATINADO BRK 671A,PZA,True,0,0,0,38,"ASSA ABLOY MEXICO, S.A. DE C.V.",HERRAJES,HERRAJES,CRISTAL TEMPLADO,4
320-MX66153,HERRAJE INFERIOR BRUKEN P/BISAGRA HIDRAULICA SATINADO,PZA,True,0,0,0,43,"ASSA ABLOY MEXICO, S.A. DE C.V.",HERRAJES,HERRAJES,CRISTAL TEMPLADO,4
126-1007000SA,HERRAJE INFERIOR P/BISAGRA HERRALUM 1417 SATINADA,PZA,True,0,0,0,9,"HERRALUM INDUSTRIAL, S.A. DE C.V.",HERRAJES,HERRAJES,CRISTAL TEMPLADO,4
320-MX66155,HERRAJE SUPERIOR BRUKEN P/PUNTO DE GIRO SUPERIOR SATINADO,PZA,True,0,0,0,43,"ASSA ABLOY MEXICO, S.A. DE C.V.",HERRAJES,HERRAJES,CRISTAL TEMPLADO,4
126-1008000SA,HERRAJE SUPERIOR P/PUERTA  SATINADA,PZA,True,0,0,0,9,"HERRALUM INDUSTRIAL, S.A. DE C.V.",HERRAJES,HERRAJES,CRISTAL TEMPLADO,4
320-MX66923,KIT BISAGRA HIDRAULICA BRUKEN 120 KILOS 383 SATINADA (PUERTA TEMPLADA),KIT,True,0,0,0,10,"ASSA ABLOY MEXICO, S.A. DE C.V.",HERRAJES,HERRAJES,CRISTAL TEMPLADO,4
320-MX67326,KIT BISAGRA HIDRAULICA BRUKEN 80 KILOS 382 NEGRO MATE (PUERTA TEMPLADA),KIT,True,0,0,0,12,"ASSA ABLOY MEXICO, S.A. DE C.V.",HERRAJES,HERRAJES,CRISTAL TEMPLADO,4
320-MX66888,KIT BISAGRA HIDRAULICA BRUKEN 80 KILOS 384 SATINADA (PUERTA TEMPLADA),KIT,True,0,0,0,9,"ASSA ABLOY MEXICO, S.A. DE C.V.",HERRAJES,HERRAJES,CRISTAL TEMPLADO,4
152-1305200SA,KIT SISTEMA BACALAR CANCEL DE BAÑO AC INOX BARRA 2.00MT SATIN,PZA,True,0,0,0,2,"HERRALUM INDUSTRIAL, S.A. DE C.V.",HERRAJES,HERRAJES,CRISTAL TEMPLADO,4
320-MX65059,KIT SISTEMA HIDRÁULICO 80KG. TAPAS DE HERRAJES EN ACERO INOXIDABLE 304. SATÍN BRK400,PZA,True,0,0,0,7,"ASSA ABLOY MEXICO, S.A. DE C.V.",HERRAJES,HERRAJES,CRISTAL TEMPLADO,4
126-1010000NA,PIVOTE SUPERIOR P/BISAGRA HERRALUM 1417 SATINADA,PZA,True,0,0,0,9,"HERRALUM INDUSTRIAL, S.A. DE C.V.",HERRAJES,HERRAJES,CRISTAL TEMPLADO,4
320-MX66164,PUNTO DE GIRO BRUKEN P/HERRAJE SUPERIOR SATINADO,PZA,True,-2,0,0,29,"ASSA ABLOY MEXICO, S.A. DE C.V.",HERRAJES,HERRAJES,CRISTAL TEMPLADO,4
320-MX66063,SEGURO SIN LLAVE CON CONTRA A MURO SATINADO BRUKEN 501A,PZA,True,0,0,0,10,"ASSA ABLOY MEXICO, S.A. DE C.V.",HERRAJES,HERRAJES,CRISTAL TEMPLADO,4
152-1305000SA,SISTEMA BACALAR CANCEL DE BAÑO AC. INOX P/VIDRIO DE 6-10 MM SATINADO,PZA,False,0,0,0,0,"HERRALUM INDUSTRIAL, S.A. DE C.V.",HERRAJES,HERRAJES,CRISTAL TEMPLADO,4
152-1306000SA,SISTEMA CANCEL DE BAÑO COZUMEL AC INOX P/VID 6-10MM SATIN,PZA,True,0,0,0,0,"HERRALUM INDUSTRIAL, S.A. DE C.V.",HERRAJES,HERRAJES,CRISTAL TEMPLADO,4
152-1204100SA,SISTEMA OAXACA AC INOX CORREDIZO C/ACCESORIOS SATIN,KIT,True,0,0,0,3,"HERRALUM INDUSTRIAL, S.A. DE C.V.",HERRAJES,HERRAJES,CRISTAL TEMPLADO,4
152-1296000NE,SISTEMA OAXACA II AC INOX CORREDIZO C/ACCESORIOS NEGRO,KIT,True,0,0,0,2,"HERRALUM INDUSTRIAL, S.A. DE C.V.",HERRAJES,HERRAJES,CRISTAL TEMPLADO,4
152-1296500SA,SISTEMA OAXACA V ACERO INOX P/CORREDIZA DE MADERA,KIT,True,0,0,0,3,"HERRALUM INDUSTRIAL, S.A. DE C.V.",HERRAJES,HERRAJES,CRISTAL TEMPLADO,4
309-11900CCO,CONTRA P/SEGURO XCARET CROMADO,PZA,True,0,0,0,9,"HERRALUM INDUSTRIAL, S.A. DE C.V.",HERRAJES,HERRAJES,ESCUADRAS RESBALONES RETENES Y SEGUROS,4
309-11900CSA,CONTRA P/SEGURO XCARET SATINADO,PZA,True,0,0,0,9,"HERRALUM INDUSTRIAL, S.A. DE C.V.",HERRAJES,HERRAJES,ESCUADRAS RESBALONES RETENES Y SEGUROS,4
318-204093100,ESCUADRA DE ALUMINIO P/MOSQUITERO HERRALUM,PZA,True,-80,0,-190,6525,"HERRALUM INDUSTRIAL, S.A. DE C.V.",HERRAJES,HERRAJES,ESCUADRAS RESBALONES RETENES Y SEGUROS,4
318-204210000,ESCUADRA P/CANCEL DE BAÑO S/BARRENO 10.0 MM,PZA,True,0,0,0,5495,"HERRALUM INDUSTRIAL, S.A. DE C.V.",HERRAJES,HERRAJES,ESCUADRAS RESBALONES RETENES Y SEGUROS,4
318-204212000,ESCUADRA P/CANCEL DE BAÑO S/BARRENO 12.0MM,PZA,True,0,0,0,6563,"HERRALUM INDUSTRIAL, S.A. DE C.V.",HERRAJES,HERRAJES,ESCUADRAS RESBALONES RETENES Y SEGUROS,4
318-203991400,ESCUADRAS DE LAMINA P/MOSQUITERO,PZA,False,0,0,0,0,"HERRALUM INDUSTRIAL, S.A. DE C.V.",HERRAJES,HERRAJES,ESCUADRAS RESBALONES RETENES Y SEGUROS,4
315-2190000NE,GRAPA P/MOSQ GN-154 EUROVENT NEGRO,PZA,True,0,0,0,587,"HERRALUM INDUSTRIAL, S.A. DE C.V.",HERRAJES,HERRAJES,ESCUADRAS RESBALONES RETENES Y SEGUROS,4
303-2052000BL,RESBALON DE PLASTICO HERRALUM NYLON,PZA,True,0,0,0,256,"HERRALUM INDUSTRIAL, S.A. DE C.V.",HERRAJES,HERRAJES,ESCUADRAS RESBALONES RETENES Y SEGUROS,4
303-125CH-3356,RESBALON DOBLE BALA EN LATON SOLIDO DE 50MM NIQUEL,PZA,True,0,0,0,156,"CASA FERNANDEZ DEL SURESTE, S.A. DE C.V.",HERRAJES,HERRAJES,ESCUADRAS RESBALONES RETENES Y SEGUROS,4
315-2059000BL,RETENES P/MOSQUITERO BLANCO,PZA,True,0,0,0,1170,"HERRALUM INDUSTRIAL, S.A. DE C.V.",HERRAJES,HERRAJES,ESCUADRAS RESBALONES RETENES Y SEGUROS,4
315-2059000E2,RETENES P/MOSQUITERO CAFE,PZA,True,-5,0,-20,2150,"HERRALUM INDUSTRIAL, S.A. DE C.V.",HERRAJES,HERRAJES,ESCUADRAS RESBALONES RETENES Y SEGUROS,4
315-2059000NA,RETENES P/MOSQUITERO NATURAL,PZA,True,0,0,0,1217,"HERRALUM INDUSTRIAL, S.A. DE C.V.",HERRAJES,HERRAJES,ESCUADRAS RESBALONES RETENES Y SEGUROS,4
309-2045045CO,SEGURO P/CADENA,PZA,True,0,0,-6,153,"HERRALUM INDUSTRIAL, S.A. DE C.V.",HERRAJES,HERRAJES,ESCUADRAS RESBALONES RETENES Y SEGUROS,4
309-2263IZQBLA,SEGURO P/VENTANA VERACRUZ PALETA CORTA IZQUIERDO BLANCO ZAMAC,PZA,False,0,0,0,0,"HERRALUM INDUSTRIAL, S.A. DE C.V.",HERRAJES,HERRAJES,ESCUADRAS RESBALONES RETENES Y SEGUROS,4
309-22631IZQNE,SEGURO P/VENTANA VERACRUZ PALETA CORTA IZQUIERDO NEGRO ZAMAC,PZA,True,0,0,0,4,"HERRALUM INDUSTRIAL, S.A. DE C.V.",HERRAJES,HERRAJES,ESCUADRAS RESBALONES RETENES Y SEGUROS,4
309-2263DERBL,SEGURO P/VENTANA VERACRUZ PALETA DERECHO BLANCO ZAMAC,PZA,False,0,0,0,0,"HERRALUM INDUSTRIAL, S.A. DE C.V.",HERRAJES,HERRAJES,ESCUADRAS RESBALONES RETENES Y SEGUROS,4
309-1057001BL,SEGURO PARA VENTANA ZICATELA BLANCO,PZA,True,0,0,0,71,"HERRALUM INDUSTRIAL, S.A. DE C.V.",HERRAJES,HERRAJES,ESCUADRAS RESBALONES RETENES Y SEGUROS,4
309-1057001CO,SEGURO PARA VENTANA ZICATELA CROMADO,PZA,True,0,0,0,69,"HERRALUM INDUSTRIAL, S.A. DE C.V.",HERRAJES,HERRAJES,ESCUADRAS RESBALONES RETENES Y SEGUROS,4
309-1057001NE,SEGURO PARA VENTANA ZICATELA NEGRO,PZA,True,0,0,0,45,"HERRALUM INDUSTRIAL, S.A. DE C.V.",HERRAJES,HERRAJES,ESCUADRAS RESBALONES RETENES Y SEGUROS,4
309-1190000CO,SEGURO XCARET C/PERNO P/VIDRIO CROMADO,PZA,True,0,0,0,24,"HERRALUM INDUSTRIAL, S.A. DE C.V.",HERRAJES,HERRAJES,ESCUADRAS RESBALONES RETENES Y SEGUROS,4
309-1190000SA,SEGURO XCARET C/PERNO P/VIDRIO SATINADO,PZA,True,1,0,0,14,"HERRALUM INDUSTRIAL, S.A. DE C.V.",HERRAJES,HERRAJES,ESCUADRAS RESBALONES RETENES Y SEGUROS,4
314-MX65224,ROLLO DE FELPA TECNO BLANCA DE 200 MTS,PZA,True,0,0,0,28,"ASSA ABLOY MEXICO, S.A. DE C.V.",HERRAJES,HERRAJES,FELPA,4
314-MX65226,ROLLO DE FELPA TECNO GRIS DE 200 MTS,PZA,True,0,0,0,55,"ASSA ABLOY MEXICO, S.A. DE C.V.",HERRAJES,HERRAJES,FELPA,4
314-MX65225,ROLLO DE FELPA TECNO NEGRA DE 200 MTS,PZA,True,-3,0,-3,78,"ASSA ABLOY MEXICO, S.A. DE C.V.",HERRAJES,HERRAJES,FELPA,4
802-MX66758,PISTON DE GAS BRUKEN  FUERZA DE 100N COLOR PLATA P/GAVETAS,PZA,True,34,0,0,0,"ASSA ABLOY MEXICO, S.A. DE C.V.",HERRAJES,HERRAJES,GAVETAS,4
802-MX66759,PISTON DE GAS BRUKEN  FUERZA DE 80N COLOR PLATA P/GAVETAS,PZA,True,54,0,0,0,BRUKEN INTERNACIONAL SA DE CV,HERRAJES,HERRAJES,GAVETAS,4
126-1380010SA,ABA CONECTOR GRAPA CON BASE PLANA VIDRIO 8-10 MM  SATINADO (724),PZA,True,3,0,0,21,"HERRALUM INDUSTRIAL, S.A. DE C.V.",HERRAJES,HERRAJES,HERRAJE P/VIDRIO,4
126-1380036200SA,ABA TAPA CURVA 50.8 MM AC INOX 304 MOD TF-505,PZA,True,-2,0,0,36,"HERRALUM INDUSTRIAL, S.A. DE C.V.",HERRAJES,HERRAJES,HERRAJE P/VIDRIO,4
320-430100306,ACC BROCA DE CARBURO DE TUNGSTENO DE 6MM 1/4 (10PZ),PZA,True,0,0,0,20,"CASA FERNANDEZ DEL SURESTE, S.A. DE C.V.",HERRAJES,HERRAJES,HERRAJE P/VIDRIO,4
320-430100310,"ACC BROCA P/VIDRIO DE CARBURO DE TUGSTENO DE 10,MM ) (10 PZAS)",PZA,True,0,0,0,11,"CASA FERNANDEZ DEL SURESTE, S.A. DE C.V.",HERRAJES,HERRAJES,HERRAJE P/VIDRIO,4
320-430100312,"ACC BROCA P/VIDRIO DE CARBURO DE TUGSTENO DE 12,MM ) (10 PZAS)",PZA,True,0,0,0,11,"CASA FERNANDEZ DEL SURESTE, S.A. DE C.V.",HERRAJES,HERRAJES,HERRAJE P/VIDRIO,4
320-430100303,"ACC BROCA P/VIDRIO DE CARBURO DE TUGSTENO DE 3,MM ) (10 PZAS)",PZA,True,0,0,0,17,"CASA FERNANDEZ DEL SURESTE, S.A. DE C.V.",HERRAJES,HERRAJES,HERRAJE P/VIDRIO,4
320-421100100,"BROCA 6,MM LARGO 5X12X60X8 PUNTA PARA COPIADORA FR222",PZA,True,0,0,0,9,"HERRALUM INDUSTRIAL, S.A. DE C.V.",HERRAJES,HERRAJES,HERRAJE P/VIDRIO,4
320-106B-2608550610,"BROCA DE DIAMANTE 15/32 P/CRISTAL, BOSCH 12 MM",PZA,False,0,0,0,0,"CASA FERNANDEZ DEL SURESTE, S.A. DE C.V.",HERRAJES,HERRAJES,HERRAJE P/VIDRIO,4
320-106B-2608550606,"BROCA DE DIAMANTE 15/64 P/CRISTAL, BOSCH 6 MM",PZA,True,0,0,0,2,"CASA FERNANDEZ DEL SURESTE, S.A. DE C.V.",HERRAJES,HERRAJES,HERRAJE P/VIDRIO,4
320-106B-2608550609,"BROCA DE DIAMANTE 3/8 P/CRISTAL, BOSCH 10 MM",PZA,True,0,0,0,1,"CASA FERNANDEZ DEL SURESTE, S.A. DE C.V.",HERRAJES,HERRAJES,HERRAJE P/VIDRIO,4
320-106B-2608550608,BROCA DE DIAMANTE 5/16 P/CRISTAL BOSCH 8 MM,PZA,False,0,0,0,0,"CASA FERNANDEZ DEL SURESTE, S.A. DE C.V.",HERRAJES,HERRAJES,HERRAJE P/VIDRIO,4
326-GN-230,CALZAS DE POLIAMIDA P-CARRETILLA S-150 S-10000,PZA,False,0,0,0,0,LA VIGA EXTRUSIONES,HERRAJES,HERRAJES,HERRAJE P/VIDRIO,4
326-87014038040NE,CALZAS DE PVC P/VIDRIO 1/4 X 3/8 DE 10 CMS NEGRO,PZA,True,0,0,0,187,"HERRALUM INDUSTRIAL, S.A. DE C.V.",HERRAJES,HERRAJES,HERRAJE P/VIDRIO,4
911JGO-PSCPG,JUEGO DE PIVOTE SUPERIOR CON PUNTO DE GIRO PTA ITALIA,PZA,False,0,0,0,0,"M INDUSTRIA, S.A. DE C.V.",HERRAJES,HERRAJES,HERRAJE P/VIDRIO,1
320-106B-2608190048,VENTOSA-GUIA DE CENTRADO  P/HUECOS DE 3/16 A 9/16 BOSCH,PZA,True,0,0,0,2,"CASA FERNANDEZ DEL SURESTE, S.A. DE C.V.",HERRAJES,HERRAJES,HERRAJE P/VIDRIO,4
317-VARI40,BISAGRA MURO /CRISTAL P/PTA TEMPLADA SATINADA,PZA,False,0,0,0,0,LA VIGA EXTRUSIONES,HERRAJES,HERRAJES,HERRAJES FIJACION,1
320-108500000-MT,CABLE ACERO INOXIDABLE HERRAJE JALISCO,MTS,True,0,0,0,90,"HERRALUM INDUSTRIAL, S.A. DE C.V.",HERRAJES,HERRAJES,HERRAJES FIJACION,4
320-MX67102,HERRAJE DE FIJACION BRUKEN VIDRIO A MURO 25 MM DIAMETRO Y 60 FIJ SATINADO,PZA,True,0,0,0,18,"ASSA ABLOY MEXICO, S.A. DE C.V.",HERRAJES,HERRAJES,HERRAJES FIJACION,4
320-BRK 205 32*50-SS,HERRAJE DE FIJACION BRUKEN VIDRIO A MURO 32 MM DIAMETRO Y 50 FIJA SATINADO,PZA,False,0,0,0,0,"ASSA ABLOY MEXICO, S.A. DE C.V.",HERRAJES,HERRAJES,HERRAJES FIJACION,4
320-1158016SA,HERRAJE DE FIJACION CHICO VIDRIO A MURO 19MM DIAMETRO X 16 LARGO,PZA,True,0,0,0,230,"HERRALUM INDUSTRIAL, S.A. DE C.V.",HERRAJES,HERRAJES,HERRAJES FIJACION,4
320-MX66117,HERRAJE DE FIJACION GALIER VIDRIO A MURO 30 X 50 MMM SATINADO (ZAMAC),PZA,True,0,0,0,17,"ASSA ABLOY MEXICO, S.A. DE C.V.",HERRAJES,HERRAJES,HERRAJES FIJACION,4
320-1458060SA,HERRAJE DE FIJACION LARGUITO VIDRIO A MURO 19 MM DIAMETRO X 60 MM (ZAMAC),PZA,False,0,0,0,0,"HERRALUM INDUSTRIAL, S.A. DE C.V.",HERRAJES,HERRAJES,HERRAJES FIJACION,4
320-1158060SA,HERRAJE DE FIJACION LARGUITO VIDRIO A MURO 19 MM DIAMETRO X 60 MM ACERO INOX,PZA,True,0,0,0,297,"HERRALUM INDUSTRIAL, S.A. DE C.V.",HERRAJES,HERRAJES,HERRAJES FIJACION,4
320-1158038SA,HERRAJE DE FIJACION MEDIANO VIDRIO A MURO 19 MM DIAMETRO X 38 MM ACERO INOX,PZA,True,0,0,0,130,"HERRALUM INDUSTRIAL, S.A. DE C.V.",HERRAJES,HERRAJES,HERRAJES FIJACION,4
320-1130000NE,HERRAJE DE FIJACION VIDRIO A MURO 32MM DIAMETRO Y 50MM SUJECION NEGRO,PZA,True,0,0,0,40,"HERRALUM INDUSTRIAL, S.A. DE C.V.",HERRAJES,HERRAJES,HERRAJES FIJACION,4
320-1130000SA,HERRAJE DE FIJACION VIDRIO A MURO 32MM DIAMETRO Y 50MM SUJECION SATINADO,PZA,True,0,0,0,89,"HERRALUM INDUSTRIAL, S.A. DE C.V.",HERRAJES,HERRAJES,HERRAJES FIJACION,4
320-107800000,HERRAJE JALISCO SOPORTE INTERMEDIO SENCILLO,PZA,True,0,0,0,29,"HERRALUM INDUSTRIAL, S.A. DE C.V.",HERRAJES,HERRAJES,HERRAJES FIJACION,4
320-108100000,HERRAJES JALISCO BASE MOVIBLE SUPERIOR MOD GS-700,PZA,True,0,0,0,36,"HERRALUM INDUSTRIAL, S.A. DE C.V.",HERRAJES,HERRAJES,HERRAJES FIJACION,4
911-GD40-SS-920010,PIVOTE GIRO ANTEPECHO FIJO LATERAL SATINADO P/CRISTAL TEMPL (GD40),PZA,True,0,0,0,5,"M INDUSTRIA, S.A. DE C.V.",HERRAJES,HERRAJES,HERRAJES FIJACION,4
320-430100200,ACC DISCO DE OXIDO DE ALUMINIO P/CORTE,PZA,True,0,0,0,28,"HERRALUM INDUSTRIAL, S.A. DE C.V.",HERRAJES,HERRAJES,HERRAMIENTAS,4
320-430100100,"ACC JUEGO DE 8 LLAVES ALLEN CON MANGO ""T""  HERRALUM",PZA,True,0,0,0,13,"HERRALUM INDUSTRIAL, S.A. DE C.V.",HERRAJES,HERRAJES,HERRAMIENTAS,4
992-130-03988,BANDA DE LIJA FANDELI G-060 3 X 21 P/VIDRIO (GRUESO),PZA,True,0,0,-3,139,CASA GALVAN TODO PARA VIDRIO SA DE CV,HERRAJES,HERRAJES,HERRAMIENTAS,4
992-W98-101X0610G080,BANDA DE LIJA FANDELI G-080 4 X 24 P/VIDRIO (GRUESA),PZA,True,0,0,0,220,CASA GALVAN TODO PARA VIDRIO SA DE CV,HERRAJES,HERRAJES,HERRAMIENTAS,4
992-W98-076X0533G100,BANDA DE LIJA FANDELI G-100 3 X 21 P/VIDRIO MEDIANA 2,PZA,True,0,0,0,0,CASA GALVAN TODO PARA VIDRIO SA DE CV,HERRAJES,HERRAJES,HERRAMIENTAS,4
992-130-04525,BANDA DE LIJA FANDELI G-120 3 X 21 P/VIDRIO (MEDIANA),PZA,True,0,0,-3,184,CASA GALVAN TODO PARA VIDRIO SA DE CV,HERRAJES,HERRAJES,HERRAMIENTAS,4
992-W98-101X0610G220,BANDA DE LIJA FANDELI G-220 4 X 24 P/VIDRIO (MEDIANO),PZA,True,0,0,0,246,CASA GALVAN TODO PARA VIDRIO SA DE CV,HERRAJES,HERRAJES,HERRAMIENTAS,4
992-130-11475,BANDA DE LIJA FANDELI G-400 3 X 21 P/VIDRIO (FINO),PZA,True,0,0,-3,19,CASA GALVAN TODO PARA VIDRIO SA DE CV,HERRAJES,HERRAJES,HERRAMIENTAS,4
992-W98-101X0610G400,BANDA DE LIJA FANDELI G-400 4 X 24 P/VIDRIO (FINO),PZA,True,0,0,0,233,CASA GALVAN TODO PARA VIDRIO SA DE CV,HERRAJES,HERRAJES,HERRAMIENTAS,4
320-106B-2608901460,BROCA MULTICONSTRUCCION  HEXAGONAL 1/4 LARGA BOSCH CONCRETO/ALUMINIO,PZA,True,0,0,0,77,"CASA FERNANDEZ DEL SURESTE, S.A. DE C.V.",HERRAJES,HERRAJES,HERRAMIENTAS,4
320-106B-2608588076,BROCA MULTICONSTRUCCION 1/4 LARGA BOSCH CONCRETO/ALUMINIO,PZA,False,0,0,0,0,"CASA FERNANDEZ DEL SURESTE, S.A. DE C.V.",HERRAJES,HERRAJES,HERRAMIENTAS,1
901-106B-2608571091,BROQUERO 1/2 X 1/2 C/LLAVE BOSCH,PZA,True,0,0,0,4,"CASA FERNANDEZ DEL SURESTE, S.A. DE C.V.",HERRAJES,HERRAJES,HERRAMIENTAS,4
901-106B-1608571062,"BROQUERO 1/2 X 1/2"" 20 UNF HECHO EN ALEMANIA",PZA,False,0,0,0,0,"CASA FERNANDEZ DEL SURESTE, S.A. DE C.V.",HERRAJES,HERRAJES,HERRAMIENTAS,1
992-A0134,BUMPER GOTA CHICA,PZA,False,0,0,0,0,CASA GALVAN TODO PARA VIDRIO SA DE CV,HERRAJES,HERRAJES,HERRAMIENTAS,1
992-A0255,BUMPER GOTA MEDIANO,PZA,True,0,0,0,247,CASA GALVAN TODO PARA VIDRIO SA DE CV,HERRAJES,HERRAJES,HERRAMIENTAS,4
320-A0185,CHUPON TRANSPARENTE P/MESA GRANDE,PZA,True,0,0,0,192,CASA GALVAN TODO PARA VIDRIO SA DE CV,HERRAJES,HERRAJES,HERRAMIENTAS,4
320-BO 514 0,CORTA CIRCULOS 1.20 MTS DIAMETRO SILBERSCHNITT,PZA,True,0,0,0,5,CASA GALVAN TODO PARA VIDRIO SA DE CV,HERRAJES,HERRAJES,HERRAMIENTAS,4
320-BO 516 0,CORTA CIRCULOS 2.00 MTS DIAMETRO SILBERSCHNITT,PZA,True,0,0,0,0,CASA GALVAN TODO PARA VIDRIO SA DE CV,HERRAJES,HERRAJES,HERRAMIENTAS,4
320-MX66016,CORTA CIRCULOS BRUKEN BRK7200 DE 2.00 MTS DIAMETRO,PZA,True,0,0,0,5,"ASSA ABLOY MEXICO, S.A. DE C.V.",HERRAJES,HERRAJES,HERRAMIENTAS,4
320-ASCV1015A-CRA,CORTADOR DE REPUESTO P/KIT CORTA BOTELLAS,PZA,True,0,0,0,4,CASA GALVAN TODO PARA VIDRIO SA DE CV,HERRAJES,HERRAJES,HERRAMIENTAS,4
320-104C-AL0018,CORTAVIDRIO MARCA SILVERSCHNITT,PZA,True,-2,0,0,139,"CASA FERNANDEZ DEL SURESTE, S.A. DE C.V.",HERRAJES,HERRAJES,HERRAMIENTAS,4
321-DP-1/4X6B,DESARMADOR DE CRUZ MANGO BICOLOR DE 1/4 X 6 TRUPER,PZA,True,0,0,0,13,"CASA FERNANDEZ DEL SURESTE, S.A. DE C.V.",HERRAJES,HERRAJES,HERRAMIENTAS,4
321-DR-5/16X6,DESARMADOR PLANO DE BARRA TRUPER 5/16,PZA,True,0,0,0,10,"CASA FERNANDEZ DEL SURESTE, S.A. DE C.V.",HERRAJES,HERRAJES,HERRAMIENTAS,4
320-131-NF1218B,FILO DE SEGUETA BIMETALICA 18D POL NICHOLSON,PZA,True,0,0,0,107,"CASA FERNANDEZ DEL SURESTE, S.A. DE C.V.",HERRAJES,HERRAJES,HERRAMIENTAS,4
320-041812,FILO DE SEGUETA MANUAL HECORT 18 DIENTES BIMETAL,PZA,False,0,0,0,0,"CASA FERNANDEZ DEL SURESTE, S.A. DE C.V.",HERRAJES,HERRAJES,HERRAMIENTAS,4
320-MH-1812,FILO DE SEGUETA NICHOLSON,PZA,False,0,0,0,0,"CASA FERNANDEZ DEL SURESTE, S.A. DE C.V.",HERRAJES,HERRAJES,HERRAMIENTAS,4
320-158-SBI-18,FILO DE SEGUETA TRUPER BI-METAL 12 /18 DPP MODSBI-18,PZA,True,0,0,0,142,"CASA FERNANDEZ DEL SURESTE, S.A. DE C.V.",HERRAJES,HERRAJES,HERRAMIENTAS,4
321-PRO-5MEC,FLEXOMETRO DE 5 MTS. (COLORES) PRETUL,PZA,True,0,0,0,18,"CASA FERNANDEZ DEL SURESTE, S.A. DE C.V.",HERRAJES,HERRAJES,HERRAMIENTAS,4
321-106B-601-072-W00,FLEXOMETRO NIVEL LASER GLM 25-23 BOSCH,PZA,True,0,0,0,1,"CASA FERNANDEZ DEL SURESTE, S.A. DE C.V.",HERRAJES,HERRAJES,HERRAMIENTAS,4
321-106S-16-111,"FORMON SERIE 5000 3/4"" ANCHO -HOJA (19MM) STANLEY",PZA,True,0,0,0,6,"CASA FERNANDEZ DEL SURESTE, S.A. DE C.V.",HERRAJES,HERRAJES,HERRAMIENTAS,4
320-KIT-CTABOTELLA,KIT CORTA BOTELLAS,KIT,True,0,0,0,1,CASA GALVAN TODO PARA VIDRIO SA DE CV,HERRAJES,HERRAJES,HERRAMIENTAS,4
321-FB-6,"LIMA PLANA BASTARDA 6"" MOD FB-6 NICHOLSON",PZA,True,0,0,0,29,"CASA FERNANDEZ DEL SURESTE, S.A. DE C.V.",HERRAJES,HERRAJES,HERRAMIENTAS,4
321-FB-8,"LIMA PLANA BASTARDA 8"" MOD FB-6 NICHOLSON",PZA,True,0,0,0,42,"CASA FERNANDEZ DEL SURESTE, S.A. DE C.V.",HERRAJES,HERRAJES,HERRAMIENTAS,4
321-RB-8,"LIMA REDONDA BASTARDA 8"" NICHOLSON",PZA,True,0,0,0,38,"CASA FERNANDEZ DEL SURESTE, S.A. DE C.V.",HERRAJES,HERRAJES,HERRAMIENTAS,4
126-MX66488,LIMPIADOR SUPER OFF VT ANTI SARRO,PZA,True,0,0,0,11,"ASSA ABLOY MEXICO, S.A. DE C.V.",HERRAJES,HERRAJES,HERRAMIENTAS,4
320-A0621,MUÑEQUERA SENCILLA C/OJILLOS,PZA,True,0,0,0,58,CASA GALVAN TODO PARA VIDRIO SA DE CV,HERRAJES,HERRAJES,HERRAMIENTAS,4
320-189-3376,PIEDRA P/PULIR 9 X 1 1/2 X 1/2 MCA/CARBORUNDUM,PZA,True,0,0,0,20,"CASA FERNANDEZ DEL SURESTE, S.A. DE C.V.",HERRAJES,HERRAJES,HERRAMIENTAS,4
320-2012-08.0,"PINZA ABRE CORTE 8"" DE 0 A 8 MM C/TORNILLO FIJADOR ASI",PZA,True,0,0,0,9,CASA GALVAN TODO PARA VIDRIO SA DE CV,HERRAJES,HERRAJES,HERRAMIENTAS,4
"320-RC245-9""","PINZA ABRECORTE TAIWAN RC245-9"" PPG1 VIDRIO DE 0 A 19 MM",PZA,True,0,0,0,4,CASA GALVAN TODO PARA VIDRIO SA DE CV,HERRAJES,HERRAJES,HERRAMIENTAS,4
321-177-0102L3,PINZA DE PRESION QUIJADA RECTA DE 10,PZA,False,0,0,0,0,"CASA FERNANDEZ DEL SURESTE, S.A. DE C.V.",HERRAJES,HERRAJES,HERRAMIENTAS,4
320-I088,PINZAS PARA ABRIR CORTE,PZA,True,0,0,0,0,CASA GALVAN TODO PARA VIDRIO SA DE CV,HERRAJES,HERRAJES,HERRAMIENTAS,4
320-I089,PINZAS PARA REVABEO,PZA,True,0,0,0,0,CASA GALVAN TODO PARA VIDRIO SA DE CV,HERRAJES,HERRAJES,HERRAMIENTAS,4
901-601-867-1G1,ROTOMARTILLO / ATORNILLADOR GSB 18V BAT 2.0 AH BOSCH,PZA,False,0,0,0,0,"CASA FERNANDEZ DEL SURESTE, S.A. DE C.V.",HERRAJES,HERRAJES,HERRAMIENTAS,1
901-601-617-763,ROUTER 1440W DE 2 1/4 HP DE 8000 A 25000RPM BOSCH,PZA,False,0,0,0,0,"CASA FERNANDEZ DEL SURESTE, S.A. DE C.V.",HERRAJES,HERRAJES,HERRAMIENTAS,4
971-1DW-DWS713-B3,SIERRA DE INGLETE 10^ 15 AMP 5000RPM DEWALT,PZA,True,0,0,0,1,"CASA FERNANDEZ DEL SURESTE, S.A. DE C.V.",HERRAJES,HERRAJES,HERRAMIENTAS,4
302-126I-2011A-BR,"JALADERA AUTOM EMBUTIR 2"" CAFE",PZA,True,10,0,0,0,"CASA FERNANDEZ DEL SURESTE, S.A. DE C.V.",HERRAJES,HERRAJES,JALADERAS,1
302-126I-2011A-BL,"JALADERA AUTOM EMBUTIR 2"" INMAN BLANCO",PZA,True,0,0,0,82,"CASA FERNANDEZ DEL SURESTE, S.A. DE C.V.",HERRAJES,HERRAJES,JALADERAS,4
320-MX66677,"JALADERA BRUKEN ""H"" HUECA 12 CMS ACERO INOXIDABLE P/MUEBLE",PZA,True,0,0,0,270,"ASSA ABLOY MEXICO, S.A. DE C.V.",HERRAJES,HERRAJES,JALADERAS,4
320-MX66678,"JALADERA BRUKEN ""H"" HUECA 15 CMS ACERO INOXIDABLE P/MUEBLES",PZA,True,0,0,0,227,"ASSA ABLOY MEXICO, S.A. DE C.V.",HERRAJES,HERRAJES,JALADERAS,4
320-MX66187,JALADERA BRUKEN TOALLERO BRK 337 SATINADA,PZA,True,0,0,0,8,"ASSA ABLOY MEXICO, S.A. DE C.V.",HERRAJES,HERRAJES,JALADERAS,4
320-MX67268,JALADERA BRUKEN TOALLERO BRK 7657 NEGRA,PZA,True,0,0,0,8,"ASSA ABLOY MEXICO, S.A. DE C.V.",HERRAJES,HERRAJES,JALADERAS,4
302-2182000CB,"JALADERA EMBUTIR 3"" T/ESPAÑOLA CHAMP MATE HERRALUM",PZA,True,0,0,0,100,"HERRALUM INDUSTRIAL, S.A. DE C.V.",HERRAJES,HERRAJES,JALADERAS,4
320-MX6845,"JALADERA PHILLIPS ""H"" HUECA 12 CMS NEGRA P/MUEBLE",PZA,True,0,0,0,52,"ASSA ABLOY MEXICO, S.A. DE C.V.",HERRAJES,HERRAJES,JALADERAS,4
320-MX6846,"JALADERA PHILLIPS ""H"" HUECA 15 CMS NEGRA P/MUEBLE",PZA,True,0,0,0,7,"ASSA ABLOY MEXICO, S.A. DE C.V.",HERRAJES,HERRAJES,JALADERAS,4
320-MX6839,"JALADERA PHILLIPS ""H"" HUECA 22 CMS NEGRA P/MUEBLE",PZA,True,0,0,0,86,"ASSA ABLOY MEXICO, S.A. DE C.V.",HERRAJES,HERRAJES,JALADERAS,4
320-MX67270,"JALADERA TIPO ""H"" DE 0.45 CON 30 CENTRO/CENTRO NEGRA BRUKEN",PZA,True,0,0,0,19,"ASSA ABLOY MEXICO, S.A. DE C.V.",HERRAJES,HERRAJES,JALADERAS,4
302-JALA506,JUEGO MANILLA C. ESC. RECUP BLANCA 1408-80 S-6400,PZA,False,0,0,0,0,LA VIGA EXTRUSIONES,HERRAJES,HERRAJES,JALADERAS,1
301-1382083NE,MANILLA EOS DE ALUMINIO C/LLAVEINTEREJE 43MM MOD 0511A-37 NEGRA,PZA,True,0,0,0,9,"HERRALUM INDUSTRIAL, S.A. DE C.V.",HERRAJES,HERRAJES,JALADERAS,4
300-1382082NE,MANILLA EOS DE ALUMINIO S/LLAVE INTEREJE 43MM MOD 0510A-37 NEGRA,PZA,True,0,0,0,20,"HERRALUM INDUSTRIAL, S.A. DE C.V.",HERRAJES,HERRAJES,JALADERAS,4
320-PSIS-VER,PISTOLA CALAFATEADORA SISTA VERDE,PZA,False,0,0,0,0,"ARBI INDUSTRIAL, S A DE C.V.",HERRAJES,HERRAJES,JALADERAS ESPECIALES,1
971-420300000,COPIADORA ROUTER YILMAZ PORTATIL MOD FR222,PZA,True,0,0,0,0,"HERRALUM INDUSTRIAL, S.A. DE C.V.",HERRAJES,HERRAJES,MAQUINARIA,4
971-420200000,SIERRA PORTATIL YILMAZ CORTE INGLETE MOD KY305,PZA,True,0,0,0,0,"HERRALUM INDUSTRIAL, S.A. DE C.V.",HERRAJES,HERRAJES,MAQUINARIA,4
305-2053015BL,MENSULA DE 0.15 MTS. ANODIZADO BLANCO,PZA,True,0,0,0,0,"HERRALUM INDUSTRIAL, S.A. DE C.V.",HERRAJES,HERRAJES,MENSULAS,4
305-2053015E2,MENSULA DE 0.15 MTS. ANODIZADO CAFE,PZA,True,0,0,0,46,"HERRALUM INDUSTRIAL, S.A. DE C.V.",HERRAJES,HERRAJES,MENSULAS,4
305-2053015NA,MENSULA DE 0.15 MTS. ANODIZADO NATURAL,PZA,True,0,0,0,84,"HERRALUM INDUSTRIAL, S.A. DE C.V.",HERRAJES,HERRAJES,MENSULAS,4
305-2053020BL,MENSULA DE 0.20 MTS. ANODIZADO BLANCO,PZA,True,0,0,0,152,"HERRALUM INDUSTRIAL, S.A. DE C.V.",HERRAJES,HERRAJES,MENSULAS,4
305-2053020E2,MENSULA DE 0.20 MTS. ANODIZADO CAFE,PZA,True,0,0,0,22,"HERRALUM INDUSTRIAL, S.A. DE C.V.",HERRAJES,HERRAJES,MENSULAS,4
305-2053020NA,MENSULA DE 0.20 MTS. ANODIZADO NATURAL,PZA,True,0,0,0,100,"HERRALUM INDUSTRIAL, S.A. DE C.V.",HERRAJES,HERRAJES,MENSULAS,4
305-2053025BL,MENSULA DE 0.25 MTS. ANODIZADO BLANCO,PZA,True,0,0,0,120,"HERRALUM INDUSTRIAL, S.A. DE C.V.",HERRAJES,HERRAJES,MENSULAS,4
305-2053025E2,MENSULA DE 0.25 MTS. ANODIZADO CAFE,PZA,True,0,0,0,44,"HERRALUM INDUSTRIAL, S.A. DE C.V.",HERRAJES,HERRAJES,MENSULAS,4
305-2053025NA,MENSULA DE 0.25 MTS. ANODIZADO NATURAL,PZA,True,0,0,0,145,"HERRALUM INDUSTRIAL, S.A. DE C.V.",HERRAJES,HERRAJES,MENSULAS,4
305-2053030BL,MENSULA DE 0.30 MTS. ANODIZADO BLANCO,PZA,True,0,0,0,51,"HERRALUM INDUSTRIAL, S.A. DE C.V.",HERRAJES,HERRAJES,MENSULAS,4
305-2053030E2,MENSULA DE 0.30 MTS. ANODIZADO CAFE,PZA,True,0,0,0,28,"HERRALUM INDUSTRIAL, S.A. DE C.V.",HERRAJES,HERRAJES,MENSULAS,4
305-2053030NA,MENSULA DE 0.30 MTS. ANODIZADO NATURAL,PZA,True,0,0,0,47,"HERRALUM INDUSTRIAL, S.A. DE C.V.",HERRAJES,HERRAJES,MENSULAS,4
309-204404500-MT,CADENA DE BOLA NIQUELADA DE 4.5 MM,MTS,True,35,0,-28,25,"HERRALUM INDUSTRIAL, S.A. DE C.V.",HERRAJES,HERRAJES,OPERADORES,4
309-210600000,CANDADO P/OPERADOR ECONOMICO HERRALUM,PZA,True,0,0,0,0,"HERRALUM INDUSTRIAL, S.A. DE C.V.",HERRAJES,HERRAJES,OPERADORES,4
309-1143DERNE,OPERADOR BRAZO OCULTO LARGO DE PROYECCION DERECHO NEGRO,PZA,True,0,0,0,17,"HERRALUM INDUSTRIAL, S.A. DE C.V.",HERRAJES,HERRAJES,OPERADORES,4
309-1143IZQNE,OPERADOR BRAZO OCULTO LARGO DE PROYECCION IZQUIERDO NEGRO,PZA,True,0,0,0,16,"HERRALUM INDUSTRIAL, S.A. DE C.V.",HERRAJES,HERRAJES,OPERADORES,4
309-1141DERBL,OPERADOR DE BRAZO BLANCO DERECHO HERRALUM,PZA,True,0,0,0,64,"HERRALUM INDUSTRIAL, S.A. DE C.V.",HERRAJES,HERRAJES,OPERADORES,4
309-OPBRLA-ABL,OPERADOR DE BRAZO BLANCO DERECHO TECNO,PZA,False,0,0,0,0,"ASSA ABLOY MEXICO, S.A. DE C.V.",HERRAJES,HERRAJES,OPERADORES,1
309-1141IZQBL,OPERADOR DE BRAZO BLANCO IZQUIERDO HERRALUM,PZA,True,0,0,0,77,"HERRALUM INDUSTRIAL, S.A. DE C.V.",HERRAJES,HERRAJES,OPERADORES,4
309-OPBRALA-ABLI,OPERADOR DE BRAZO BLANCO IZQUIERDO TECNO,PZA,False,0,0,0,0,"ASSA ABLOY MEXICO, S.A. DE C.V.",HERRAJES,HERRAJES,OPERADORES,1
309-126J-OD3,OPERADOR DE BRAZO CAFE DERECHO DAWH,PZA,False,0,0,0,0,"CASA FERNANDEZ DEL SURESTE, S.A. DE C.V.",HERRAJES,HERRAJES,OPERADORES,4
309-1141DERCB,OPERADOR DE BRAZO CHAMPAGNE PULIDO DERECHO HERRALUM,PZA,True,0,0,0,85,"HERRALUM INDUSTRIAL, S.A. DE C.V.",HERRAJES,HERRAJES,OPERADORES,4
309-1141IZQCB,OPERADOR DE BRAZO CHAMPAGNE PULIDO IZQUIERDO HERRALUM,PZA,True,0,0,0,67,"HERRALUM INDUSTRIAL, S.A. DE C.V.",HERRAJES,HERRAJES,OPERADORES,4
329-OD1,OPERADOR DE BRAZO LARGO DERECHO DAWH NATURAL,PZA,False,0,0,0,0,"CASA FERNANDEZ DEL SURESTE, S.A. DE C.V.",HERRAJES,HERRAJES,OPERADORES,4
329-OI1,OPERADOR DE BRAZO LARGO IZQUIERDO DAWH NATURAL,PZA,False,0,0,0,0,"CASA FERNANDEZ DEL SURESTE, S.A. DE C.V.",HERRAJES,HERRAJES,OPERADORES,4
309-1141DERGR,OPERADOR DE BRAZO NATURAL DERECHO HERRALUM,PZA,True,2,0,0,38,"HERRALUM INDUSTRIAL, S.A. DE C.V.",HERRAJES,HERRAJES,OPERADORES,4
309-1141IZQGR,OPERADOR DE BRAZO NATURAL IZQUIERDO HERRALUM,PZA,True,1,0,0,68,"HERRALUM INDUSTRIAL, S.A. DE C.V.",HERRAJES,HERRAJES,OPERADORES,4
309-1141DERNE,OPERADOR DE BRAZO NEGRO DERECHO HERRALUM,PZA,True,0,0,-4,70,"HERRALUM INDUSTRIAL, S.A. DE C.V.",HERRAJES,HERRAJES,OPERADORES,4
309-1141IZQNE,OPERADOR DE BRAZO NEGRO IZQUIERDO HERRALUM,PZA,True,0,0,0,60,"HERRALUM INDUSTRIAL, S.A. DE C.V.",HERRAJES,HERRAJES,OPERADORES,4
309-1042000BL,OPERADOR DE GARRUCHA BLANCO HERRALUM,PZA,True,0,0,0,115,"HERRALUM INDUSTRIAL, S.A. DE C.V.",HERRAJES,HERRAJES,OPERADORES,4
309-1042000CA,OPERADOR DE GARRUCHA CAFE HERRALUM,PZA,False,0,0,0,0,"HERRALUM INDUSTRIAL, S.A. DE C.V.",HERRAJES,HERRAJES,OPERADORES,4
309-1042000GR,OPERADOR DE GARRUCHA NATURAL HERRALUM,PZA,True,0,0,0,58,"HERRALUM INDUSTRIAL, S.A. DE C.V.",HERRAJES,HERRAJES,OPERADORES,4
309-1042000NE,OPERADOR DE GARRUCHA NEGRO HERRALUM,PZA,True,3,0,-4,99,"HERRALUM INDUSTRIAL, S.A. DE C.V.",HERRAJES,HERRAJES,OPERADORES,4
309-OPMA-ADK,OPERADOR DE MARIPOZA TECNO CAFE,PZA,False,0,0,0,0,"TECNO EXTRUSIONES, S.A. DE C.V.",HERRAJES,HERRAJES,OPERADORES,1
309-2047DERBL,OPERADOR ECONOMICO BLANCO DERECHO,PZA,True,0,0,0,0,"HERRALUM INDUSTRIAL, S.A. DE C.V.",HERRAJES,HERRAJES,OPERADORES,4
309-2047IZQBL,OPERADOR ECONOMICO BLANCO IZQUIERDO,PZA,True,0,0,0,0,"HERRALUM INDUSTRIAL, S.A. DE C.V.",HERRAJES,HERRAJES,OPERADORES,4
309-2047DERE2,OPERADOR ECONOMICO CAFE DERECHO,PZA,True,0,0,0,0,"HERRALUM INDUSTRIAL, S.A. DE C.V.",HERRAJES,HERRAJES,OPERADORES,4
309-2047IZQE2,OPERADOR ECONOMICO CAFE IZQUIERDO,PZA,True,0,0,0,0,"HERRALUM INDUSTRIAL, S.A. DE C.V.",HERRAJES,HERRAJES,OPERADORES,4
309-2047DERNA,OPERADOR ECONOMICO NATURAL DERECHO,PZA,True,0,0,0,0,"HERRALUM INDUSTRIAL, S.A. DE C.V.",HERRAJES,HERRAJES,OPERADORES,4
309-2047IZQNA,OPERADOR ECONOMICO NATURAL IZQUIERDO,PZA,True,0,0,0,0,"HERRALUM INDUSTRIAL, S.A. DE C.V.",HERRAJES,HERRAJES,OPERADORES,4
309-1142000NE,OPERADOR HERRAMATIC C/ACCESORIOS P/VENTANA NEGRO,PZA,True,0,0,0,2,"HERRALUM INDUSTRIAL, S.A. DE C.V.",HERRAJES,HERRAJES,OPERADORES,4
309-1040000BL,OPERADOR MARIPOZA HERRALUM BLANCO,PZA,True,0,0,0,182,"HERRALUM INDUSTRIAL, S.A. DE C.V.",HERRAJES,HERRAJES,OPERADORES,4
309-1040000CA,OPERADOR MARIPOZA HERRALUM CAFE,PZA,True,0,0,0,0,"HERRALUM INDUSTRIAL, S.A. DE C.V.",HERRAJES,HERRAJES,OPERADORES,4
309-1040000GR,OPERADOR MARIPOZA HERRALUM NATURAL,PZA,True,0,0,0,50,"HERRALUM INDUSTRIAL, S.A. DE C.V.",HERRAJES,HERRAJES,OPERADORES,4
309-1040000NE,OPERADOR MARIPOZA HERRALUM NEGRO,PZA,True,0,0,0,121,"HERRALUM INDUSTRIAL, S.A. DE C.V.",HERRAJES,HERRAJES,OPERADORES,4
309-204404500,ROLLO CADENA DE BOLA NIQUELADA DE 4.5 MM (50 MTS),PZA,True,0,0,0,3,"HERRALUM INDUSTRIAL, S.A. DE C.V.",HERRAJES,HERRAJES,OPERADORES,4
304-2173000BL,PASADOR DE MAROMA DE ZAMAC HERRALUM BLANCO,PZA,True,0,0,0,68,"HERRALUM INDUSTRIAL, S.A. DE C.V.",HERRAJES,HERRAJES,PASADORES,4
304-2173000CB,PASADOR DE MAROMA DE ZAMAC HERRALUM CHAMPAGNE PULIDO,PZA,True,0,0,0,10,"HERRALUM INDUSTRIAL, S.A. DE C.V.",HERRAJES,HERRAJES,PASADORES,4
304-2173000GR,PASADOR DE MAROMA DE ZAMAC HERRALUM NATURAL,PZA,True,-1,0,0,9,"HERRALUM INDUSTRIAL, S.A. DE C.V.",HERRAJES,HERRAJES,PASADORES,4
304-2173000NE,PASADOR DE MAROMA DE ZAMAC HERRALUM NEGRO,PZA,True,0,0,0,64,"HERRALUM INDUSTRIAL, S.A. DE C.V.",HERRAJES,HERRAJES,PASADORES,4
304-2173001BL,PASADOR DE MAROMA DESLIZAMIENTO PERNO SPIROL HERRALUM BLANCO,PZA,True,0,0,0,116,"HERRALUM INDUSTRIAL, S.A. DE C.V.",HERRAJES,HERRAJES,PASADORES,4
304-2173001GR,PASADOR DE MAROMA DESLIZAMIENTO PERNO SPIROL HERRALUM GRIS,PZA,True,2,0,0,30,"HERRALUM INDUSTRIAL, S.A. DE C.V.",HERRAJES,HERRAJES,PASADORES,4
304-2173001NE,PASADOR DE MAROMA DESLIZAMIENTO PERNO SPIROL HERRALUM NEGRO,PZA,True,0,0,0,0,"HERRALUM INDUSTRIAL, S.A. DE C.V.",HERRAJES,HERRAJES,PASADORES,4
304-PAMA-BL,PASADOR DE MAROMA TECNO BLANCO,PZA,False,0,0,0,0,"TECNO EXTRUSIONES, S.A. DE C.V.",HERRAJES,HERRAJES,PASADORES,1
304-PAMA-D2,PASADOR DE MAROMA TECNO CAFE,PZA,False,0,0,0,0,"TECNO EXTRUSIONES, S.A. DE C.V.",HERRAJES,HERRAJES,PASADORES,4
304-2175005BL,PASADOR ECONOMICO BLANCO HERRALUM,PZA,True,-1,0,0,856,"HERRALUM INDUSTRIAL, S.A. DE C.V.",HERRAJES,HERRAJES,PASADORES,4
304-2175005CA,PASADOR ECONOMICO CAFE HERRALUM,PZA,True,0,0,0,73,"HERRALUM INDUSTRIAL, S.A. DE C.V.",HERRAJES,HERRAJES,PASADORES,4
304-2175005CB,PASADOR ECONOMICO CHAMPAGNE,PZA,True,0,0,-1,296,"HERRALUM INDUSTRIAL, S.A. DE C.V.",HERRAJES,HERRAJES,PASADORES,4
304-2175005NO,PASADOR ECONOMICO MADERA NOGAL HERRALUM,PZA,True,1,0,0,242,"HERRALUM INDUSTRIAL, S.A. DE C.V.",HERRAJES,HERRAJES,PASADORES,4
304-2175005GR,PASADOR ECONOMICO NATURAL HERRALUM,PZA,True,0,0,0,441,"HERRALUM INDUSTRIAL, S.A. DE C.V.",HERRAJES,HERRAJES,PASADORES,4
301-2175005NE,PASADOR ECONOMICO NEGRO HERRALUM,PZA,True,0,0,-2,361,"HERRALUM INDUSTRIAL, S.A. DE C.V.",HERRAJES,HERRAJES,PASADORES,4
304-PASA84,PASADOR ESPECIAL LUJO 30 CMS E-200 INMAN NEGRO,PZA,True,0,0,0,10,LA VIGA EXTRUSIONES,HERRAJES,HERRAJES,PASADORES,4
304-132-001,PASADOR FRANCES DE 15 CMS.,PZA,True,0,0,0,65,"CASA FERNANDEZ DEL SURESTE, S.A. DE C.V.",HERRAJES,HERRAJES,PASADORES,4
304-132-002,PASADOR FRANCES DE 20 CMS.,PZA,True,0,0,0,54,"CASA FERNANDEZ DEL SURESTE, S.A. DE C.V.",HERRAJES,HERRAJES,PASADORES,4
304-132-003,PASADOR FRANCES DE 25 CMS.,PZA,True,0,0,0,52,"CASA FERNANDEZ DEL SURESTE, S.A. DE C.V.",HERRAJES,HERRAJES,PASADORES,4
304-132-004,PASADOR FRANCES DE 30 CMS.,PZA,True,0,0,0,24,"CASA FERNANDEZ DEL SURESTE, S.A. DE C.V.",HERRAJES,HERRAJES,PASADORES,4
304-MX132,PASADOR MODELO 35 C PHILLIPS CROMADO MX132,PZA,True,0,0,0,25,"ASSA ABLOY MEXICO, S.A. DE C.V.",HERRAJES,HERRAJES,PASADORES,4
304-35LA,PASADOR MODELO 35 C PHILLIPS LATON ANTIGUO,PZA,False,0,0,0,0,"CASA FERNANDEZ DEL SURESTE, S.A. DE C.V.",HERRAJES,HERRAJES,PASADORES,4
304-142-36 C,PASADOR MODELO 36 C PHILLIPS CROMADO,PZA,True,0,0,0,28,"CASA FERNANDEZ DEL SURESTE, S.A. DE C.V.",HERRAJES,HERRAJES,PASADORES,4
304-2192000BL,PASADOR MORELIA TIPO ROMBO ZAMAZ BLANCO,PZA,True,0,0,0,0,"HERRALUM INDUSTRIAL, S.A. DE C.V.",HERRAJES,HERRAJES,PASADORES,4
304-MX2603,PASADOR ROBUSTO DE SOBREPONER CON BOTON PHILLIPS 31 C CROMADO,PZA,True,4,0,0,22,"ASSA ABLOY MEXICO, S.A. DE C.V.",HERRAJES,HERRAJES,PASADORES,4
316-SOPNEG19,"SOPORTE P/PASAMANO, MURO A TUBO NEGRO",PZA,False,0,0,0,0,"CASA FERNANDEZ DEL SURESTE, S.A. DE C.V.",HERRAJES,HERRAJES,PASAMANO REDONDO,4
316-TAPTUB19,"TAPA BASE CURVA 2"" NEGRA PARA TUBO REDONDO DE 2""",PZA,True,0,0,0,20,DB HERRAJES SA DE CV,HERRAJES,HERRAJES,PASAMANO REDONDO,4
316-TAPTUBSAT,"TAPA BASE CURVA 2"" SATINADO PARA TUBO REDONDO DE 2""",PZA,True,0,0,0,0,DB HERRAJES SA DE CV,HERRAJES,HERRAJES,PASAMANO REDONDO,4
308-217400000,PIVOTE CENTRADO INYECTADO EN ALUMINIO HERRALUM,PZA,True,0,0,0,28,"HERRALUM INDUSTRIAL, S.A. DE C.V.",HERRAJES,HERRAJES,PIVOTES,4
308-PICTE,PIVOTE CENTRADO TECNO,PZA,False,0,0,0,0,"ASESORIA TECNICA PENINSULAR, S.A.",HERRAJES,HERRAJES,PIVOTES,1
308-PICE,PIVOTE CENTRADO ZAMAC INMAN,PZA,False,0,0,0,0,"ROBIN HERRAJES Y ACCESORIOS, S DE RL DE CV",HERRAJES,HERRAJES,PIVOTES,4
308-2032000E2,PIVOTE DESCENTRADO HERRALUM CAFE,PZA,True,0,0,0,-2,"HERRALUM INDUSTRIAL, S.A. DE C.V.",HERRAJES,HERRAJES,PIVOTES,4
308-2032000CB,PIVOTE DESCENTRADO HERRALUM CHAMPAGNE BRILLANTE,PZA,True,0,0,0,46,"HERRALUM INDUSTRIAL, S.A. DE C.V.",HERRAJES,HERRAJES,PIVOTES,4
308-2032000NO,PIVOTE DESCENTRADO HERRALUM MADERA NOGAL,PZA,True,0,0,-1,33,"HERRALUM INDUSTRIAL, S.A. DE C.V.",HERRAJES,HERRAJES,PIVOTES,4
308-2032000NA,PIVOTE DESCENTRADO HERRALUM NATURAL,PZA,False,0,0,0,0,"HERRALUM INDUSTRIAL, S.A. DE C.V.",HERRAJES,HERRAJES,PIVOTES,4
308-2032000NB,PIVOTE DESCENTRADO HERRALUM NATURAL PULIDO,PZA,True,0,0,0,67,"HERRALUM INDUSTRIAL, S.A. DE C.V.",HERRAJES,HERRAJES,PIVOTES,4
308-2032000NE,PIVOTE DESCENTRADO HERRALUM NEGRO,PZA,True,0,0,0,-14,"HERRALUM INDUSTRIAL, S.A. DE C.V.",HERRAJES,HERRAJES,PIVOTES,4
308-2032001BL,PIVOTE DESCENTRADO INY HERRALUM BLANCO,PZA,True,0,0,0,105,"HERRALUM INDUSTRIAL, S.A. DE C.V.",HERRAJES,HERRAJES,PIVOTES,4
308-2032001GR,PIVOTE DESCENTRADO INY HERRALUM NATURAL,PZA,True,0,0,0,103,"HERRALUM INDUSTRIAL, S.A. DE C.V.",HERRAJES,HERRAJES,PIVOTES,4
308-2032001NE,PIVOTE DESCENTRADO INY HERRALUM NEGRO,PZA,True,0,0,-1,97,"HERRALUM INDUSTRIAL, S.A. DE C.V.",HERRAJES,HERRAJES,PIVOTES,4
308-MX65445,PIVOTE DESCENTRADO TECNO BLANCO,PZA,False,0,0,0,0,"TECNO EXTRUSIONES, S.A. DE C.V.",HERRAJES,HERRAJES,PIVOTES,4
308-PIAL-ADK,PIVOTE DESCENTRADO TECNO CAFE,PZA,False,0,0,0,0,"TECNO EXTRUSIONES, S.A. DE C.V.",HERRAJES,HERRAJES,PIVOTES,1
308-PIAL-AN,PIVOTE DESCENTRADO TECNO NATURAL,PZA,False,0,0,0,0,"TECNO EXTRUSIONES, S.A. DE C.V.",HERRAJES,HERRAJES,PIVOTES,1
701-CPA2N710,CINTA NORTON SEPARADORA  V2208 1/4 X 1/4 DOBLE ACCION (ESTRUCTURAL) (15.25 MTS),PZA,True,0,0,0,8,LA VIGA EXTRUSIONES,HERRAJES,HERRAJES,POLICARBONATOS,4
701-CPA2N730,CINTA NORTON V2208 1/4 X 1/2 NEGRA  PENNS (ESTRUCTURAL) (15.25 MTS),PZA,True,0,0,0,7,LA VIGA EXTRUSIONES,HERRAJES,HERRAJES,POLICARBONATOS,4
701-CINT8,CINTA POLYTAPE VT-9504 1/8 X 1/2  PENNS BLANCO 25.90 MTS (POLICARBONATO),PZA,False,0,0,0,0,LA VIGA EXTRUSIONES,HERRAJES,HERRAJES,POLICARBONATOS,1
701-GT-918-30,CINTA SELLADORA ESPUMA PASENTAR VIDRIOS 1/8 X 1/4  30.50 MTS,PZA,False,0,0,0,0,LA VIGA EXTRUSIONES,HERRAJES,HERRAJES,POLICARBONATOS,1
303-MX143,RESBALON CROMADO PHILLIPS 46C,PZA,True,0,0,0,110,"ASSA ABLOY MEXICO, S.A. DE C.V.",HERRAJES,HERRAJES,RESBALONES,4
307-2084100BL,SELLAPOLVO AUTOMATICO BLANCO 1.00 MTS. HERRALUM,PZA,True,0,0,0,93,"HERRALUM INDUSTRIAL, S.A. DE C.V.",HERRAJES,HERRAJES,SELLAPOLVOS,4
307-2084120BL,SELLAPOLVO AUTOMATICO BLANCO 1.20 MTS HERRALUM,PZA,True,0,0,0,82,"HERRALUM INDUSTRIAL, S.A. DE C.V.",HERRAJES,HERRAJES,SELLAPOLVOS,4
307-2084100NA,SELLAPOLVO AUTOMATICO NATURAL 1.00 MTS. HERRALUM,PZA,True,0,0,0,101,"HERRALUM INDUSTRIAL, S.A. DE C.V.",HERRAJES,HERRAJES,SELLAPOLVOS,4
307-2084120NA,SELLAPOLVO AUTOMATICO NATURAL 1.20 MTS HERRALUM,PZA,True,0,0,0,96,"HERRALUM INDUSTRIAL, S.A. DE C.V.",HERRAJES,HERRAJES,SELLAPOLVOS,4
307-2084100E4,SELLAPOLVO AUTOMATICO NEGRO 1.00 MTS. HERRALUM,PZA,True,0,0,0,62,"HERRALUM INDUSTRIAL, S.A. DE C.V.",HERRAJES,HERRAJES,SELLAPOLVOS,4
307-2084120E4,SELLAPOLVO AUTOMATICO NEGRO 1.20 MTS HERRALUM,PZA,True,0,0,0,76,"HERRALUM INDUSTRIAL, S.A. DE C.V.",HERRAJES,HERRAJES,SELLAPOLVOS,4
307-2057100BL,SELLAPOLVO SENCILLO BLANCO 1.00 MTS.,PZA,True,0,0,-1,140,"HERRALUM INDUSTRIAL, S.A. DE C.V.",HERRAJES,HERRAJES,SELLAPOLVOS,4
307-2057120BL,SELLAPOLVO SENCILLO BLANCO 1.20 MTS.,PZA,True,0,0,0,172,"HERRALUM INDUSTRIAL, S.A. DE C.V.",HERRAJES,HERRAJES,SELLAPOLVOS,4
307-2057100E2,SELLAPOLVO SENCILLO CAFE 1.00 MTS.,PZA,False,0,0,0,0,"HERRALUM INDUSTRIAL, S.A. DE C.V.",HERRAJES,HERRAJES,SELLAPOLVOS,4
307-2057100CB,SELLAPOLVO SENCILLO CHAMPAGNE BRILLANTE 1.00 MTS,PZA,True,0,0,0,95,"HERRALUM INDUSTRIAL, S.A. DE C.V.",HERRAJES,HERRAJES,SELLAPOLVOS,4
307-2057120CB,SELLAPOLVO SENCILLO CHAMPAGNE BRILLANTE 1.20 MTS,PZA,True,0,0,0,117,"HERRALUM INDUSTRIAL, S.A. DE C.V.",HERRAJES,HERRAJES,SELLAPOLVOS,4
307-2057100NA,SELLAPOLVO SENCILLO NATURAL 1.00 MTS.,PZA,True,0,0,0,212,"HERRALUM INDUSTRIAL, S.A. DE C.V.",HERRAJES,HERRAJES,SELLAPOLVOS,4
307-2057120NA,SELLAPOLVO SENCILLO NATURAL 1.20 MTS.,PZA,True,1,0,0,114,"HERRALUM INDUSTRIAL, S.A. DE C.V.",HERRAJES,HERRAJES,SELLAPOLVOS,4
307-2057100E4,SELLAPOLVO SENCILLO NEGRO 1.00 MTS.,PZA,True,0,0,-1,108,"HERRALUM INDUSTRIAL, S.A. DE C.V.",HERRAJES,HERRAJES,SELLAPOLVOS,4
307-2057120E4,SELLAPOLVO SENCILLO NEGRO 1.20 MTS.,PZA,True,0,0,-1,93,"HERRALUM INDUSTRIAL, S.A. DE C.V.",HERRAJES,HERRAJES,SELLAPOLVOS,4
312-TAQU1,BOLSA DE TAQUETES AMKER 1/4 (100 PZAS) NEGROS,PZA,False,0,0,0,0,LA VIGA EXTRUSIONES,HERRAJES,HERRAJES,TAQUETES,1
312-TAJR-14,BOLSA DE TAQUETES JR DE ALTA FIJACION 1/4 (100 PZAS),PZA,True,-1,0,0,175,JR DE MEXICO,HERRAJES,HERRAJES,TAQUETES,4
320-2220000BL,JUEGO DE TITANES BLANCO MARCA HERRALUM,PZA,True,0,0,0,21,"HERRALUM INDUSTRIAL, S.A. DE C.V.",HERRAJES,HERRAJES,TITANES,4
320-TITAN,JUEGO DE TITANES NATURAL BRUKEN (BRK 901),PZA,False,0,0,0,0,"ASSA ABLOY MEXICO, S.A. DE C.V.",HERRAJES,HERRAJES,TITANES,1
320-2220000NA,JUEGO DE TITANES NATURAL MARCA HERRALUM,PZA,True,0,0,0,34,"HERRALUM INDUSTRIAL, S.A. DE C.V.",HERRAJES,HERRAJES,TITANES,4
320-2220000E4,JUEGO DE TITANES NEGRO MARCA HERRALUM,PZA,True,1,0,0,27,"HERRALUM INDUSTRIAL, S.A. DE C.V.",HERRAJES,HERRAJES,TITANES,4
320-2220000SA,JUEGO DE TITANES SATINADOS MARCA HERRALUM,PZA,True,0,0,0,49,"HERRALUM INDUSTRIAL, S.A. DE C.V.",HERRAJES,HERRAJES,TITANES,4
320-138500700,ACC AFLOJA TODO AEROSOL 296 ML (10 ONZAS),PZA,True,0,0,0,19,"HERRALUM INDUSTRIAL, S.A. DE C.V.",HERRAJES,HERRAJES,VARIOS,4
320-138500600,ACC CREMA HERRALUM ELIMINADORA GOTAS DE AGUA (300ML),PZA,True,0,0,0,31,"HERRALUM INDUSTRIAL, S.A. DE C.V.",HERRAJES,HERRAJES,VARIOS,4
320-138500800,ACC CRISTAL KLIN HERRALUM 600 ML,PZA,True,0,0,0,15,"HERRALUM INDUSTRIAL, S.A. DE C.V.",HERRAJES,HERRAJES,VARIOS,4
320-430100600-PZ,ACC LAPIZ DE CERA PARA CRISTAL,PZA,True,0,0,0,11,"HERRALUM INDUSTRIAL, S.A. DE C.V.",HERRAJES,HERRAJES,VARIOS,4
320-138500900,ACC REPELENTE DE AGUA HERRALUM 130 ML,PZA,True,0,0,0,18,"HERRALUM INDUSTRIAL, S.A. DE C.V.",HERRAJES,HERRAJES,VARIOS,4
901-113500000,AVELLANADOR DE CARBURO DE TUGSTENO HERRALUM,PZA,True,0,0,0,21,"HERRALUM INDUSTRIAL, S.A. DE C.V.",HERRAJES,HERRAJES,VARIOS,4
320-190-2402,BARRA ROJA PARA PULIR ALUMINIO,PZA,True,0,0,0,13,"CASA FERNANDEZ DEL SURESTE, S.A. DE C.V.",HERRAJES,HERRAJES,VARIOS,4
320-165-B-68775,BROCA P/CONCRETO LARGA BOSCH 1/4 X 6,PZA,False,0,0,0,0,"CASA FERNANDEZ DEL SURESTE, S.A. DE C.V.",HERRAJES,HERRAJES,VARIOS,4
320-216114400,BROCA P/CONCRETO LARGA HERRALUM 1/4 X 4,PZA,False,0,0,0,0,"HERRALUM INDUSTRIAL, S.A. DE C.V.",HERRAJES,HERRAJES,VARIOS,4
320-216114600,BROCA P/CONCRETO LARGA HERRALUM 1/4 X 6,PZA,False,0,0,0,0,"HERRALUM INDUSTRIAL, S.A. DE C.V.",HERRAJES,HERRAJES,VARIOS,4
303-125CH-3347,BROCHE MAGNETICO SENCILLO CAFE C/TORNILLO,PZA,True,0,0,0,183,"CASA FERNANDEZ DEL SURESTE, S.A. DE C.V.",HERRAJES,HERRAJES,VARIOS,4
320-430100600,CAJA DE LAPIZ DE CERA PARA CRISTAL (12PZ),CJA,True,0,0,0,20,"HERRALUM INDUSTRIAL, S.A. DE C.V.",HERRAJES,HERRAJES,VARIOS,4
701-1520018012100,CINTA POLYTAPE V820 DOBLE ADHESIVO 1/8X1/2X100CM P/POLICARBONATO 10 MTS,PZA,True,0,0,0,69,"HERRALUM INDUSTRIAL, S.A. DE C.V.",HERRAJES,HERRAJES,VARIOS,4
701-1563035005,CINTA SELLADORA DE SILICONA DE 35MM X 5MT TRANSP (5 MTS),PZA,True,0,0,0,26,"HERRALUM INDUSTRIAL, S.A. DE C.V.",HERRAJES,HERRAJES,VARIOS,4
701-1561025033,CINTA SOLIDA G3628 P/POLICARBONATO 25MM X 33MT,PZA,True,0,0,0,18,"HERRALUM INDUSTRIAL, S.A. DE C.V.",HERRAJES,HERRAJES,VARIOS,4
701-1562025033,CINTA VENTANA AD3528 P/POLICARBONATO 25MM X 33MT,PZA,True,0,0,0,18,"HERRALUM INDUSTRIAL, S.A. DE C.V.",HERRAJES,HERRAJES,VARIOS,4
320-158-CUT-6,CUTTER CUERPO PLASTICO 6 TRUPER,PZA,False,0,0,0,0,"CASA FERNANDEZ DEL SURESTE, S.A. DE C.V.",HERRAJES,HERRAJES,VARIOS,4
992-00890-200-11,DESOXIDANTE WURTH DE 300 ML ROST OFF,PZA,False,0,0,0,0,"WURTH MEXICO S,A, DE C,V,",HERRAJES,HERRAJES,VARIOS,4
320-154800000,ESPATULA P/APLICACION DE PELICULA MOD BW-6 HERRALUM,PZA,True,0,0,0,18,"HERRALUM INDUSTRIAL, S.A. DE C.V.",HERRAJES,HERRAJES,VARIOS,4
320-2079000BL,FIJA PUERTA (PATA DE CHIVA) BLANCO,PZA,False,0,0,0,0,"CASA FERNANDEZ DEL SURESTE, S.A. DE C.V.",HERRAJES,HERRAJES,VARIOS,1
320-2079000CA,FIJA PUERTA (PATA DE CHIVA) CAFE,PZA,False,0,0,0,0,"CASA FERNANDEZ DEL SURESTE, S.A. DE C.V.",HERRAJES,HERRAJES,VARIOS,1
320-2079000CO,FIJA PUERTA (PATA DE CHIVA) CROMADA,PZA,True,0,0,0,22,"HERRALUM INDUSTRIAL, S.A. DE C.V.",HERRAJES,HERRAJES,VARIOS,4
320-113700000,GARFIO CURVO Y CUTTER P/CORTE DE PLASTICO HERRALUM,PZA,True,0,0,0,29,"HERRALUM INDUSTRIAL, S.A. DE C.V.",HERRAJES,HERRAJES,VARIOS,4
992-00893-106,GRASA LIQUIDA WURTH DE 500 ML HHS 2000,PZA,False,0,0,0,0,"WURTH MEXICO S,A, DE C,V,",HERRAJES,HERRAJES,VARIOS,4
320-138500100,GUANTE HERRALUM DE ALGODÓN PALMA Y PULGAR DE LATEX AZUL (PAR),PZA,True,0,0,0,99,"HERRALUM INDUSTRIAL, S.A. DE C.V.",HERRAJES,HERRAJES,VARIOS,4
320-S033,GUANTE JAPONES CON LATEX COLOR AZUL (PAR),PZA,True,0,0,0,154,CASA GALVAN TODO PARA VIDRIO SA DE CV,HERRAJES,HERRAJES,VARIOS,4
320-A1472-LVU,LIMPIADOR TPV VIDRIOS USADOS 500 ML,PZA,False,0,0,0,0,CASA GALVAN TODO PARA VIDRIO SA DE CV,HERRAJES,HERRAJES,VARIOS,4
802-373.82.003,PISTON DE GAS 100N HAFELE,PZA,False,0,0,0,0,"CASA FERNANDEZ DEL SURESTE, S.A. DE C.V.",HERRAJES,HERRAJES,VARIOS,4
802-373.82.004,PISTON DE GAS 120N HAFELE,PZA,False,0,0,0,0,"CASA FERNANDEZ DEL SURESTE, S.A. DE C.V.",HERRAJES,HERRAJES,VARIOS,4
802-373.82.005,PISTON DE GAS 150N HAFELE,PZA,False,0,0,0,0,"CASA FERNANDEZ DEL SURESTE, S.A. DE C.V.",HERRAJES,HERRAJES,VARIOS,4
320-MX65022,POSICIONADOR PUERTA ABATIBLE BLANCO TECNO,PZA,True,0,0,0,12,"ASSA ABLOY MEXICO, S.A. DE C.V.",HERRAJES,HERRAJES,VARIOS,4
320-MX65023,POSICIONADOR PUERTA ABATIBLE NATURAL TECNO,PZA,True,0,0,0,14,"ASSA ABLOY MEXICO, S.A. DE C.V.",HERRAJES,HERRAJES,VARIOS,4
321-PI-0070,REMACHADORA BEARGRIP 810 COMPACT (CAJA AMARILLA),PZA,False,0,0,0,0,"ARTEFACTOS DE PRECISION, S.A. DE C.V.",HERRAJES,HERRAJES,VARIOS,1
321-0070-HR-705,REMACHADORA MANUAL HAND RIVETERS INDUX,PZA,True,0,0,0,0,INDUX SA DE CV,HERRAJES,HERRAJES,VARIOS,4
321-106500000,REMACHADORA PROFESIONAL HERRALMEX MOD 90 CON REMACHE,PZA,True,0,0,0,22,"HERRALUM INDUSTRIAL, S.A. DE C.V.",HERRAJES,HERRAJES,VARIOS,4
321-RE-9,REMACHADORA TRUPER PROFES BOQUILLA INTERCAMBIABLE,PZA,False,0,0,0,0,"CASA FERNANDEZ DEL SURESTE, S.A. DE C.V.",HERRAJES,HERRAJES,VARIOS,1
32-125CH-11662,ROLLO TELA CRIBA GALVANIZADA DE 0.90 MTS 30 MTS VEKER,ROLL,True,0,0,0,0,"CASA FERNANDEZ DEL SURESTE, S.A. DE C.V.",HERRAJES,HERRAJES,VARIOS,4
328-147-006-10,ROLLO TELA CRIBA GALVANIZADA DE 8 X 8 DE 0.90 MTS (10 MTS),ROLL,False,0,0,0,0,"CASA FERNANDEZ DEL SURESTE, S.A. DE C.V.",HERRAJES,HERRAJES,VARIOS,4
32-147-006-30,ROLLO TELA CRIBA GALVANIZADA DE 8 X 8 DE 0.90 MTS 30 MTS),ROLL,True,0,0,0,1,"CASA FERNANDEZ DEL SURESTE, S.A. DE C.V.",HERRAJES,HERRAJES,VARIOS,4
328-117-068,ROLLO TELA GALVANIZADA 0.28 MOSQUITERO DE 0.90 MTS (ZANCUDO),PZA,True,0,0,0,2,"CASA FERNANDEZ DEL SURESTE, S.A. DE C.V.",HERRAJES,HERRAJES,VARIOS,4
328-125CH-11662,ROLLO TELA GALVANIZADA MOSQUITERO VEKER REFPORZADA 0.90 MTS (ZANCUDO),PZA,False,0,0,0,0,"CASA FERNANDEZ DEL SURESTE, S.A. DE C.V.",HERRAJES,HERRAJES,VARIOS,4
320-A0250-SVN,SELLADOR TPV VIDRIOS NUEVOS 946 ML,PZA,True,0,0,0,0,CASA GALVAN TODO PARA VIDRIO SA DE CV,HERRAJES,HERRAJES,VARIOS,4
320-154800100,SHAMPOO NEUTRO HERRALUM P/INSTALAR PELICULAS,PZA,True,0,0,0,9,"HERRALUM INDUSTRIAL, S.A. DE C.V.",HERRAJES,HERRAJES,VARIOS,4
981-14349-11,TAPA PARA BASICO LINEA EUROVENT SERIE MC 450 NATURAL,PZA,False,0,0,0,0,LA VIGA EXTRUSIONES,HERRAJES,HERRAJES,VARIOS,4
302-VARI46,TAPON PARA BARRENO DE 3/8 BLANCO SUAVE INMAN,PZA,False,0,0,0,0,LA VIGA EXTRUSIONES,HERRAJES,HERRAJES,VARIOS,3
302-VARI45,TAPON PARA BARRENO DE 3/8 NEGRO INMAN,PZA,True,0,0,0,0,LA VIGA EXTRUSIONES,HERRAJES,HERRAJES,VARIOS,3
328-147-006-10M,TELA CRIBA GALVANIZADA DE 8 X 8 DE 0.90 MTS,MTS,True,0,0,-1,13.03,"CASA FERNANDEZ DEL SURESTE, S.A. DE C.V.",HERRAJES,HERRAJES,VARIOS,4
328-117-068-MTS,TELA GALVANIZADA MOSQUITERO DE 0.90 MTS (ZANCUDO),MTS,True,0,0,0,-7.95,"CASA FERNANDEZ DEL SURESTE, S.A. DE C.V.",HERRAJES,HERRAJES,VARIOS,4
326-56 C,TOPE CODO 56 CROMADO  PHILLIPS,PZA,True,0,0,0,53,"CASA FERNANDEZ DEL SURESTE, S.A. DE C.V.",HERRAJES,HERRAJES,VARIOS,4
326-56 LA,TOPE CODO 56 LATON ANTIGUO PHILLIPS,PZA,True,0,0,0,23,"CASA FERNANDEZ DEL SURESTE, S.A. DE C.V.",HERRAJES,HERRAJES,VARIOS,4
326-149R-47410,TOPE CODO RISH NEGRO MATE 3056,PZA,True,0,0,0,38,"CASA FERNANDEZ DEL SURESTE, S.A. DE C.V.",HERRAJES,HERRAJES,VARIOS,4
326-1057-C BP,TOPE MAGNETICO PARED PH 1057 PHILLIPS CROMADO,PZA,False,0,0,0,0,"CASA FERNANDEZ DEL SURESTE, S.A. DE C.V.",HERRAJES,HERRAJES,VARIOS,4
326-MX3178,TOPE MAGNETICO PARED PH 1057 PHILLIPS SATINADO,PZA,True,0,0,0,22,"ASSA ABLOY MEXICO, S.A. DE C.V.",HERRAJES,HERRAJES,VARIOS,4
326-MX3174,TOPE MAGNETICO PISO  1054 PHILLIPS SATINADO (BLISTER),PZA,True,0,0,0,9,"ASSA ABLOY MEXICO, S.A. DE C.V.",HERRAJES,HERRAJES,VARIOS,4
320-106901400,VENTOSA AZUL SENCILLA P/VIDRIO HERRALUM AZUL,PZA,False,0,0,0,0,"HERRALUM INDUSTRIAL, S.A. DE C.V.",HERRAJES,HERRAJES,VENTOSAS,4
320-MX66019,VENTOSA DE UNA GOMA BRUKEN BRK7204 CON VALVULA P/VACIO,PZA,True,0,0,0,4,"ASSA ABLOY MEXICO, S.A. DE C.V.",HERRAJES,HERRAJES,VENTOSAS,4
320-AS2V-085MET,VENTOSA DOBLE 85 KGS NBASI (CROMADAS),PZA,True,-2,0,0,10,CASA GALVAN TODO PARA VIDRIO SA DE CV,HERRAJES,HERRAJES,VENTOSAS,4
320-106608000,VENTOSA DOBLE HERRALUM MOD 1066 (80KGS),PZA,False,0,0,0,0,"HERRALUM INDUSTRIAL, S.A. DE C.V.",HERRAJES,HERRAJES,VENTOSAS,4
320-AS3V-140MET,VENTOSA TRIPLE 140 KGS NBASI (CROMADA),PZA,True,0,0,0,11,CASA GALVAN TODO PARA VIDRIO SA DE CV,HERRAJES,HERRAJES,VENTOSAS,4
326-46516LGP,"LLAVE HEXAGONAL ""T"" ERGONOMICA 5MM X 9 URREA (MANGO AZUL)",PZA,True,0,0,0,0,"CASA FERNANDEZ DEL SURESTE, S.A. DE C.V.",HERRAJES,HERRAMIENTAS,HERRAMIENTAS,4
901-109H-5378-21,ROTOMARTILLO 2 VELOCIDADES V.V.R CON ESTUCHE MILWAUKEE,PZA,True,0,0,0,1,"CASA FERNANDEZ DEL SURESTE, S.A. DE C.V.",HERRAJES,HERRAMIENTAS,HERRAMIENTAS,4
901-601-473-6G0,TALADRO 3/8 550W 0-2500 RPM BOSCH,PZA,False,0,0,0,0,"CASA FERNANDEZ DEL SURESTE, S.A. DE C.V.",HERRAJES,HERRAMIENTAS,HERRAMIENTAS,1
901-601-9F8-3G0,TALADRO ATORNILLADOR/ ROTOMARTILLO BOSCH 18 V,PZA,False,0,0,0,0,"CASA FERNANDEZ DEL SURESTE, S.A. DE C.V.",HERRAJES,HERRAMIENTAS,HERRAMIENTAS,1
901-109H-2607-22CT,"TALADRO ROTOMARTILLO 1/2"" M18? KIT CON DOS BATERIAS COMPACTA MILWAUKEE",PZA,False,0,0,0,0,"CASA FERNANDEZ DEL SURESTE, S.A. DE C.V.",HERRAJES,HERRAMIENTAS,HERRAMIENTAS,4
126-2251018012SA,TUBO ACERO INOX CAL 18 DE 1/2 DE 6.00 MTS SATINADO,PZA,True,0,0,34,0,"HERRALUM INDUSTRIAL, S.A. DE C.V.",HERRAJES,INOXIDABLE,TUBO REDONDO,3
126-2251018200SA,"TUBO ACERO INOX CAL 18 DE 2"" DE 6.00 MTS SATINADO",PZA,True,0,0,16,0,"HERRALUM INDUSTRIAL, S.A. DE C.V.",HERRAJES,INOXIDABLE,TUBO REDONDO,3
316-1394037200NE,SOPORTE A MURO SS304 PASAMANOS TUBO 50.8MM NEGRO,PZA,True,-1,0,0,0,"HERRALUM INDUSTRIAL, S.A. DE C.V.",HERRAJES,PASAMANOS,SOPORTES,4
316-120305BSA,"SOPORTE C/ROTULA AVELLANADO SATINADO, HERRALUM",PZA,True,0,0,0,3,"HERRALUM INDUSTRIAL, S.A. DE C.V.",HERRAJES,PASAMANOS,SOPORTES,4
316-1259001SA,"SOPORTE ETZATLAN AC INOX 304 VIDRIO-TUBO 2"" CRISTAL 10MM",PZA,True,0,0,0,4,"HERRALUM INDUSTRIAL, S.A. DE C.V.",HERRAJES,PASAMANOS,SOPORTES,4
316-2298000SA,"SOPORTE SAN JUAN DE ALIMA P/PASAMANO, MURO A TUBO SATINADO",PZA,True,0,0,0,41,"HERRALUM INDUSTRIAL, S.A. DE C.V.",HERRAJES,PASAMANOS,SOPORTES,4
328-KITINSPEL-GARC,KIT DE INSTALACION DE PELICULAS MARCA GARCIA,KIT,False,0,0,0,0,PELICULAS GARCIA,HERRAJES,PELICULAS P/CRISTAL,PELICULAS DECORATIVAS,1
328-PDAMARILLO-152,PELICULA DECORATIVA AMARILLO DE 1.52 DE ANCHO,MTS,True,0,0,0,25,PELICULAS GARCIA,HERRAJES,PELICULAS P/CRISTAL,PELICULAS DECORATIVAS,4
328-PDAMBAR-152,PELICULA DECORATIVA AMBAR DE 1.52 DE ANCHO,MTS,True,0,0,0,18,PELICULAS GARCIA,HERRAJES,PELICULAS P/CRISTAL,PELICULAS DECORATIVAS,4
328-PDAZUL-152,PELICULA DECORATIVA AZUL DE 1.52 DE ANCHO,MTS,True,0,0,0,20,PELICULAS GARCIA,HERRAJES,PELICULAS P/CRISTAL,PELICULAS DECORATIVAS,4
328-PDBAMBU-152,PELICULA DECORATIVA BAMBU DE 1.52 DE ANCHO,MTS,True,0,0,0,3,PELICULAS GARCIA,HERRAJES,PELICULAS P/CRISTAL,PELICULAS DECORATIVAS,4
328-PDFLORESNEG-152,PELICULA DECORATIVA FLORES NEGRAS DE 1.52 DE ANCHO,MTS,True,0,0,0,0,PELICULAS GARCIA,HERRAJES,PELICULAS P/CRISTAL,PELICULAS DECORATIVAS,4
328-PDGASA-152,PELICULA DECORATIVA GASA DE 1.52 DE ANCHO,MTS,True,0,0,0,17,PELICULAS GARCIA,HERRAJES,PELICULAS P/CRISTAL,PELICULAS DECORATIVAS,4
328-PDMAPLE-152,PELICULA DECORATIVA MAPLE DE 1.52 DE ANCHO,MTS,True,0,0,0,3,PELICULAS GARCIA,HERRAJES,PELICULAS P/CRISTAL,PELICULAS DECORATIVAS,4
328-PDROJO-152,PELICULA DECORATIVA ROJO DE 1.52 DE ANCHO,MTS,True,0,0,0,18,PELICULAS GARCIA,HERRAJES,PELICULAS P/CRISTAL,PELICULAS DECORATIVAS,4
328-PDVERDE-152,PELICULA DECORATIVA VERDE DE 1.52 DE ANCHO,MTS,True,0,0,0,0,PELICULAS GARCIA,HERRAJES,PELICULAS P/CRISTAL,PELICULAS DECORATIVAS,4
328-PS20-MTS,PELICULA SOLAR GARCIA SOLAR 20 % NEGRO DE 1.52 ANCHO,MTS,False,0,0,0,0,PELICULAS GARCIA,HERRAJES,PELICULAS P/CRISTAL,PELICULAS DECORATIVAS,4
701-17110610006TR,PERFIL H P/POLICARBONATO DE 6MM DE 6.00 MTS HERRALUM,PZA,True,-1,0,0,76,"HERRALUM INDUSTRIAL, S.A. DE C.V.",HERRAJES,POLICARBONATOS,POLICARBONATOS,4
701-111925000,"PERFIL P/POLICARBONATO 10,MM ALETA CENTRAL FLEXIBLE DE 2.50 MTS",PZA,True,0,0,0,97,"HERRALUM INDUSTRIAL, S.A. DE C.V.",HERRAJES,POLICARBONATOS,POLICARBONATOS,4
701-111725000,"PERFIL P/POLICARBONATO 10,MM ALETA LATERAL FLEXIBLE DE 2.50 MTS",PZA,True,0,0,0,99,"HERRALUM INDUSTRIAL, S.A. DE C.V.",HERRAJES,POLICARBONATOS,POLICARBONATOS,4
701-121812225010,"PERFIL POLICARBONATO 10 MM ALETA LATERAL FLEXIBLE ""Y"" 2.50 MTS",PZA,True,0,0,0,75,"HERRALUM INDUSTRIAL, S.A. DE C.V.",HERRAJES,POLICARBONATOS,POLICARBONATOS,4
701-122425000,PERFIL POLICARBONATO 10MM BURBUJA 2.50 MTS,PZA,True,0,0,0,26,"HERRALUM INDUSTRIAL, S.A. DE C.V.",HERRAJES,POLICARBONATOS,POLICARBONATOS,4
701-122225000,PERFIL POLICARBONATO 6MM DOBLE ALETA FLEX CENTR,PZA,True,0,0,0,18,LA VIGA EXTRUSIONES,HERRAJES,POLICARBONATOS,POLICARBONATOS,4
701-17120610006TR,PERFIL U P/POLICARBONATO DE 6MM DE 6.00 MTS HERRALUM,PZA,True,-1,0,0,100,"HERRALUM INDUSTRIAL, S.A. DE C.V.",HERRAJES,POLICARBONATOS,POLICARBONATOS,4
309-OPMA-ABL,OPERADOR DE MARIPOZA TECNO BLANCO,PZA,False,0,0,0,0,"TECNO EXTRUSIONES, S.A. DE C.V.",HERRAJES,PUERTAS,OPERADORES,1
309-43-MAR ABL,OPERADOR PHILLIPS MARIPOSA 43 BLANCO,PZA,True,0,0,0,40,"CASA FERNANDEZ DEL SURESTE, S.A. DE C.V.",HERRAJES,PUERTAS,OPERADORES,4
309-43-MAR ADK,OPERADOR PHILLIPS MARIPOSA 43 CAFE,PZA,True,0,0,0,36,"CASA FERNANDEZ DEL SURESTE, S.A. DE C.V.",HERRAJES,PUERTAS,OPERADORES,4
309-43-MAR AN,OPERADOR PHILLIPS MARIPOSA 43 NATURAL,PZA,True,0,0,0,34,"CASA FERNANDEZ DEL SURESTE, S.A. DE C.V.",HERRAJES,PUERTAS,OPERADORES,4
303-125CH-3080,BROCHE PERICO CON TORNILLOS GALVANIZADOS (RESBALON ALACRAN),PZA,True,0,0,0,162,"CASA FERNANDEZ DEL SURESTE, S.A. DE C.V.",HERRAJES,PUERTAS,RESBALONES,4
303-MX142,RESBALON CROMADO PHILLIPS 45 C,PZA,True,0,0,0,63,"ASSA ABLOY MEXICO, S.A. DE C.V.",HERRAJES,PUERTAS,RESBALONES,4
307-A120ADK,SELLAPOLVO AUTOMATICO TECNO CAFE 1.20 MTS,PZA,False,0,0,0,0,"TECNO EXTRUSIONES, S.A. DE C.V.",HERRAJES,PUERTAS,SELLAPOLVOS,1
307-A100NA,SELLAPOLVO AUTOMATICO TECNO NATURAL 1.00 MTS,PZA,False,0,0,0,0,"TECNO EXTRUSIONES, S.A. DE C.V.",HERRAJES,PUERTAS,SELLAPOLVOS,1
307-A120NA,SELLAPOLVO AUTOMATICO TECNO NATURAL 1.20 MTS,PZA,False,0,0,0,0,"TECNO EXTRUSIONES, S.A. DE C.V.",HERRAJES,PUERTAS,SELLAPOLVOS,1
313-VINI66,VINIL PENSYILVANIA HONGO 567-4.4 NEGRO,KILO,True,15,0,-2,35,LA VIGA EXTRUSIONES,HERRAJES,SILICONES,VINIL,4
313-E2609-651135N,"VINIL PENSYILVANIA P/EMPAQUE RESIDENCIAL SERIE 50 CON 6,MM NEGRO",KILO,True,0,0,0,-13,LA VIGA EXTRUSIONES,HERRAJES,SILICONES,VINIL,4
313-VI-3195N,VINIL PENSYLVANIA ESTRIADO NEGRO 319-5,KILO,True,0,0,0,0,LA VIGA EXTRUSIONES,HERRAJES,SILICONES,VINIL,4
313-VI-56243N,VINIL PENSYLVANIA JOTA 562-4-3 NEGRO S35,KILO,True,0,0,-1,30,LA VIGA EXTRUSIONES,HERRAJES,SILICONES,VINIL,4
320-150-003-HE515CR,RUEDA P/VITRINA 2' C/PLACA Y RUEDA DE HULE,PZA,True,0,0,0,31,"CASA FERNANDEZ DEL SURESTE, S.A. DE C.V.",HERRAJES,VITRINAS,VITRINA,4
803-F-301 S AL NE,"CIERRE EMBUT S/TORN 2""  3"" SERIE 3600 Y SERIE 60 NEGRO MATE H EUROPEOS",PZA,True,4,0,-2,54,HERRAJES EUROPEOS,HERRAJES LINEA ESPAÑOLA,CUPRUM,SERIE 70 EUROVENT,4
803-F-304 A S NM,"CIERRE EMBUT S/TORN 3,EUROV,PREMIUM, L.ESP NEGRO B100",PZA,True,0,0,0,96,HERRAJES EUROPEOS,HERRAJES LINEA ESPAÑOLA,CUPRUM,SERIE 70 EUROVENT,4
803-FELS70NE-MT,FELPA SERIE 70 NEGRO,MTS,False,0,0,0,0,LA VIGA EXTRUSIONES,HERRAJES LINEA ESPAÑOLA,CUPRUM,SERIE 70 EUROVENT,4
302-JALA636,JALADERA DOBLE C-CHAPA F-90-EC BLANCO,PZA,False,0,0,0,0,LA VIGA EXTRUSIONES,HERRAJES LINEA ESPAÑOLA,ESPAÑOLA,10000 ESPAÑOLA,4
302-ESCUDOI,ESCUDO EMBELLECEDOR NEGRO PARA LINEA 1400,PZA,False,0,0,0,0,LA VIGA EXTRUSIONES,HERRAJES LINEA ESPAÑOLA,ESPAÑOLA,1400 ESPAÑOLA,4
803-138202100,CARRETILLA AJUSTABLE SERIE 80 FAPIM 35 KILOS 1 RUEDA,PZA,True,0,0,0,0,LA VIGA EXTRUSIONES,HERRAJES LINEA ESPAÑOLA,ESPAÑOLA,4600 ESPAÑOLA,4
803-CARR100,CARRETILLA TANDEM GRADUABLE NYLON 7153 S-4600 2 RUEDAS,PZA,False,0,0,0,0,LA VIGA EXTRUSIONES,HERRAJES LINEA ESPAÑOLA,ESPAÑOLA,4600 ESPAÑOLA,4
192-VARI1003,JUEGO GUIA LAMA MALLORQUINA 7404-80 BLANCO,PZA,True,0,0,0,0,LA VIGA EXTRUSIONES,HERRAJES LINEA ESPAÑOLA,ESPAÑOLA,6000 ESPAÑOLA,4
192-VARI1002,JUEGO GUIAS LAMA MALLORQUINA 7404-80 NEGRO,PZA,True,-16,0,0,301,LA VIGA EXTRUSIONES,HERRAJES LINEA ESPAÑOLA,ESPAÑOLA,6000 ESPAÑOLA,4
192-27004-D-7,COMPENSOR CON TORNILLO DERECHO NEGRO,MTS,True,0,0,0,0,LA VIGA EXTRUSIONES,HERRAJES LINEA ESPAÑOLA,ESPAÑOLA,LAMA MOVIL,4
192-27004-I-7,COMPENSOR CON TORNILLO IZQUIERDO NEGRO,MTS,True,0,0,0,0,LA VIGA EXTRUSIONES,HERRAJES LINEA ESPAÑOLA,ESPAÑOLA,LAMA MOVIL,4
192-1812-7,GOMA BASE RIGIDA MALLORQUINA,MTS,True,25,0,0,0,LA VIGA EXTRUSIONES,HERRAJES LINEA ESPAÑOLA,ESPAÑOLA,LAMA MOVIL,4
192-27001-7,MANDO TELESCOPICO LUX NEGRO,PZA,True,0,0,0,0,LA VIGA EXTRUSIONES,HERRAJES LINEA ESPAÑOLA,ESPAÑOLA,LAMA MOVIL,4
192-27003-7,MECANISMO MALLORQUINA 6025 (3220MM) NEGRO,PZA,True,0,0,0,0,LA VIGA EXTRUSIONES,HERRAJES LINEA ESPAÑOLA,ESPAÑOLA,LAMA MOVIL,4
302-FELPA 350-MTS,FELPA C/TELA INTERMEDIA S.80 S.150 C/350 MTS,MTS,True,0,0,0,350,HERRAJES EUROPEOS,HERRAJES LINEA ESPAÑOLA,FELPAS Y FELPONES,4600 ESPAÑOLA,4
302-FELPA 350,ROLLO FELPA C/TELA INTERMEDIA S.80 S.150 C/350 MTS,PZA,True,0,0,0,1,HERRAJES EUROPEOS,HERRAJES LINEA ESPAÑOLA,FELPAS Y FELPONES,4600 ESPAÑOLA,4
302-1324C-ESC,ESCUADRA TETON CERCO Y FIJO CORTA SERIE 10000 E.M.,PZA,True,0,0,0,50,LA VIGA EXTRUSIONES,HERRAJES LINEA ESPAÑOLA,GENERAL,10000 ESPAÑOLA,4
302-CARR159,ADAPTADOR RUEDA TANDEM GRADUABLE SERIE 10000,PZA,False,0,0,0,0,LA VIGA EXTRUSIONES,HERRAJES LINEA ESPAÑOLA,HERRAJES,10000 ESPAÑOLA,4
302-CARR128,CARRETILLA AJUSTABLE TANDEM S-10000 200 KILOS ANTICORROSIVAS GTT-45 HEU,PZA,True,0,0,0,0,LA VIGA EXTRUSIONES,HERRAJES LINEA ESPAÑOLA,HERRAJES,10000 ESPAÑOLA,4
302-CARR135,CARRETILLA TANDEM SERIE 80 2 RUEDAS,PZA,False,0,0,0,0,LA VIGA EXTRUSIONES,HERRAJES LINEA ESPAÑOLA,HERRAJES,10000 ESPAÑOLA,4
302-JALA606,JALADERA S/TORNILLO C-AJUST FIJO F-306 NEGRO S-4600 Y S-10000,PZA,True,0,0,0,6,LA VIGA EXTRUSIONES,HERRAJES LINEA ESPAÑOLA,HERRAJES,10000 ESPAÑOLA,4
302-GC-4600 EMB A,JGO GANCHOS S.80-S-4600 GC-80 EMBUTIDA ALUALPHA,PZA,True,0,0,0,1,HERRAJES EUROPEOS,HERRAJES LINEA ESPAÑOLA,HERRAJES,10000 ESPAÑOLA,4
302-GC-80 SOB A,"JUEGO GANCHOS CONTRA S.80, S.4600 (SOBREPUESTA) ALUALPHA",PZA,True,2,0,0,41,HERRAJES EUROPEOS,HERRAJES LINEA ESPAÑOLA,HERRAJES,10000 ESPAÑOLA,4
302-GC-60A,JUEGO GANCHOS S-60 O 3600 CONTRA EMBUTIDA ALUALPHA,PZA,True,0,0,0,60,HERRAJES EUROPEOS,HERRAJES LINEA ESPAÑOLA,HERRAJES,10000 ESPAÑOLA,4
302-GC -150 A,JUEGO GANCHOS S.150 Y 10000 CONTRA EMBUTIDA ALUALPHA,PZA,True,0,0,0,31,HERRAJES EUROPEOS,HERRAJES LINEA ESPAÑOLA,HERRAJES,10000 ESPAÑOLA,4
302-KIT01,KIT PERIMETRAL LINEA 10000,KIT,True,0,0,0,0,LA VIGA EXTRUSIONES,HERRAJES LINEA ESPAÑOLA,HERRAJES,10000 ESPAÑOLA,4
302-CARR158,RUEDA TANDEM GRADUABLE NYLON LINEA 10000,PZA,False,0,0,0,0,LA VIGA EXTRUSIONES,HERRAJES LINEA ESPAÑOLA,HERRAJES,10000 ESPAÑOLA,4
302-5031D000,BISAGRA 2 PALAS PUERTA Y VENTANA S-1400 NEGRO,PZA,False,0,0,0,0,LA VIGA EXTRUSIONES,HERRAJES LINEA ESPAÑOLA,HERRAJES,1400 ESPAÑOLA,4
302-1907-07,BISAGRA 2 PALAS S-1400 NEGRA 1907,PZA,False,0,0,0,0,LA VIGA EXTRUSIONES,HERRAJES LINEA ESPAÑOLA,HERRAJES,1400 ESPAÑOLA,4
302-BISA547,BISAGRA 3 PALAS S-1400 F-232 HERRAJES EUROPEOS BLANCO,PZA,True,0,0,0,1,LA VIGA EXTRUSIONES,HERRAJES LINEA ESPAÑOLA,HERRAJES,1400 ESPAÑOLA,4
302-BISA548,BISAGRA 3 PALAS S-1400 F-232 HERRAJES EUROPEOS NEGRO,PZA,True,0,0,0,-3,LA VIGA EXTRUSIONES,HERRAJES LINEA ESPAÑOLA,HERRAJES,1400 ESPAÑOLA,4
302-1396002NE,BISAGRA ABATIBLE LINEA ESPAÑOLA 1400 2 PALAS NEGRO,PZA,True,0,0,0,42,"HERRALUM INDUSTRIAL, S.A. DE C.V.",HERRAJES LINEA ESPAÑOLA,HERRAJES,1400 ESPAÑOLA,4
302-1396003BL,BISAGRA ABATIBLE LINEA ESPAÑOLA 1400 3 PALAS BLANCO,PZA,True,0,0,0,0,"HERRALUM INDUSTRIAL, S.A. DE C.V.",HERRAJES LINEA ESPAÑOLA,HERRAJES,1400 ESPAÑOLA,4
302-1396003NE,BISAGRA ABATIBLE LINEA ESPAÑOLA 1400 3 PALAS NEGRO,PZA,True,0,0,0,24,"HERRALUM INDUSTRIAL, S.A. DE C.V.",HERRAJES LINEA ESPAÑOLA,HERRAJES,1400 ESPAÑOLA,4
302-BISA102 CH,BISAGRA CLASSIC 3 PALAS S-1400 CHAMPAGNE BTE,PZA,False,0,0,0,0,LA VIGA EXTRUSIONES,HERRAJES LINEA ESPAÑOLA,HERRAJES,1400 ESPAÑOLA,4
326-CERR234,CERRADURA CVL FRENTE CON CILINDRO INOX (ESPAÑOLA 1400) DOBLE LLAVE,PZA,True,0,0,0,0,LA VIGA EXTRUSIONES,HERRAJES LINEA ESPAÑOLA,HERRAJES,1400 ESPAÑOLA,4
326-P198KD20/6 S/C,CERRADURA CVL FRENTE EN INOX 16MM SIN CILINDRO C20,PZA,True,0,0,0,0,HERRAJES EUROPEOS,HERRAJES LINEA ESPAÑOLA,HERRAJES,1400 ESPAÑOLA,4
326-CERR237,CERRADURA MONOPUNTO BULON S-80 HERRAJES EUROPEOS,PZA,True,0,0,0,0,LA VIGA EXTRUSIONES,HERRAJES LINEA ESPAÑOLA,HERRAJES,1400 ESPAÑOLA,4
302-CILP2525,CILINDRO C/PALOMETA (MARIPOSA) P/CERRADURA CVL,PZA,False,0,0,0,0,LA VIGA EXTRUSIONES,HERRAJES LINEA ESPAÑOLA,HERRAJES,1400 ESPAÑOLA,4
192-6004NAT,COMPAS DE ALUMINIO EXTRUIDO P/LIMITAR APERTURA,PZA,False,0,0,0,0,LA VIGA EXTRUSIONES,HERRAJES LINEA ESPAÑOLA,HERRAJES,1400 ESPAÑOLA,4
192-COMP08,COMPAS RETENEDOR INOX 6012-0 SERIE 1400,PZA,True,0,0,0,0,LA VIGA EXTRUSIONES,HERRAJES LINEA ESPAÑOLA,HERRAJES,1400 ESPAÑOLA,4
302-CERR206,CREMONA APERTURA O ETX C/CUBIERTA P/OCULTAR TORNILLOS F-260S S-1400,PZA,True,0,0,0,2,LA VIGA EXTRUSIONES,HERRAJES LINEA ESPAÑOLA,HERRAJES,1400 ESPAÑOLA,4
318-ESCU43-1400,ESCUADRA INOXIDABLE VENTANA LINEA 1400 MOD 1311 S-1400,PZA,True,14,0,0,58,LA VIGA EXTRUSIONES,HERRAJES LINEA ESPAÑOLA,HERRAJES,1400 ESPAÑOLA,4
192-ESCU03,ESCUADRA PUERTA TORN INOX LINEA 1400 37 X 31 DESCENTRADA,PZA,False,0,0,0,0,LA VIGA EXTRUSIONES,HERRAJES LINEA ESPAÑOLA,HERRAJES,1400 ESPAÑOLA,4
192-ESCU75,ESCUADRA UNION PILASTRA PUERTA S-1400 PUERTA,PZA,False,0,0,0,0,LA VIGA EXTRUSIONES,HERRAJES LINEA ESPAÑOLA,HERRAJES,1400 ESPAÑOLA,4
192-ESCU43,ESCUADRA VENTANA LINEA 1400,PZA,False,0,0,0,0,LA VIGA EXTRUSIONES,HERRAJES LINEA ESPAÑOLA,HERRAJES,1400 ESPAÑOLA,4
302-CERR221,ESCUDO EMBELLECEDOR P/MANILLA BLANCO HERRAJES EUROPEOS,PZA,False,0,0,0,0,LA VIGA EXTRUSIONES,HERRAJES LINEA ESPAÑOLA,HERRAJES,1400 ESPAÑOLA,4
302-CERR216,ESCUDO EMBELLECEDOR P/MANILLA NEGRO,PZA,True,0,0,0,0,LA VIGA EXTRUSIONES,HERRAJES LINEA ESPAÑOLA,HERRAJES,1400 ESPAÑOLA,4
302-JALA478NAT,JUEGO MANILLA C. ESC RECUP NATURAL,PZA,False,0,0,0,0,LA VIGA EXTRUSIONES,HERRAJES LINEA ESPAÑOLA,HERRAJES,1400 ESPAÑOLA,4
302-JALA478B,JUEGO MANILLA C. ESC. RECUP BLANCA,PZA,False,0,0,0,0,LA VIGA EXTRUSIONES,HERRAJES LINEA ESPAÑOLA,HERRAJES,1400 ESPAÑOLA,4
302-JALA481,JUEGO MANILLAS CLASSIC NEGRO S-1400 EXTRUSIONES,PZA,True,0,0,0,0,LA VIGA EXTRUSIONES,HERRAJES LINEA ESPAÑOLA,HERRAJES,1400 ESPAÑOLA,4
302-UNIO02,JUEGO TAPON PILASTRA NEGRO MOD 1411-7 SERIE 1400,PZA,True,0,0,0,7,LA VIGA EXTRUSIONES,HERRAJES LINEA ESPAÑOLA,HERRAJES,1400 ESPAÑOLA,4
302-KIT29,KIT 2 HOJAS 7054-0 SERIE 1400,KIT,True,0,0,0,0,LA VIGA EXTRUSIONES,HERRAJES LINEA ESPAÑOLA,HERRAJES,1400 ESPAÑOLA,4
326-KIT40,KIT P/MONOPUNTO BULON S-80 HERRAJES EUROPEOS,PZA,True,0,0,0,0,LA VIGA EXTRUSIONES,HERRAJES LINEA ESPAÑOLA,HERRAJES,1400 ESPAÑOLA,4
304-7109-7IDH,PASADOR PLANO 260MM NEGRO 7109-7 S-1400 IDH,PZA,False,0,0,0,0,LA VIGA EXTRUSIONES,HERRAJES LINEA ESPAÑOLA,HERRAJES,1400 ESPAÑOLA,4
302-UNIO07,UNION PILASTRA PUERTA 7007-0 SERIE 6000,PZA,False,0,0,0,0,LA VIGA EXTRUSIONES,HERRAJES LINEA ESPAÑOLA,HERRAJES,1400 ESPAÑOLA,4
302-UNIO06,UNION PILASTRA PUERTA FIJOS SERIE 1400,PZA,True,0,0,0,65,LA VIGA EXTRUSIONES,HERRAJES LINEA ESPAÑOLA,HERRAJES,1400 ESPAÑOLA,4
192-E-E101166-6RMTS,VINIL EMPAQUE VIDRIO EXTERIOR 1MM NEGRO SERIE 1400,MTS,True,0,0,0,80,HERRAJES EUROPEOS,HERRAJES LINEA ESPAÑOLA,HERRAJES,1400 ESPAÑOLA,4
192-E-E101166-6R,VINIL EMPAQUE VIDRIO EXTERIOR 1MM ROLLO 360 MTS NEGRO SERIE 1400,PZA,True,0,0,0,1,HERRAJES EUROPEOS,HERRAJES LINEA ESPAÑOLA,HERRAJES,1400 ESPAÑOLA,4
192-1512-7S,VINIL GOMA BASE RIGIDA IMPORTADA 1512-7 (R-250) STAC,MTS,False,0,0,0,0,LA VIGA EXTRUSIONES,HERRAJES LINEA ESPAÑOLA,HERRAJES,1400 ESPAÑOLA,4
192-VARI187,VINIL GOMA BASE RIGIDA RESPALDO IMPORTADA 1512-7,MTS,False,0,0,0,0,LA VIGA EXTRUSIONES,HERRAJES LINEA ESPAÑOLA,HERRAJES,1400 ESPAÑOLA,4
192-CARR207,CARRETILLA RUEDA NYLON LINEA 3600 SOPORTA 30 KILOS POR PZA,PZA,True,0,0,0,6,LA VIGA EXTRUSIONES,HERRAJES LINEA ESPAÑOLA,HERRAJES,3600 ESPAÑOLA,4
192-JALA500,CIERRE EMBUTIDO LINEA 3600 NEGRO,PZA,False,0,0,0,0,LA VIGA EXTRUSIONES,HERRAJES LINEA ESPAÑOLA,HERRAJES,3600 ESPAÑOLA,4
192-ESCU92,ESCUADRA ALINEAMIENTO INOX LINEA 3600,PZA,True,0,0,0,75,LA VIGA EXTRUSIONES,HERRAJES LINEA ESPAÑOLA,HERRAJES,3600 ESPAÑOLA,4
192-ESCU54,ESCUADRA TETON CERCO DOS RIELES LINEA 3600 (1341),PZA,True,0,0,0,84,LA VIGA EXTRUSIONES,HERRAJES LINEA ESPAÑOLA,HERRAJES,3600 ESPAÑOLA,4
192-ESCU91,ESCUADRA TETON CERCO TRES RIELES LINEA 3600,PZA,True,0,0,0,40,LA VIGA EXTRUSIONES,HERRAJES LINEA ESPAÑOLA,HERRAJES,3600 ESPAÑOLA,4
192-1324C,ESCUADRA TETON CERCO Y FIJO CORTA LINEA 10000,PZA,False,0,0,0,0,LA VIGA EXTRUSIONES,HERRAJES LINEA ESPAÑOLA,HERRAJES,3600 ESPAÑOLA,4
192-ESCU53,ESCUADRA TETON HOJA PERIMETRAL MOD 1340-0 LINEA 3600,PZA,True,0,0,0,42,LA VIGA EXTRUSIONES,HERRAJES LINEA ESPAÑOLA,HERRAJES,3600 ESPAÑOLA,4
302-CARR154,CARRETILLA RUEDA GRADUABLE DE NYLON LINEA 4600 1 RUEDA,PZA,False,0,0,0,0,LA VIGA EXTRUSIONES,HERRAJES LINEA ESPAÑOLA,HERRAJES,4600 ESPAÑOLA,4
326-1T8,CERRADURA CVL 1T8 LLAVE TETRA DE GANCHO Y PERNO ANTI ELEVACION 4600 Y 10 MIL,PZA,True,2,0,0,27,HERRAJES EUROPEOS,HERRAJES LINEA ESPAÑOLA,HERRAJES,4600 ESPAÑOLA,4
302-JALA631,CIERRE EMBUTIDO DOBLE CHAPA LINEA 4600 Y 10000 CON GANCHO,PZA,False,0,0,0,0,LA VIGA EXTRUSIONES,HERRAJES LINEA ESPAÑOLA,HERRAJES,4600 ESPAÑOLA,4
302-ESCU602,ESCUADRA 4600 P/3 RIELES MOD 602 INMAN,PZA,False,0,0,0,0,LA VIGA EXTRUSIONES,HERRAJES LINEA ESPAÑOLA,HERRAJES,4600 ESPAÑOLA,4
192-ESCU22,ESCUADRA BOTON P-HOJA MARCOS 1130 S-45 S-80 S-4600,PZA,True,0,0,0,29,LA VIGA EXTRUSIONES,HERRAJES LINEA ESPAÑOLA,HERRAJES,4600 ESPAÑOLA,4
192-ESCU36,ESCUADRA CERCO 4600 1328,PZA,True,0,0,0,0,LA VIGA EXTRUSIONES,HERRAJES LINEA ESPAÑOLA,HERRAJES,4600 ESPAÑOLA,4
302-ESCU17,ESCUADRA DE BOTON PARA HOJA Y MARCOS SERIE 80,PZA,True,4,0,0,0,LA VIGA EXTRUSIONES,HERRAJES LINEA ESPAÑOLA,HERRAJES,4600 ESPAÑOLA,4
302-ESCU39,ESCUADRA HOJA LINEA 4600,PZA,True,0,0,0,0,LA VIGA EXTRUSIONES,HERRAJES LINEA ESPAÑOLA,HERRAJES,4600 ESPAÑOLA,4
192-ESCU41,ESCUADRA TETON 2314 CERCO 3 RIELES S-4600 1327,PZA,True,0,0,0,170,LA VIGA EXTRUSIONES,HERRAJES LINEA ESPAÑOLA,HERRAJES,4600 ESPAÑOLA,4
302-FELPA 30,FELPA C/TELA INTERME NM 7 X 5 S-3600,MTS,True,24,0,-12,193,HERRAJES EUROPEOS,HERRAJES LINEA ESPAÑOLA,HERRAJES,4600 ESPAÑOLA,4
302-FELPA PL 7X6-MT,"FELPA TF 7 X 6 PLST INTER S-4600, S-100AR",MTS,True,0,0,0,105,HERRAJES EUROPEOS,HERRAJES LINEA ESPAÑOLA,HERRAJES,4600 ESPAÑOLA,4
302-JALA581,JALADERA C-TOR Y CHAPA INT. F-305 EB NEGRO L-3 PULG. S-80 S-70 S-150 H.E. F-305EBNM,PZA,True,0,0,0,1,LA VIGA EXTRUSIONES,HERRAJES LINEA ESPAÑOLA,HERRAJES,4600 ESPAÑOLA,4
803-JALA655,JUEGO DE GANCHO Y CONTRA SOBREPONER PARA S-4600,PZA,False,0,0,0,0,LA VIGA EXTRUSIONES,HERRAJES LINEA ESPAÑOLA,HERRAJES,4600 ESPAÑOLA,4
302-KIT PK-150,"KIT CERRAD 1T8 P198KD120 P/SERIE 150, 10MIL Y 4500 C10",KIT,True,1,0,0,12,HERRAJES EUROPEOS,HERRAJES LINEA ESPAÑOLA,HERRAJES,4600 ESPAÑOLA,4
302-KIT PK-4000,"KIT CERRADURA 1T8 P198KD120 P/ S- 4000, S-4600",KIT,True,2,0,0,10,HERRAJES EUROPEOS,HERRAJES LINEA ESPAÑOLA,HERRAJES,4600 ESPAÑOLA,4
302-FELPA PL 7X6,"ROLLO FELPA TF 7 X 6 PLST INTER S-4600, S-100AR C/400 MTS",PZA,True,0,0,0,2,HERRAJES EUROPEOS,HERRAJES LINEA ESPAÑOLA,HERRAJES,4600 ESPAÑOLA,4
302-VINI505,VINIL NARAJA PARA/TOPE BATIENTE EMPAQUE HONGO PREMIUM,MTS,True,0,0,0,150,LA VIGA EXTRUSIONES,HERRAJES LINEA ESPAÑOLA,HERRAJES,4600 ESPAÑOLA,4
302-BISA133,BISAGRA 3 PALAS P/PTA CAMARA EUROPEA S-45 S-6000 NEGRA BS-7002,PZA,True,0,0,0,2,LA VIGA EXTRUSIONES,HERRAJES LINEA ESPAÑOLA,HERRAJES,6000 ESPAÑOLA,4
302-JALA494,JALADERA TIRADOR UÑERO NYLON S-6400 NEGRO 7406-7,PZA,False,0,0,0,0,LA VIGA EXTRUSIONES,HERRAJES LINEA ESPAÑOLA,HERRAJES,6000 ESPAÑOLA,4
302-F-243I NM,UÑERO DE ALUMINIO SIN TORNILLOS NEGRO B25 C150,PZA,True,0,0,0,92,LA VIGA EXTRUSIONES,HERRAJES LINEA ESPAÑOLA,HERRAJES,6000 ESPAÑOLA,4
302-BISA106,BISAGRA  2 PALAS NEGRA MOD F-231 SERIE 1400 25 KILOS,PZA,True,0,0,0,0,LA VIGA EXTRUSIONES,HERRAJES LINEA ESPAÑOLA,HERRAJES,BISAGRAS,4
301-5116-0,CARRETILLA SERIE 4500 LINEA ESPAÑOLA,PZA,False,0,0,0,0,LA VIGA EXTRUSIONES,HERRAJES LINEA ESPAÑOLA,HERRAJES,CARRETILLAS,4
326-CERR 169,CERRADURA CISA ALA Y MANILLA 30 MM,PZA,False,0,0,0,0,LA VIGA EXTRUSIONES,HERRAJES LINEA ESPAÑOLA,HERRAJES,CERRADURAS,4
326-CERR208,MANILLA CON MUELLE (TIPO F-204) NEGRA. HERRAJES EUROPEOS (CVL),PZA,True,0,0,0,2,LA VIGA EXTRUSIONES,HERRAJES LINEA ESPAÑOLA,HERRAJES,CERRADURAS,4
326-CERR219,MANILLA P/MULTIPUNTO F-608 NEGRO HERRAJES EUROPEOS,PZA,True,0,0,0,0,LA VIGA EXTRUSIONES,HERRAJES LINEA ESPAÑOLA,HERRAJES,CERRADURAS,4
803-GC-02 A,"JUEGO DE GANCHO Y CONTRA DE 2"" P/CIERRE EMBUTIR DE 2"" (F-301)",PZA,False,0,0,0,0,LA VIGA EXTRUSIONES,HERRAJES LINEA ESPAÑOLA,HERRAJES,JALADERAS,4
302-F-243I-LB,UÑERO DE ALUMINIO S-TORNILLOS BLANCOS HERRAJE EUROPEOS,PZA,True,0,0,0,0,"ROBIN HERRAJES Y ACCESORIOS, S DE RL DE CV",HERRAJES LINEA ESPAÑOLA,HERRAJES,JALADERAS,4
325-2056000E2,PLACA P/BARRA DE EMPUJE 0.50 CM BRONCE HERRALUM,PZA,True,0,0,0,1,"HERRALUM INDUSTRIAL, S.A. DE C.V.",HERRAJES OUTLET,HERRAJES,BARRA DE EMPUJE,4
325-2056120E2,TUBO P/BARRA DE EMPUJE 1.20 MTS. BRONCE HERRALUM,PZA,True,0,0,0,0,"HERRALUM INDUSTRIAL, S.A. DE C.V.",HERRAJES OUTLET,HERRAJES,BARRA DE EMPUJE,4
326-MX2488,CERRADURA 549 PHILLIPS BRONCE DOBLE MANIJA,PZA,False,0,0,0,0,"ASSA ABLOY MEXICO, S.A. DE C.V.",HERRAJES OUTLET,HERRAJES,CERRADURAS,4
326-MX236,CERRADURA 550 CH PHILLIPS S/MANIJA CAFE,PZA,False,0,0,0,0,"ASSA ABLOY MEXICO, S.A. DE C.V.",HERRAJES OUTLET,HERRAJES,CERRADURAS,4
326-MX587,CERRADURA 550 PHILLIPS BRONCE,PZA,False,0,0,0,0,"ASSA ABLOY MEXICO, S.A. DE C.V.",HERRAJES OUTLET,HERRAJES,CERRADURAS,4
326-MX61,CERRADURA 555 PHILLIPS C/MARIPOZA BRONCE,PZA,True,0,0,0,9,"ASSA ABLOY MEXICO, S.A. DE C.V.",HERRAJES OUTLET,HERRAJES,CERRADURAS,4
302-126I-2011A-E200,"JALADERA AUTOM  EMBUTIR 2"" INMAN BRONCE",PZA,True,0,0,0,0,"CASA FERNANDEZ DEL SURESTE, S.A. DE C.V.",HERRAJES OUTLET,HERRAJES,JALADERAS,4
302-126I-1002-BR,"JALADERA AUTOM EMBUTIR 3"" INMAN BRONCE",PZA,False,0,0,0,0,"CASA FERNANDEZ DEL SURESTE, S.A. DE C.V.",HERRAJES OUTLET,HERRAJES,JALADERAS,4
302-2193000CA,"JALADERA EMBUTIR 2"" AUT/MANUAL HERRALUM CAFE",PZA,False,0,0,0,0,"HERRALUM INDUSTRIAL, S.A. DE C.V.",HERRAJES OUTLET,HERRAJES,JALADERAS,4
302-2193000CB,"JALADERA EMBUTIR 2"" AUT/MANUAL HERRALUM CHAMPAGNE BRILLANTE",PZA,False,0,0,0,0,"HERRALUM INDUSTRIAL, S.A. DE C.V.",HERRAJES OUTLET,HERRAJES,JALADERAS,4
302-2193000GR,"JALADERA EMBUTIR 2"" AUT/MANUAL HERRALUM NATURAL",PZA,False,0,0,0,0,"HERRALUM INDUSTRIAL, S.A. DE C.V.",HERRAJES OUTLET,HERRAJES,JALADERAS,4
302-2193000NB,"JALADERA EMBUTIR 2"" AUT/MANUAL HERRALUM NATURAL PULIDO",PZA,True,0,0,0,0,"HERRALUM INDUSTRIAL, S.A. DE C.V.",HERRAJES OUTLET,HERRAJES,JALADERAS,4
302-126I-1001-E200,"JALADERA MANUAL EMBUTIR 3"" INMAN BRONCE",PZA,False,0,0,0,0,"CASA FERNANDEZ DEL SURESTE, S.A. DE C.V.",HERRAJES OUTLET,HERRAJES,JALADERAS,4
302-JAO2D2-CA,"JALADERA P/EMBUTIR DE 2"" BRONCE TECNO AUTOM",PZA,True,4,0,0,69,"ASSA ABLOY MEXICO, S.A. DE C.V.",HERRAJES OUTLET,HERRAJES,JALADERAS,4
302-MX66858,"JALADERA P/EMBUTIR DE 3"" BRONCE TECNO AUTOM",PZA,True,0,0,0,70,"ASSA ABLOY MEXICO, S.A. DE C.V.",HERRAJES OUTLET,HERRAJES,JALADERAS,4
302-2145000CA,JALADERA TIRADOR DE 3' DE 20 CM BRONCE HERRALUM,PZA,True,0,0,0,1,"HERRALUM INDUSTRIAL, S.A. DE C.V.",HERRAJES OUTLET,HERRAJES,JALADERAS,4
309-1141IZQCA,OPERADOR DE BRAZO BRONCE IZQUIERDO HERRALUM,PZA,False,0,0,0,0,"HERRALUM INDUSTRIAL, S.A. DE C.V.",HERRAJES OUTLET,HERRAJES,OPERADORES,4
309-1141DERCA,OPERADOR DE BRAZO CAFE DERECHO HERRALUM,PZA,False,0,0,0,0,"HERRALUM INDUSTRIAL, S.A. DE C.V.",HERRAJES OUTLET,HERRAJES,OPERADORES,4
304-2173000CA,PASADOR DE MAROMA DE ZAMAC HERRALUM BRONCE,PZA,True,0,0,0,1,"HERRALUM INDUSTRIAL, S.A. DE C.V.",HERRAJES OUTLET,HERRAJES,PASADORES,4
310-AS-0450-100-DL,BOLSA REMACHES INDUX DEL 45 BRONCE (1/8) (100 PZAS),PZA,True,0,0,0,192,INDUX SA DE CV,HERRAJES OUTLET,HERRAJES,REMACHES,4
310-AS-0480-100-DL,BOLSA REMACHES INDUX DEL 48 BRONCE (1/8) (100 PZAS),PZA,True,0,0,0,10,INDUX SA DE CV,HERRAJES OUTLET,HERRAJES,REMACHES,4
310-AS-0540-100-DL,BOLSA REMACHES INDUX DEL 54 BRONCE (5/32) (100 PZAS),PZA,True,0,0,0,0,INDUX SA DE CV,HERRAJES OUTLET,HERRAJES,REMACHES,4
310-AS-0560-100-DL,BOLSA REMACHES INDUX DEL 56 BRONCE (5/32) (100 PZAS),PZA,True,0,0,0,12,INDUX SA DE CV,HERRAJES OUTLET,HERRAJES,REMACHES,4
310-AS-0450-00-DL,CAJA REMACHES INDUX DEL 45 BRONCE (1/8) (1000 PZAS),CAJA,True,2,0,0,-1,INDUX SA DE CV,HERRAJES OUTLET,HERRAJES,REMACHES,4
310-AS-0540-00-DL,CAJA REMACHES INDUX DEL 54 BRONCE (5/32) (1000 PZAS),CAJA,True,0,0,0,8,INDUX SA DE CV,HERRAJES OUTLET,HERRAJES,REMACHES,4
310-AS-0560-00-DL,CAJA REMACHES INDUX DEL 56 BRONCE (5/32 LARGO) (1000 PZAS),CAJA,True,0,0,0,15,INDUX SA DE CV,HERRAJES OUTLET,HERRAJES,REMACHES,4
307-2084100E2,SELLAPOLVO AUTOMATICO BRONCE 1.00 MTS. HERRALUM,PZA,False,0,0,0,0,"HERRALUM INDUSTRIAL, S.A. DE C.V.",HERRAJES OUTLET,HERRAJES,SELLAPOLVOS,4
307-2084120E2,SELLAPOLVO AUTOMATICO BRONCE 1.20 MTS HERRALUM,PZA,True,0,0,0,4,"HERRALUM INDUSTRIAL, S.A. DE C.V.",HERRAJES OUTLET,HERRAJES,SELLAPOLVOS,4
307-2057120E2,SELLAPOLVO SENCILLO BRONCE 1.20 MTS.,PZA,False,0,0,0,0,"HERRALUM INDUSTRIAL, S.A. DE C.V.",HERRAJES OUTLET,HERRAJES,SELLAPOLVOS,4
322-1291280TR,SILICON UNIPEGA USO GRAL TRANSPARENTE HERRALUM 280 ML,PZA,False,0,0,0,0,"HERRALUM INDUSTRIAL, S.A. DE C.V.",HERRAJES OUTLET,SILICONES,SELLADORES Y SILICONES,4
302-205010000,KIT PERIMETRAL LINEA 10000 HERRALUM,KIT,True,0,0,0,70,"HERRALUM INDUSTRIAL, S.A. DE C.V.",HERRALUM LINEAS ESPAÑOLAS,HERRAJES,10000 ESPAÑOLA,4
192-204803100,ESCUADRA DE ALUM OPRESOR AC INOX P/PUERTA SERIE 1400 MOD 1312,PZA,True,0,0,0,13,LA VIGA EXTRUSIONES,HERRALUM LINEAS ESPAÑOLAS,HERRAJES,1400 ESPAÑOLA,4
192-204903100,UNION PILASTRA DE ALUM P/PUERTA SERIE 1400 MOD 1315,PZA,True,0,0,0,185,"HERRALUM INDUSTRIAL, S.A. DE C.V.",HERRALUM LINEAS ESPAÑOLAS,HERRAJES,1400 ESPAÑOLA,4
192-204901400,UNION PILASTRA DE ALUM P/VENTANA SERIE 1400 MOD 1314,PZA,True,0,0,0,95,"HERRALUM INDUSTRIAL, S.A. DE C.V.",HERRALUM LINEAS ESPAÑOLAS,HERRAJES,1400 ESPAÑOLA,4
302-108900000,CARRETILLA LINEA ESPAÑOLA 1000 BAL AGUJAS 75 KILOS,PZA,True,0,0,0,80,"HERRALUM INDUSTRIAL, S.A. DE C.V.",HERRALUM LINEAS ESPAÑOLAS,HERRAJES,4600 ESPAÑOLA,4
302-1089DOB00,CARRETILLA LINEA ESPAÑOLA 1000 DOBLE BAL AGUJAS 150 KILOS,PZA,True,0,0,0,50,"HERRALUM INDUSTRIAL, S.A. DE C.V.",HERRALUM LINEAS ESPAÑOLAS,HERRAJES,4600 ESPAÑOLA,4
302-1382052NE,CIERRE EMBUTIDO SERIE 10000 BASE CORTO 160MM MOD 5000BB NEGRO SIN TORNILLO,PZA,True,0,0,0,50,"HERRALUM INDUSTRIAL, S.A. DE C.V.",HERRALUM LINEAS ESPAÑOLAS,HERRAJES,4600 ESPAÑOLA,4
302-1382053NE,CIERRE EMBUTIDO SERIE 10000 BASE LARGO 200MM MOD 5002BB NEGRO,PZA,True,0,0,0,50,"HERRALUM INDUSTRIAL, S.A. DE C.V.",HERRALUM LINEAS ESPAÑOLAS,HERRAJES,4600 ESPAÑOLA,4
302-204801400,ESCUADRA DE ALUM P/VENTANA SERIE 1400 MOD 1311,PZA,True,0,0,0,86,"HERRALUM INDUSTRIAL, S.A. DE C.V.",HERRALUM LINEAS ESPAÑOLAS,HERRAJES,4600 ESPAÑOLA,4
302-1068359139,ESCUADRA DE BOTON MONTICELLI 35.9 X 13.9 MM 0421/250 SERIE 80 150 4600,PZA,True,0,0,0,104,"HERRALUM INDUSTRIAL, S.A. DE C.V.",HERRALUM LINEAS ESPAÑOLAS,HERRAJES,4600 ESPAÑOLA,4
302-1068230140,ESCUADRA DE BOTON MONTICELLI MB 23.0 X 14.0MM 0410/250 CORTA 4600 3 RIELES,PZA,True,0,0,0,250,"HERRALUM INDUSTRIAL, S.A. DE C.V.",HERRALUM LINEAS ESPAÑOLAS,HERRAJES,4600 ESPAÑOLA,4
302-1068237146,ESCUADRA DE BOTON MONTICELLI MB 23.7X14.6MM 04167/250 S-10000,PZA,True,0,0,0,250,"HERRALUM INDUSTRIAL, S.A. DE C.V.",HERRALUM LINEAS ESPAÑOLAS,HERRAJES,4600 ESPAÑOLA,4
302-204804700,ESCUADRA PARA MARCO Y FIJO SERIE 4600 MOD 1328,PZA,True,0,0,0,102,"HERRALUM INDUSTRIAL, S.A. DE C.V.",HERRALUM LINEAS ESPAÑOLAS,HERRAJES,4600 ESPAÑOLA,4
302-204804800,ESCUADRA TETON CERCO ALUM P/VENTANA 3 RIELES SERIE 4600,PZA,True,8,0,0,92,"HERRALUM INDUSTRIAL, S.A. DE C.V.",HERRALUM LINEAS ESPAÑOLAS,HERRAJES,4600 ESPAÑOLA,4
302-204804600,ESCUADRA TETON HOJA SERIE 80 SERIE 4600 MOD 1326,PZA,True,4,0,0,122,"HERRALUM INDUSTRIAL, S.A. DE C.V.",HERRALUM LINEAS ESPAÑOLAS,HERRAJES,4600 ESPAÑOLA,4
302-138205400,"KIT DE GANCHO Y CONTRA SERIES S150,10000,4500 MOD 5035TX0124",PZA,True,0,0,0,50,"HERRALUM INDUSTRIAL, S.A. DE C.V.",HERRALUM LINEAS ESPAÑOLAS,HERRAJES,4600 ESPAÑOLA,4
302-138205500,"KIT DE GANCHO Y CONTRA SERIES S80, 4600 MOD 5035QAA0124",PZA,True,0,0,0,50,"HERRALUM INDUSTRIAL, S.A. DE C.V.",HERRALUM LINEAS ESPAÑOLAS,HERRAJES,4600 ESPAÑOLA,4
302-205004600,KIT PERIMETRAL LINEA 4600 HERRALUM,KIT,True,0,0,-1,4,"HERRALUM INDUSTRIAL, S.A. DE C.V.",HERRALUM LINEAS ESPAÑOLAS,HERRAJES,4600 ESPAÑOLA,4
192-138202400,CARRETILLA AJUSTABLE 10000 FAPIM 75 KILOS 2 RUEDAS HERRALUM,PZA,True,0,0,0,61,"HERRALUM INDUSTRIAL, S.A. DE C.V.",HERRALUM LINEAS ESPAÑOLAS,HERRAJES,CARRETILLAS,4
192-G-103-E 3 ALM,"CARRETILLA AJUSTABLE 3"" SERIE 70 Y SERIE 100 SISTEMA AGUJAS 70 KILOS",PZA,True,2,0,0,18,HERRAJES EUROPEOS,HERRALUM LINEAS ESPAÑOLAS,HERRAJES,CARRETILLAS,4
192-GT-25/38P,"CARRETILLA AJUSTABLE 3"" SERIE 70 Y SERIE 100 SISTEMA BOLAS 25 KILOS",PZA,True,0,0,0,20,HERRAJES EUROPEOS,HERRALUM LINEAS ESPAÑOLAS,HERRAJES,CARRETILLAS,4
192-GT160/223,CARRETILLA AJUSTABLE S-3600 POLIAMIDA 145 KG X PZA,PZA,True,0,0,0,6,LA VIGA EXTRUSIONES,HERRALUM LINEAS ESPAÑOLAS,HERRAJES,CARRETILLAS,4
192-138201700,CARRETILLA AJUSTABLE S-4600 FAPIM 45 KG 1 RUEDA AGUJAS HERRALUM,PZA,True,0,0,0,50,"HERRALUM INDUSTRIAL, S.A. DE C.V.",HERRALUM LINEAS ESPAÑOLAS,HERRAJES,CARRETILLAS,4
192-138203700,CARRETILLA DERLIN SERIE 10000 REGULABLE DOBLE BALERO DE AGUJAS  MOD 5380FE,PZA,True,0,0,0,50,"HERRALUM INDUSTRIAL, S.A. DE C.V.",HERRALUM LINEAS ESPAÑOLAS,HERRAJES,CARRETILLAS,4
192-138201800,CARRETILLA HOCKEY TANDEM MOD 5310IE 2 RUEDAS SERIE 4600,PZA,True,0,0,0,79,"HERRALUM INDUSTRIAL, S.A. DE C.V.",HERRALUM LINEAS ESPAÑOLAS,HERRAJES,CARRETILLAS,4
320-177-0502L3,"PINZA DE PRESION QUIJADA CURVA 10"" 10WR-3 C/CORTADORA",PZA,True,0,0,0,5,"CASA FERNANDEZ DEL SURESTE, S.A. DE C.V.",HERRAMIENTAS,HERRAJES,HERRAMIENTAS,4
320-103900000,PISTOLA CALAFATEADORA HERRALUM T/ALEMAN NARANJA,PZA,True,0,0,0,51,"HERRALUM INDUSTRIAL, S.A. DE C.V.",HERRAMIENTAS,HERRAJES,HERRAMIENTAS,4
320-103900900,"PISTOLA ESPECIAL P/CALAFATEO DE METAL 9""",PZA,True,0,0,0,33,"HERRALUM INDUSTRIAL, S.A. DE C.V.",HERRAMIENTAS,HERRAJES,HERRAMIENTAS,4
326-490501,PLANTILLA PARA MULTIPUNTO INMAN,PZA,False,0,0,0,0,LA VIGA EXTRUSIONES,HERRAMIENTAS,HERRAMIENTAS,CERRADURAS,4
320-RV421101300,CARBON P/MOTOR FR222,PZA,True,0,0,0,0,"HERRALUM INDUSTRIAL, S.A. DE C.V.",HERRAMIENTAS,HERRAMIENTAS,HERRAMIENTAS,4
901-106B-615-A00-1KT,COMBO BRUSHLESS ROTOMARTILLO MAS ATORNILLADOR DE IMPACTO BOSCH,PZA,True,0,0,0,0,"CASA FERNANDEZ DEL SURESTE, S.A. DE C.V.",HERRAMIENTAS,HERRAMIENTAS,HERRAMIENTAS,4
901-106B-601-9J2-2G1,COMBO ROTOMARTILLO GDX18V-200 + ATORN GSB18V-50 BOSCH,PZA,True,0,0,0,1,"CASA FERNANDEZ DEL SURESTE, S.A. DE C.V.",HERRAMIENTAS,HERRAMIENTAS,HERRAMIENTAS,4
126-2287-21,ESCALERA CONVERTIBLE ALUMINIO CUPRUM MOD C-2287,PZA,False,0,0,0,0,LA VIGA EXTRUSIONES,HERRAMIENTAS,HERRAMIENTAS,HERRAMIENTAS,4
326-199U-46410LBGP,"LLAVE HEXAGONAL ""T""  ERGONOMICA PUNTA DE BOLA DE 9X5/32 URREA",PZA,True,0,0,0,8,"CASA FERNANDEZ DEL SURESTE, S.A. DE C.V.",HERRAMIENTAS,HERRAMIENTAS,HERRAMIENTAS,4
326-46408G,"LLAVE HEXAGONAL ""T"" DE 1/8 MANGO ROJO DE VINIL DE 6""",PZA,True,0,0,0,7,"CASA FERNANDEZ DEL SURESTE, S.A. DE C.V.",HERRAMIENTAS,HERRAMIENTAS,HERRAMIENTAS,4
326-46410G,"LLAVE HEXAGONAL ""T"" DE 5/32 MANGO ROJO DE VINIL LARGO DE 6""",PZA,True,0,0,0,1,"CASA FERNANDEZ DEL SURESTE, S.A. DE C.V.",HERRAMIENTAS,HERRAMIENTAS,HERRAMIENTAS,4
326-46512GP,"LLAVE HEXAGONAL ""T"" ERGONOMICA 3MM X 6 URREA (MANGO AZUL)",PZA,True,0,0,0,6,"CASA FERNANDEZ DEL SURESTE, S.A. DE C.V.",HERRAMIENTAS,HERRAMIENTAS,HERRAMIENTAS,4
323-46514LGP,"LLAVE HEXAGONAL ""T"" ERGONOMICA 4MM X 9 URREA (MANGO AZUL)",PZA,True,0,0,0,1,"CASA FERNANDEZ DEL SURESTE, S.A. DE C.V.",HERRAMIENTAS,HERRAMIENTAS,HERRAMIENTAS,4
326-199U-46514G,"LLAVE HEXAGONAL ""T"" MANGO DE VINIL 4,MM X 6 URREA",PZA,True,0,0,0,1,"CASA FERNANDEZ DEL SURESTE, S.A. DE C.V.",HERRAMIENTAS,HERRAMIENTAS,HERRAMIENTAS,4
901-109H-5378-20,TALADRO MARTILLO MILWAUKEE 1/2,PZA,False,0,0,0,0,"CASA FERNANDEZ DEL SURESTE, S.A. DE C.V.",HERRAMIENTAS,HERRAMIENTAS,HERRAMIENTAS,1
192-106B-600-Z00-036,BATERIA LI-ION 18 V MAX (2 AH) PARA HERRAMIENTAS 18 V,PZA,False,0,0,0,0,"CASA FERNANDEZ DEL SURESTE, S.A. DE C.V.",HERRAMIENTAS,HERRAMIENTAS,MAQUINARIA,4
152-1301002BL,JALADERA POMO P/CANCEL DE BAÑO RIO BRAVO BLANCO,PZA,True,0,0,0,10,"HERRALUM INDUSTRIAL, S.A. DE C.V.",JALADERAS,BAÑOS,CANCELES DE BAÑO,4
152-1301002CO,JALADERA POMO P/CANCEL DE BAÑO RIO BRAVO CROMADO,PZA,True,0,0,0,18,"HERRALUM INDUSTRIAL, S.A. DE C.V.",JALADERAS,BAÑOS,CANCELES DE BAÑO,4
152-1301002NE,JALADERA POMO P/CANCEL DE BAÑO RIO BRAVO NEGRA,PZA,True,0,0,0,9,"HERRALUM INDUSTRIAL, S.A. DE C.V.",JALADERAS,BAÑOS,CANCELES DE BAÑO,4
320-MX81107,CERRADURA DE POMO PARA BAÑO CROMO MATE PHILLIPS,PZA,True,0,0,0,19,"ASSA ABLOY MEXICO, S.A. DE C.V.",JALADERAS,HERRAJES,JALADERAS,4
302-2021012BL,JALADERA 2012 ESTRIADA HERRALUM BLANCA,PZA,False,0,0,0,0,"HERRALUM INDUSTRIAL, S.A. DE C.V.",JALADERAS,HERRAJES,JALADERAS,4
302-2021012NO,JALADERA 2012 ESTRIADA HERRALUM MADERA NOGAL,PZA,True,1,0,0,54,"HERRALUM INDUSTRIAL, S.A. DE C.V.",JALADERAS,HERRAJES,JALADERAS,4
302-2020012BE,JALADERA 2012 HERRALUM BEIGE (NORMAL),PZA,False,0,0,0,0,"HERRALUM INDUSTRIAL, S.A. DE C.V.",JALADERAS,HERRAJES,JALADERAS,4
302-2021012BE,JALADERA 2012 HERRALUM BEIGE ESTRIADA,PZA,False,0,0,0,0,"HERRALUM INDUSTRIAL, S.A. DE C.V.",JALADERAS,HERRAJES,JALADERAS,4
302-2020012BL,JALADERA 2012 HERRALUM BLANCO,PZA,True,-10,0,-34,408,"HERRALUM INDUSTRIAL, S.A. DE C.V.",JALADERAS,HERRAJES,JALADERAS,4
302-2020012E2,JALADERA 2012 HERRALUM CAFE,PZA,False,0,0,0,0,"HERRALUM INDUSTRIAL, S.A. DE C.V.",JALADERAS,HERRAJES,JALADERAS,4
302-2020012CB,JALADERA 2012 HERRALUM CHAMPAGNE BRILLANTE,PZA,True,1,0,-2,411,"HERRALUM INDUSTRIAL, S.A. DE C.V.",JALADERAS,HERRAJES,JALADERAS,4
302-2020012NA,JALADERA 2012 HERRALUM NATURAL,PZA,True,0,0,0,446,"HERRALUM INDUSTRIAL, S.A. DE C.V.",JALADERAS,HERRAJES,JALADERAS,4
302-2020012NB,JALADERA 2012 HERRALUM NATURAL PULIDO,PZA,True,0,0,0,79,"HERRALUM INDUSTRIAL, S.A. DE C.V.",JALADERAS,HERRAJES,JALADERAS,4
302-2020012NE,JALADERA 2012 HERRALUM NEGRO,PZA,True,0,0,-10,431,"HERRALUM INDUSTRIAL, S.A. DE C.V.",JALADERAS,HERRAJES,JALADERAS,4
302-2021018NO,JALADERA 2018 ESTRIADA HERRALUM MADERA NOGAL,PZA,True,0,0,0,83,"HERRALUM INDUSTRIAL, S.A. DE C.V.",JALADERAS,HERRAJES,JALADERAS,4
302-2021018NB,JALADERA 2018 ESTRIADA HERRALUM NATURAL PULIDO,PZA,False,0,0,0,0,"HERRALUM INDUSTRIAL, S.A. DE C.V.",JALADERAS,HERRAJES,JALADERAS,4
302-2020018BL,JALADERA 2018 HERRALUM BLANCO,PZA,True,0,0,-1,84,"HERRALUM INDUSTRIAL, S.A. DE C.V.",JALADERAS,HERRAJES,JALADERAS,4
302-2020018E2,JALADERA 2018 HERRALUM BRONCE,PZA,True,0,0,0,0,"HERRALUM INDUSTRIAL, S.A. DE C.V.",JALADERAS,HERRAJES,JALADERAS,4
302-2020018CB,JALADERA 2018 HERRALUM CHAMPAGNE BRILLANTE,PZA,True,0,0,0,78,"HERRALUM INDUSTRIAL, S.A. DE C.V.",JALADERAS,HERRAJES,JALADERAS,4
302-2020018NA,JALADERA 2018 HERRALUM NATURAL,PZA,True,0,0,0,88,"HERRALUM INDUSTRIAL, S.A. DE C.V.",JALADERAS,HERRAJES,JALADERAS,4
302-2020018NB,JALADERA 2018 HERRALUM NATURAL PULIDO,PZA,True,0,0,0,27,"HERRALUM INDUSTRIAL, S.A. DE C.V.",JALADERAS,HERRAJES,JALADERAS,4
302-2020018NE,JALADERA 2018 HERRALUM NEGRO,PZA,True,0,0,0,74,"HERRALUM INDUSTRIAL, S.A. DE C.V.",JALADERAS,HERRAJES,JALADERAS,4
302-126I-2011A-CH,"JALADERA AUTOM  EMBUTIR 2"" INMAN CHAMPAGNE PULIDO",PZA,True,0,0,0,77,"CASA FERNANDEZ DEL SURESTE, S.A. DE C.V.",JALADERAS,HERRAJES,JALADERAS,4
302-126I-2011A-NB,"JALADERA AUTOM EMBUTIR 2"" INMAN NATURAL PULIDO",PZA,True,2,0,0,49,"CASA FERNANDEZ DEL SURESTE, S.A. DE C.V.",JALADERAS,HERRAJES,JALADERAS,4
302-126I-2011A-E400,"JALADERA AUTOM EMBUTIR 2"" INMAN NEGRO",PZA,True,-4,0,-10,79,"CASA FERNANDEZ DEL SURESTE, S.A. DE C.V.",JALADERAS,HERRAJES,JALADERAS,4
302-IN-011BE,"JALADERA AUTOM EMBUTIR 3"" INMAN BEIGE",PZA,True,0,0,0,0,"ROBIN HERRAJES Y ACCESORIOS, S DE RL DE CV",JALADERAS,HERRAJES,JALADERAS,4
302-126I-1002-BL,"JALADERA AUTOM EMBUTIR 3"" INMAN BLANCA",PZA,True,0,0,0,98,"CASA FERNANDEZ DEL SURESTE, S.A. DE C.V.",JALADERAS,HERRAJES,JALADERAS,4
302-126I-1002-CH,"JALADERA AUTOM EMBUTIR 3"" INMAN CHAMPAGNE PULIDO",PZA,True,0,0,0,60,"CASA FERNANDEZ DEL SURESTE, S.A. DE C.V.",JALADERAS,HERRAJES,JALADERAS,4
302-126I-1002-NB,"JALADERA AUTOM EMBUTIR 3"" INMAN NATURAL PULIDO",PZA,True,1,0,0,46,"CASA FERNANDEZ DEL SURESTE, S.A. DE C.V.",JALADERAS,HERRAJES,JALADERAS,4
302-126I-1002-E400,"JALADERA AUTOM EMBUTIR 3"" INMAN NEGRO",PZA,True,0,0,0,63,"CASA FERNANDEZ DEL SURESTE, S.A. DE C.V.",JALADERAS,HERRAJES,JALADERAS,4
320-MX67234,JALADERA BOTON (POMO) BRUKEN NEGRA PERILLA P/CRISTAL TEMPLADO BRK 7221,PZA,True,0,0,0,12,"ASSA ABLOY MEXICO, S.A. DE C.V.",JALADERAS,HERRAJES,JALADERAS,4
320-MX66680,"JALADERA BRUKEN ""H"" HUECA 22 CMS ACERO INOXIDABLE P/MUEBLES",PZA,True,0,0,0,191,"ASSA ABLOY MEXICO, S.A. DE C.V.",JALADERAS,HERRAJES,JALADERAS,4
302-2131000NO,JALADERA CONTRA PLANA 12 CM CHICA MADERA NOGAL HERRALUM,PZA,True,0,0,0,157,"HERRALUM INDUSTRIAL, S.A. DE C.V.",JALADERAS,HERRAJES,JALADERAS,4
302-2131000NB,JALADERA CONTRA PLANA 12 CM CHICA NATURAL PULIDO,PZA,True,1,0,0,143,"HERRALUM INDUSTRIAL, S.A. DE C.V.",JALADERAS,HERRAJES,JALADERAS,4
302-2131000NE,JALADERA CONTRA PLANA 12 CM CHICA NEGRO HERRALUM,PZA,True,0,0,0,144,"HERRALUM INDUSTRIAL, S.A. DE C.V.",JALADERAS,HERRAJES,JALADERAS,4
302-2131000BE,JALADERA CONTRA PLANA 12CM CHICA BEIGE HERRALUM,PZA,True,0,0,0,0,"HERRALUM INDUSTRIAL, S.A. DE C.V.",JALADERAS,HERRAJES,JALADERAS,4
302-2131000BL,JALADERA CONTRA PLANA 12CM CHICA BLANCO HERRALUM,PZA,True,0,0,0,202,"HERRALUM INDUSTRIAL, S.A. DE C.V.",JALADERAS,HERRAJES,JALADERAS,4
302-2131000E2,JALADERA CONTRA PLANA 12CM CHICA CAFE HERRALUM,PZA,False,0,0,0,0,"HERRALUM INDUSTRIAL, S.A. DE C.V.",JALADERAS,HERRAJES,JALADERAS,4
302-2131000CB,JALADERA CONTRA PLANA 12CM CHICA CHAMP BRILL HERRALUM,PZA,True,0,0,0,231,"HERRALUM INDUSTRIAL, S.A. DE C.V.",JALADERAS,HERRAJES,JALADERAS,4
302-2131000NA,JALADERA CONTRA PLANA 12CM CHICA NATURAL HERRALUM,PZA,True,0,0,-4,285,"HERRALUM INDUSTRIAL, S.A. DE C.V.",JALADERAS,HERRAJES,JALADERAS,4
302-2132000BL,JALADERA CONTRA PLANA 18 CM GRANDE BLANCO HERRALUM,PZA,True,0,0,0,209,"HERRALUM INDUSTRIAL, S.A. DE C.V.",JALADERAS,HERRAJES,JALADERAS,4
302-2132000E2,JALADERA CONTRA PLANA 18 CM GRANDE CAFE HERRALUM,PZA,True,4,0,0,-4,"HERRALUM INDUSTRIAL, S.A. DE C.V.",JALADERAS,HERRAJES,JALADERAS,4
302-2132000CB,JALADERA CONTRA PLANA 18 CM GRANDE CHAMP BRIL HERRALUM,PZA,True,0,0,0,229,"HERRALUM INDUSTRIAL, S.A. DE C.V.",JALADERAS,HERRAJES,JALADERAS,4
302-2132000NO,JALADERA CONTRA PLANA 18 CM GRANDE MADERA NOGAL HERRALUM,PZA,True,0,0,0,110,"HERRALUM INDUSTRIAL, S.A. DE C.V.",JALADERAS,HERRAJES,JALADERAS,4
302-2132000NA,JALADERA CONTRA PLANA 18 CM GRANDE NATURAL HERRALUM,PZA,True,0,0,0,158,"HERRALUM INDUSTRIAL, S.A. DE C.V.",JALADERAS,HERRAJES,JALADERAS,4
302-2132000NB,JALADERA CONTRA PLANA 18 CM GRANDE NATURAL PULIDO,PZA,True,0,0,0,100,"HERRALUM INDUSTRIAL, S.A. DE C.V.",JALADERAS,HERRAJES,JALADERAS,4
302-2132000NE,JALADERA CONTRA PLANA 18 CM GRANDE NEGRO HERRALUM,PZA,True,0,0,-4,153,"HERRALUM INDUSTRIAL, S.A. DE C.V.",JALADERAS,HERRAJES,JALADERAS,4
302-MX67272,JALADERA CUADRADA BRUKEN NEGRA MATE 340X305 BRK7656B,PZA,True,0,0,0,13,"ASSA ABLOY MEXICO, S.A. DE C.V.",JALADERAS,HERRAJES,JALADERAS,4
302-2193000BL,"JALADERA EMBUTIR 2"" AUT/MANUAL HERRALUM BLANCA",PZA,False,0,0,0,0,"HERRALUM INDUSTRIAL, S.A. DE C.V.",JALADERAS,HERRAJES,JALADERAS,4
302-2193000NO,"JALADERA EMBUTIR 2"" AUT/MANUAL HERRALUM MADERA NOGAL",PZA,False,0,0,0,0,"HERRALUM INDUSTRIAL, S.A. DE C.V.",JALADERAS,HERRAJES,JALADERAS,4
302-2182000BL,"JALADERA EMBUTIR 3"" T/ESPAÑOLA BLANCA HERRALUM",PZA,True,1,0,0,185,"HERRALUM INDUSTRIAL, S.A. DE C.V.",JALADERAS,HERRAJES,JALADERAS,4
302-2182000CA,"JALADERA EMBUTIR 3"" T/ESPAÑOLA BRONCE HERRALUM",PZA,True,0,0,0,107,"HERRALUM INDUSTRIAL, S.A. DE C.V.",JALADERAS,HERRAJES,JALADERAS,4
302-2182000NO,"JALADERA EMBUTIR 3"" T/ESPAÑOLA MADERA NOGAL HERRALUM",PZA,False,0,0,0,0,"HERRALUM INDUSTRIAL, S.A. DE C.V.",JALADERAS,HERRAJES,JALADERAS,4
302-2182000GR,"JALADERA EMBUTIR 3"" T/ESPAÑOLA NATURAL HERRALUM",PZA,True,1,0,0,0,"HERRALUM INDUSTRIAL, S.A. DE C.V.",JALADERAS,HERRAJES,JALADERAS,4
302-2182000NB,"JALADERA EMBUTIR 3"" T/ESPAÑOLA NATURAL PULIDO HERRALUM",PZA,True,0,0,0,41,"HERRALUM INDUSTRIAL, S.A. DE C.V.",JALADERAS,HERRAJES,JALADERAS,4
302-F-301 S A,"JALADERA EMBUTIR DE 2 Y 3"" MANUAL-AUT HERR EUR NEGRO",PZA,False,0,0,0,0,LA VIGA EXTRUSIONES,JALADERAS,HERRAJES,JALADERAS,4
302-1280300NE,"JALADERA EMBUTIR ZAMAK 3"" EUROVENT NEGRO",PZA,True,0,0,0,6,"HERRALUM INDUSTRIAL, S.A. DE C.V.",JALADERAS,HERRAJES,JALADERAS,4
302-2028025BL,JALADERA ESTRIADA 25 CM BLANCO HERRALUM,PZA,True,0,0,0,2,LA VIGA EXTRUSIONES,JALADERAS,HERRAJES,JALADERAS,4
302-2028025E2,JALADERA ESTRIADA 25 CM CAFE HERRALUM,PZA,True,0,0,0,2,"HERRALUM INDUSTRIAL, S.A. DE C.V.",JALADERAS,HERRAJES,JALADERAS,4
302-2028025NA,JALADERA ESTRIADA 25 CM NATURAL HERRALUM,PZA,True,0,0,0,44,"HERRALUM INDUSTRIAL, S.A. DE C.V.",JALADERAS,HERRAJES,JALADERAS,4
302-2028025E4,JALADERA ESTRIADA 25 CM NEGRA HERRALUM,PZA,True,0,0,0,21,"HERRALUM INDUSTRIAL, S.A. DE C.V.",JALADERAS,HERRAJES,JALADERAS,4
302-JAP12-ACH,JALADERA FORMAICA 12 CMS CHAMPAGNE TECNO,PZA,False,0,0,0,0,"ASSA ABLOY MEXICO, S.A. DE C.V.",JALADERAS,HERRAJES,JALADERAS,4
302-JAP18-BRON,JALADERA FORMAICA 18 CMS TECNO BRONCE,PZA,True,0,0,0,37,"ASSA ABLOY MEXICO, S.A. DE C.V.",JALADERAS,HERRAJES,JALADERAS,4
302-JAP18-ADK,JALADERA FORMAICA 18 CMS TECNO CAFE,PZA,True,0,0,0,76,"ASSA ABLOY MEXICO, S.A. DE C.V.",JALADERAS,HERRAJES,JALADERAS,4
302-MX65742,JALADERA FORMAICA 18 CMS TECNO NATURAL,PZA,True,0,0,0,45,"ASSA ABLOY MEXICO, S.A. DE C.V.",JALADERAS,HERRAJES,JALADERAS,4
302-MX65734,JALADERA FORMAICA 18 TECNO BLANCO,PZA,True,0,0,0,153,"ASSA ABLOY MEXICO, S.A. DE C.V.",JALADERAS,HERRAJES,JALADERAS,4
302-MX65716,JALADERA FORMAICA 2012 TECNO BLANCA,PZA,True,0,0,0,223,"ASSA ABLOY MEXICO, S.A. DE C.V.",JALADERAS,HERRAJES,JALADERAS,4
302-126I-2011M-BCO,"JALADERA MANUAL EMBUTIR 2"" INMAN BLANCO",PZA,True,4,0,-1,86,"CASA FERNANDEZ DEL SURESTE, S.A. DE C.V.",JALADERAS,HERRAJES,JALADERAS,4
302-126I-2011M-E400,"JALADERA MANUAL EMBUTIR 2"" INMAN NEGRO",PZA,True,0,0,0,97,"CASA FERNANDEZ DEL SURESTE, S.A. DE C.V.",JALADERAS,HERRAJES,JALADERAS,4
302-1001-ABGE,"JALADERA MANUAL EMBUTIR 3"" INMAN BEIGE",PZA,False,0,0,0,0,"CASA FERNANDEZ DEL SURESTE, S.A. DE C.V.",JALADERAS,HERRAJES,JALADERAS,1
302-126I-1001-BCO,"JALADERA MANUAL EMBUTIR 3"" INMAN BLANCO",PZA,True,0,0,0,69,"CASA FERNANDEZ DEL SURESTE, S.A. DE C.V.",JALADERAS,HERRAJES,JALADERAS,4
302-126I-1001-CH,"JALADERA MANUAL EMBUTIR 3"" INMAN CHAMPAGNE PULIDO",PZA,True,0,0,0,67,"CASA FERNANDEZ DEL SURESTE, S.A. DE C.V.",JALADERAS,HERRAJES,JALADERAS,4
302-126I-1001-NAT,"JALADERA MANUAL EMBUTIR 3"" INMAN NATURAL",PZA,True,0,0,0,73,"CASA FERNANDEZ DEL SURESTE, S.A. DE C.V.",JALADERAS,HERRAJES,JALADERAS,4
302-126I-1001-NB,"JALADERA MANUAL EMBUTIR 3"" INMAN NATURAL PULIDO",PZA,True,0,0,0,54,"CASA FERNANDEZ DEL SURESTE, S.A. DE C.V.",JALADERAS,HERRAJES,JALADERAS,4
302-126I-1001-E400,"JALADERA MANUAL EMBUTIR 3"" INMAN NEGRO",PZA,True,-8,0,0,35,"CASA FERNANDEZ DEL SURESTE, S.A. DE C.V.",JALADERAS,HERRAJES,JALADERAS,4
302-2022000BE,JALADERA P/BAÑO ANODIZADO BEIGE,PZA,True,0,0,0,0,"HERRALUM INDUSTRIAL, S.A. DE C.V.",JALADERAS,HERRAJES,JALADERAS,4
302-2022000BL,JALADERA P/BAÑO ANODIZADO BLANCO,PZA,True,-4,0,0,462,"HERRALUM INDUSTRIAL, S.A. DE C.V.",JALADERAS,HERRAJES,JALADERAS,4
302-2022000E2,JALADERA P/BAÑO ANODIZADO CAFE,PZA,False,0,0,0,0,"HERRALUM INDUSTRIAL, S.A. DE C.V.",JALADERAS,HERRAJES,JALADERAS,4
302-2022000CB,JALADERA P/BAÑO ANODIZADO CHAMPAGNE BRILLANTE,PZA,True,0,0,-3,905,"HERRALUM INDUSTRIAL, S.A. DE C.V.",JALADERAS,HERRAJES,JALADERAS,4
302-2022000NA,JALADERA P/BAÑO ANODIZADO NATURAL,PZA,True,0,0,0,1046,"HERRALUM INDUSTRIAL, S.A. DE C.V.",JALADERAS,HERRAJES,JALADERAS,4
302-2022000NB,JALADERA P/BAÑO ANODIZADO NATURAL PULIDO,PZA,True,0,0,0,229,"HERRALUM INDUSTRIAL, S.A. DE C.V.",JALADERAS,HERRAJES,JALADERAS,4
302-2022-AO,JALADERA P/BAÑO ANODIZADO ORO,PZA,True,0,0,0,0,"HERRALUM INDUSTRIAL, S.A. DE C.V.",JALADERAS,HERRAJES,JALADERAS,4
302-2022000NO,JALADERA P/BAÑO MADERA NOGAL HERRALUM,PZA,True,0,0,0,177,"HERRALUM INDUSTRIAL, S.A. DE C.V.",JALADERAS,HERRAJES,JALADERAS,4
302-2022000NE,JALADERA P/BAÑO NEGRO HERRALUM,PZA,False,0,0,0,0,"HERRALUM INDUSTRIAL, S.A. DE C.V.",JALADERAS,HERRAJES,JALADERAS,4
302-2022000E4,JALADERA P/BAÑO NEGRO HERRALUM,PZA,False,0,0,0,0,"HERRALUM INDUSTRIAL, S.A. DE C.V.",JALADERAS,HERRAJES,JALADERAS,4
302-2022000NEM,JALADERA P/BAÑO NEGRO MATE HERRALUM,PZA,True,-15,0,0,1037,"HERRALUM INDUSTRIAL, S.A. DE C.V.",JALADERAS,HERRAJES,JALADERAS,4
302-2186000BL,JALADERA P/BAÑO PLASTICO EUROVENT BLANCO,PZA,True,0,0,0,56,"HERRALUM INDUSTRIAL, S.A. DE C.V.",JALADERAS,HERRAJES,JALADERAS,4
302-2186000NE,JALADERA P/BAÑO PLASTICO EUROVENT NEGRO,PZA,True,0,0,-2,49,"HERRALUM INDUSTRIAL, S.A. DE C.V.",JALADERAS,HERRAJES,JALADERAS,4
302-MX65650,"JALADERA P/EMBUTIR DE 2"" BLANCO TECNO AUTOM",PZA,True,0,0,0,159,"ASSA ABLOY MEXICO, S.A. DE C.V.",JALADERAS,HERRAJES,JALADERAS,4
302-MX66860,"JALADERA P/EMBUTIR DE 2"" NATURAL TECNO AUTOM",PZA,True,58,0,0,202,"ASSA ABLOY MEXICO, S.A. DE C.V.",JALADERAS,HERRAJES,JALADERAS,4
302-MX66859,"JALADERA P/EMBUTIR DE 2"" NEGRO TECNO AUTOM",PZA,True,0,0,-4,108,"ASSA ABLOY MEXICO, S.A. DE C.V.",JALADERAS,HERRAJES,JALADERAS,4
302-MX65652,"JALADERA P/EMBUTIR DE 3"" BLANCO TECNO AUTOM",PZA,True,0,0,0,183,"ASSA ABLOY MEXICO, S.A. DE C.V.",JALADERAS,HERRAJES,JALADERAS,4
302-MX66857,"JALADERA P/EMBUTIR DE 3"" NATURAL TECNO AUTOMATICA",PZA,True,60,0,0,227,"ASSA ABLOY MEXICO, S.A. DE C.V.",JALADERAS,HERRAJES,JALADERAS,4
302-MX65653,"JALADERA P/EMBUTIR DE 3"" NEGRO TECNO AUTOMATICA",PZA,True,0,0,-4,182,"ASSA ABLOY MEXICO, S.A. DE C.V.",JALADERAS,HERRAJES,JALADERAS,4
302-2123000BL,JALADERA P/LINEA DE 1 1/2 BLANCO,PZA,True,0,0,0,274,"HERRALUM INDUSTRIAL, S.A. DE C.V.",JALADERAS,HERRAJES,JALADERAS,4
302-2123000E2,JALADERA P/LINEA DE 1 1/2 CAFE,PZA,True,0,0,0,281,"HERRALUM INDUSTRIAL, S.A. DE C.V.",JALADERAS,HERRAJES,JALADERAS,4
302-2123000NA,JALADERA P/LINEA DE 1 1/2 NATURAL,PZA,True,0,0,0,98,"HERRALUM INDUSTRIAL, S.A. DE C.V.",JALADERAS,HERRAJES,JALADERAS,4
302-1231000BL,JALADERA P/PTA BATIENTE LINEA PREMIER BLANCA HERRALUM,PZA,True,0,0,0,86,"HERRALUM INDUSTRIAL, S.A. DE C.V.",JALADERAS,HERRAJES,JALADERAS,4
302-1231000GR,JALADERA P/PTA BATIENTE LINEA PREMIER NATURAL HERRALUM,PZA,True,0,0,0,71,"HERRALUM INDUSTRIAL, S.A. DE C.V.",JALADERAS,HERRAJES,JALADERAS,4
302-1231000NE,JALADERA P/PTA BATIENTE LINEA PREMIER NEGRA HERRALUM,PZA,True,0,0,0,83,"HERRALUM INDUSTRIAL, S.A. DE C.V.",JALADERAS,HERRAJES,JALADERAS,4
302-1231000SA,JALADERA P/PTA BATIENTE LINEA PREMIER SATINADA HERRALUM,PZA,True,0,0,0,0,"HERRALUM INDUSTRIAL, S.A. DE C.V.",JALADERAS,HERRAJES,JALADERAS,4
302-1231001BL,JALADERA P/PTA BATIENTE REFORZADA LINEA PREMIER BLANCA HERRALUM,PZA,True,0,0,0,0,"HERRALUM INDUSTRIAL, S.A. DE C.V.",JALADERAS,HERRAJES,JALADERAS,4
302-1231001GR,JALADERA P/PTA BATIENTE REFORZADA LINEA PREMIER NATURAL HERRALUM,PZA,True,0,0,0,14,"HERRALUM INDUSTRIAL, S.A. DE C.V.",JALADERAS,HERRAJES,JALADERAS,4
302-1231001NE,JALADERA P/PTA BATIENTE REFORZADA LINEA PREMIER NEGRA HERRALUM,PZA,True,0,0,0,29,"HERRALUM INDUSTRIAL, S.A. DE C.V.",JALADERAS,HERRAJES,JALADERAS,4
302-2024DERBL,JALADERA P/VENTANA DE PROYECCION BLANCA DERECHA,PZA,True,0,0,0,41,"HERRALUM INDUSTRIAL, S.A. DE C.V.",JALADERAS,HERRAJES,JALADERAS,4
302-2024IZQBL,JALADERA P/VENTANA DE PROYECCION BLANCA IZQUIERDA,PZA,True,0,0,0,51,"HERRALUM INDUSTRIAL, S.A. DE C.V.",JALADERAS,HERRAJES,JALADERAS,4
302-2024000BL,JALADERA P/VENTANA DE PROYECCION BLANCO UNIVERSAL,PZA,True,0,0,0,66,"HERRALUM INDUSTRIAL, S.A. DE C.V.",JALADERAS,HERRAJES,JALADERAS,4
302-2024DERCA,JALADERA P/VENTANA DE PROYECCION CAFE DERECHO,PZA,True,0,0,0,1,"HERRALUM INDUSTRIAL, S.A. DE C.V.",JALADERAS,HERRAJES,JALADERAS,4
302-2024IZQCA,JALADERA P/VENTANA DE PROYECCION CAFE IZQUIERDA,PZA,True,0,0,0,15,"HERRALUM INDUSTRIAL, S.A. DE C.V.",JALADERAS,HERRAJES,JALADERAS,4
302-2024000CA,JALADERA P/VENTANA DE PROYECCION CAFE UNIVERSAL,PZA,True,0,0,0,0,"HERRALUM INDUSTRIAL, S.A. DE C.V.",JALADERAS,HERRAJES,JALADERAS,4
302-2024DERGR,JALADERA P/VENTANA DE PROYECCION NATURAL DERECHA,PZA,True,0,0,0,35,"HERRALUM INDUSTRIAL, S.A. DE C.V.",JALADERAS,HERRAJES,JALADERAS,4
302-2024IZQGR,JALADERA P/VENTANA DE PROYECCION NATURAL IZQUIERDO,PZA,True,0,0,0,39,"HERRALUM INDUSTRIAL, S.A. DE C.V.",JALADERAS,HERRAJES,JALADERAS,4
302-2024000GR,JALADERA P/VENTANA DE PROYECCION NATURAL UNIVERSAL,PZA,True,0,0,0,55,"HERRALUM INDUSTRIAL, S.A. DE C.V.",JALADERAS,HERRAJES,JALADERAS,4
302-2024DERNE,JALADERA P/VENTANA DE PROYECCION NEGRA DERECHO,PZA,True,0,0,0,45,"HERRALUM INDUSTRIAL, S.A. DE C.V.",JALADERAS,HERRAJES,JALADERAS,4
302-2024000NE,JALADERA P/VENTANA DE PROYECCION NEGRO UNIVERSAL,PZA,True,0,0,0,46,"HERRALUM INDUSTRIAL, S.A. DE C.V.",JALADERAS,HERRAJES,JALADERAS,4
302-2092000CR,JALADERA P/VITRINA (AUTOADHERIBLE),PZA,True,-2,0,0,205,"HERRALUM INDUSTRIAL, S.A. DE C.V.",JALADERAS,HERRAJES,JALADERAS,4
320-MX66206,"JALADERA TIPO ""S"" CROMADA BRUKEN 32 X 500 BRK347",PZA,True,0,0,0,8,"ASSA ABLOY MEXICO, S.A. DE C.V.",JALADERAS,HERRAJES,JALADERAS,4
320-MX66207,"JALADERA TIPO ""S"" SATINADA BRUKEN 32 X 500 BRK347",PZA,True,0,0,0,9,"ASSA ABLOY MEXICO, S.A. DE C.V.",JALADERAS,HERRAJES,JALADERAS,4
302-1020000CB,"JALADERA TIPO AMERICANA P/EMB DE 3"" CON CHAPA CHAMPAGNE",PZA,True,0,0,0,29,"HERRALUM INDUSTRIAL, S.A. DE C.V.",JALADERAS,HERRAJES,JALADERAS,4
302-1020000BL,JALADERA TIPO AMERICANA P/EMB DE 3' CON CHAPA BLANCO,PZA,True,0,0,0,60,"HERRALUM INDUSTRIAL, S.A. DE C.V.",JALADERAS,HERRAJES,JALADERAS,4
302-1020000CA,JALADERA TIPO AMERICANA P/EMB DE 3' CON CHAPA BRONCE,PZA,False,0,0,0,0,"HERRALUM INDUSTRIAL, S.A. DE C.V.",JALADERAS,HERRAJES,JALADERAS,4
302-1020000GR,JALADERA TIPO AMERICANA P/EMB DE 3' CON CHAPA NATURAL,PZA,True,0,0,0,25,"HERRALUM INDUSTRIAL, S.A. DE C.V.",JALADERAS,HERRAJES,JALADERAS,4
302-1020000NE,JALADERA TIPO AMERICANA P/EMB DE 3' CON CHAPA NEGRO,PZA,True,0,0,0,41,"HERRALUM INDUSTRIAL, S.A. DE C.V.",JALADERAS,HERRAJES,JALADERAS,4
302-1021-ABL,JALADERA TIPO ZAMAC BLANCA,PZA,False,0,0,0,0,"ASESORIA TECNICA PENINSULAR, S.A.",JALADERAS,HERRAJES,JALADERAS,4
302-2145000NO,"JALADERA TIRADOR DE 3"" DE 20 CM MADERA NOGAL HERRALUM",PZA,True,0,0,0,43,"HERRALUM INDUSTRIAL, S.A. DE C.V.",JALADERAS,HERRAJES,JALADERAS,4
302-2145000NE,"JALADERA TIRADOR DE 3"" DE 20 CMS NEGRA HERRALUM",PZA,True,0,0,0,40,"HERRALUM INDUSTRIAL, S.A. DE C.V.",JALADERAS,HERRAJES,JALADERAS,4
302-2145000BL,JALADERA TIRADOR DE 3' DE 20 CM BLANCO HERRALUM,PZA,True,0,0,0,33,"HERRALUM INDUSTRIAL, S.A. DE C.V.",JALADERAS,HERRAJES,JALADERAS,4
302-2145000CB,JALADERA TIRADOR DE 3' DE 20 CM CHAMP PULIDO HERRALUM,PZA,True,0,0,0,61,"HERRALUM INDUSTRIAL, S.A. DE C.V.",JALADERAS,HERRAJES,JALADERAS,4
302-2145000GR,JALADERA TIRADOR DE 3' DE 20 CM NATURAL HERRALUM,PZA,True,0,0,0,58,"HERRALUM INDUSTRIAL, S.A. DE C.V.",JALADERAS,HERRAJES,JALADERAS,4
302-2195000BL,"JALADERA UÑERO DE EMBUTIR P/MOSQ, HERRALUM BLANCO",PZA,True,2,0,-1,51,"HERRALUM INDUSTRIAL, S.A. DE C.V.",JALADERAS,HERRAJES,JALADERAS,4
302-2195000GR,"JALADERA UÑERO DE EMBUTIR P/MOSQ, HERRALUM GRIS",PZA,True,0,0,0,52,"HERRALUM INDUSTRIAL, S.A. DE C.V.",JALADERAS,HERRAJES,JALADERAS,4
302-2195000NE,"JALADERA UÑERO DE EMBUTIR P/MOSQ, HERRALUM NEGRO",PZA,True,4,0,0,47,"HERRALUM INDUSTRIAL, S.A. DE C.V.",JALADERAS,HERRAJES,JALADERAS,4
302-2204000CO,JALADERA BOTON HERRALUM P/BAÑO CRISTAL TEMPLADO CROMADO,PZA,True,1,0,0,9,"HERRALUM INDUSTRIAL, S.A. DE C.V.",JALADERAS,HERRAJES,JALADERAS ESPECIALES,4
302-2204000SA,JALADERA BOTON HERRALUM P/BAÑO CRISTAL TEMPLADO SATINADO,PZA,True,0,0,0,30,"HERRALUM INDUSTRIAL, S.A. DE C.V.",JALADERAS,HERRAJES,JALADERAS ESPECIALES,4
302-2228050035CO,JALADERA MANZANILLO TIPO H ACERO INOX 0.50 CMS CROMADA (35C/C),JGO,False,0,0,0,0,"HERRALUM INDUSTRIAL, S.A. DE C.V.",JALADERAS,HERRAJES,JALADERAS ESPECIALES,4
302-2228050035SA,JALADERA MANZANILLO TIPO H ACERO INOX 0.50 CMS SATINADA (35C/C),JGO,False,0,0,0,0,"HERRALUM INDUSTRIAL, S.A. DE C.V.",JALADERAS,HERRAJES,JALADERAS ESPECIALES,4
302-MX67267,"JALADERA P/CRISTAL TEMPLADO RECTA  ""C"" 22CM CENTRO A 200MM, NEGRA BRUKEN",JGO,True,0,0,0,10,"ASSA ABLOY MEXICO, S.A. DE C.V.",JALADERAS,HERRAJES,JALADERAS ESPECIALES,4
302-2226060035CO,JALADERA PUERTO DOS BOCAS TIPO H ACERO INOX 0.60 X 0.50 MTS CROMADA,PZA,False,0,0,0,0,"HERRALUM INDUSTRIAL, S.A. DE C.V.",JALADERAS,HERRAJES,JALADERAS ESPECIALES,4
302-MX65547,"JALADERA TIPO ""H"" DE 0.45 CON 30 CENTRO/CENTRO SATINADA GALIER",JGO,True,0,0,0,27,"ASSA ABLOY MEXICO, S.A. DE C.V.",JALADERAS,HERRAJES,JALADERAS ESPECIALES,4
302-2226180100SA,"JALADERA TIPO H TUB AC INOX 1-1/4""T304 DE 1.80MT (100CM C/C) SATIN",PZA,True,0,0,0,0,"HERRALUM INDUSTRIAL, S.A. DE C.V.",JALADERAS,HERRAJES,JALADERAS ESPECIALES,4
302-MX67598,JALADERA TUBULAR 1 1/4  P/PTA CRISTAL 30 CMS C/C NEGRA (OXXO) BRUKEN,PZA,True,0,0,0,14,"ASSA ABLOY MEXICO, S.A. DE C.V.",JALADERAS,HERRAJES,JALADERAS ESPECIALES,4
302-MX67597,JALADERA TUBULAR 1 1/4  P/PTA CRISTAL 30 CMS C/C SATINADA (OXXO) BRUKEN,PZA,True,1,0,0,6,"ASSA ABLOY MEXICO, S.A. DE C.V.",JALADERAS,HERRAJES,JALADERAS ESPECIALES,4
302-2201000BL,"JALADERA TUBULAR DE ALUMINIO CURVA 1"" BLANCA HERRALUM (TIPO ELE)",PZA,True,0,0,0,10,"HERRALUM INDUSTRIAL, S.A. DE C.V.",JALADERAS,HERRAJES,JALADERAS ESPECIALES,4
302-2202000BL,"JALADERA TUBULAR DE ALUMINIO RECTA 1"" BLANCA HERRALUM",PZA,True,0,0,0,19,"HERRALUM INDUSTRIAL, S.A. DE C.V.",JALADERAS,HERRAJES,JALADERAS ESPECIALES,4
302-2202000NE,"JALADERA TUBULAR DE ALUMINIO RECTA 1"" NEGRA HERRALUM",PZA,True,10,0,0,24,"HERRALUM INDUSTRIAL, S.A. DE C.V.",JALADERAS,HERRAJES,JALADERAS ESPECIALES,4
302-MX66179,JALADERA TUBULAR RECTA BRUKEN P/PTA CRISTAL 20 CMS SATINADA,JGO,True,0,0,0,8,"ASSA ABLOY MEXICO, S.A. DE C.V.",JALADERAS,HERRAJES,JALADERAS ESPECIALES,4
302-2226060035SA,JALADERA PUERTO DOS BOCAS TIPO H ACERO INOX 0.60 CMS SATINADA,PZA,False,0,0,0,0,"HERRALUM INDUSTRIAL, S.A. DE C.V.",JALADERAS ACERO INOXIDABLE,HERRAJES,JALADERAS ESPECIALES,4
302-2222030CO,JALADERA TIPO H AJUSTABLE ACERO INOX 0.30 MTS CROMADA,JGO,True,0,0,0,5,"HERRALUM INDUSTRIAL, S.A. DE C.V.",JALADERAS ACERO INOXIDABLE,HERRAJES,JALADERAS ESPECIALES,4
302-2222030SA,JALADERA TIPO H AJUSTABLE ACERO INOX 0.30 MTS SATINADA,JGO,True,0,0,0,6,"HERRALUM INDUSTRIAL, S.A. DE C.V.",JALADERAS ACERO INOXIDABLE,HERRAJES,JALADERAS ESPECIALES,4
302-2362100080NE,JALADERA TIPO H CUADRADA AC INOX 304 DE 1.00MT (80CM C/C) NEGRA,PZA,True,0,0,0,6,"HERRALUM INDUSTRIAL, S.A. DE C.V.",JALADERAS ACERO INOXIDABLE,HERRAJES,JALADERAS ESPECIALES,4
302-2362100080SA,JALADERA TIPO H CUADRADA AC INOX 304 DE 1.00MT (80CM C/C) SATINADA,PZA,True,2,0,-2,8,"HERRALUM INDUSTRIAL, S.A. DE C.V.",JALADERAS ACERO INOXIDABLE,HERRAJES,JALADERAS ESPECIALES,4
302-2226060050SA,"JALADERA TIPO H TUB AC INOX 1-1/4"" T304 DE 0.60MT (50CM C/C) SATIN",PZA,True,0,0,0,9,"HERRALUM INDUSTRIAL, S.A. DE C.V.",JALADERAS ACERO INOXIDABLE,HERRAJES,JALADERAS ESPECIALES,4
302-2226090050CO,"JALADERA TIPO H TUB AC INOX 1-1/4""T304 DE 0.90MT (50CM C/C) CROMO",PZA,True,0,0,0,16,"HERRALUM INDUSTRIAL, S.A. DE C.V.",JALADERAS ACERO INOXIDABLE,HERRAJES,JALADERAS ESPECIALES,4
302-2226090050SA,"JALADERA TIPO H TUB AC INOX 1-1/4""T304 DE 0.90MT (50CM C/C) SATIN",PZA,True,0,0,0,8,"HERRALUM INDUSTRIAL, S.A. DE C.V.",JALADERAS ACERO INOXIDABLE,HERRAJES,JALADERAS ESPECIALES,4
302-2226120080NE,"JALADERA TIPO H TUB AC INOX 1-1/4""T304 DE 1.20MT (80CM C/C) NEGRA",PZA,True,0,0,0,5,"HERRALUM INDUSTRIAL, S.A. DE C.V.",JALADERAS ACERO INOXIDABLE,HERRAJES,JALADERAS ESPECIALES,4
302-2226120080SA,"JALADERA TIPO H TUB AC INOX 1-1/4""T304 DE 1.20MT (80CM C/C) SATINADA",PZA,True,1,0,0,3,"HERRALUM INDUSTRIAL, S.A. DE C.V.",JALADERAS ACERO INOXIDABLE,HERRAJES,JALADERAS ESPECIALES,4
302-2226150100CO,"JALADERA TIPO H TUB AC INOX 1-1/4""T304 DE 1.50MT (100CM C/C) CROMO",PZA,True,0,0,0,14,"HERRALUM INDUSTRIAL, S.A. DE C.V.",JALADERAS ACERO INOXIDABLE,HERRAJES,JALADERAS ESPECIALES,4
302-2226150100SA,"JALADERA TIPO H TUB AC INOX 1-1/4""T304 DE 1.50MT (100CM C/C) SATIN",PZA,True,1,0,0,8,"HERRALUM INDUSTRIAL, S.A. DE C.V.",JALADERAS ACERO INOXIDABLE,HERRAJES,JALADERAS ESPECIALES,4
302-2229050CO,"JALADERA TIPO H TUBULAR AC INOX 1-1/4""T304 DE 0.50MT (30CM C/C) CROMO",JGO,True,0,0,0,13,"HERRALUM INDUSTRIAL, S.A. DE C.V.",JALADERAS ACERO INOXIDABLE,HERRAJES,JALADERAS ESPECIALES,4
302-2229050SA,"JALADERA TIPO H TUBULAR AC INOX 1-1/4""T304 DE 0.50MT (30CM C/C) SATIN",JGO,True,0,0,0,26,"HERRALUM INDUSTRIAL, S.A. DE C.V.",JALADERAS ACERO INOXIDABLE,HERRAJES,JALADERAS ESPECIALES,4
302-1128150SA,JALADERA TUBULAR AC INOX C/CHAPA 1.50MT SATIN,PZA,True,0,0,0,5,"HERRALUM INDUSTRIAL, S.A. DE C.V.",JALADERAS ACERO INOXIDABLE,HERRAJES,JALADERAS ESPECIALES,4
302-2243000CO,JALADERA TUBULAR ELE P/PTA CRISTAL 30CMS CROMADA (JGO),JGO,True,0,0,0,19,"HERRALUM INDUSTRIAL, S.A. DE C.V.",JALADERAS ACERO INOXIDABLE,HERRAJES,JALADERAS ESPECIALES,4
302-2243000SA,JALADERA TUBULAR ELE P/PTA CRISTAL 30CMS SATINADA JGO,PZA,True,0,0,0,19,"HERRALUM INDUSTRIAL, S.A. DE C.V.",JALADERAS ACERO INOXIDABLE,HERRAJES,JALADERAS ESPECIALES,4
302-2262015NE,JALADERA TUBULAR RECTA P/PTA CRISTAL 15CM NEGRO JGO,JGO,True,0,0,0,19,"HERRALUM INDUSTRIAL, S.A. DE C.V.",JALADERAS ACERO INOXIDABLE,HERRAJES,JALADERAS ESPECIALES,4
302-2262015SA,JALADERA TUBULAR RECTA P/PTA CRISTAL 15CM SATINADA JGO,JGO,True,0,0,0,19,"HERRALUM INDUSTRIAL, S.A. DE C.V.",JALADERAS ACERO INOXIDABLE,HERRAJES,JALADERAS ESPECIALES,4
302-2262015CO,JALADERA TUBULAR RECTA P/PTA CRISTAL 15CMS CROMADA JGO,JGO,True,0,0,0,23,"HERRALUM INDUSTRIAL, S.A. DE C.V.",JALADERAS ACERO INOXIDABLE,HERRAJES,JALADERAS ESPECIALES,4
302-2262020CO,JALADERA TUBULAR RECTA P/PTA CRISTAL 20CMS CROMADA JGO,PZA,True,0,0,0,13,"HERRALUM INDUSTRIAL, S.A. DE C.V.",JALADERAS ACERO INOXIDABLE,HERRAJES,JALADERAS ESPECIALES,4
302-2242030CO,JALADERA TUBULAR RECTA P/PTA CRISTAL 30CMS CROMADA JGO,JGO,True,0,0,0,11,"HERRALUM INDUSTRIAL, S.A. DE C.V.",JALADERAS ACERO INOXIDABLE,HERRAJES,JALADERAS ESPECIALES,4
302-2242030SA,JALADERA TUBULAR RECTA P/PTA CRISTAL 30CMS SATINADA,PZA,True,0,0,0,13,"HERRALUM INDUSTRIAL, S.A. DE C.V.",JALADERAS ACERO INOXIDABLE,HERRAJES,JALADERAS ESPECIALES,4
152-1301185150SB,KIT P/CANCEL DE BAÑO RIO BRAVO TEMPLADO 1.85 X 1.50 BRUSHED,KIT,True,0,0,0,1,"HERRALUM INDUSTRIAL, S.A. DE C.V.",KIT RIO BRAVO,BAÑOS,CANCELES DE BAÑO,4
152-1301185150CB,KIT P/CANCEL DE BAÑO RIO BRAVO TEMPLADO 1.85 X 1.50 CHAMPAGNE,KIT,False,0,0,0,0,"HERRALUM INDUSTRIAL, S.A. DE C.V.",KIT RIO BRAVO,BAÑOS,CANCELES DE BAÑO,4
152-1301185180BL,KIT P/CANCEL DE BAÑO RIO BRAVO TEMPLADO 1.85 X 1.80 MTS BLANCO,KIT,True,0,0,0,6,"HERRALUM INDUSTRIAL, S.A. DE C.V.",KIT RIO BRAVO,BAÑOS,CANCELES DE BAÑO,4
152-1301185180E2,KIT P/CANCEL DE BAÑO RIO BRAVO TEMPLADO 1.85 X 1.80 MTS CAFE,KIT,False,0,0,0,0,"HERRALUM INDUSTRIAL, S.A. DE C.V.",KIT RIO BRAVO,BAÑOS,CANCELES DE BAÑO,4
152-1301185180CB,KIT P/CANCEL DE BAÑO RIO BRAVO TEMPLADO 1.85 X 1.80 MTS CHAMPAGNE,KIT,True,0,0,0,4,"HERRALUM INDUSTRIAL, S.A. DE C.V.",KIT RIO BRAVO,BAÑOS,CANCELES DE BAÑO,4
152-1301185180CO,KIT P/CANCEL DE BAÑO RIO BRAVO TEMPLADO 1.85 X 1.80 MTS CROMADO,KIT,True,0,0,0,5,"HERRALUM INDUSTRIAL, S.A. DE C.V.",KIT RIO BRAVO,BAÑOS,CANCELES DE BAÑO,4
152-1301185180NE,KIT P/CANCEL DE BAÑO RIO BRAVO TEMPLADO 1.85 X 1.80 MTS NEGRO,PZA,True,0,0,0,6,"HERRALUM INDUSTRIAL, S.A. DE C.V.",KIT RIO BRAVO,BAÑOS,CANCELES DE BAÑO,4
152-1301185180SB,KIT P/CANCEL DE BAÑO RIO BRAVO TEMPLADO 1.85 X 1.80 MTS SATINADO BRUSHED,KIT,True,0,0,0,5,"HERRALUM INDUSTRIAL, S.A. DE C.V.",KIT RIO BRAVO,BAÑOS,CANCELES DE BAÑO,4
152-301200150CB,KIT P/CANCEL DE BAÑO RIO BRAVO TEMPLADO 2.00 X 1.50 MTS CHAMPAGNE,KIT,True,0,0,0,0,"HERRALUM INDUSTRIAL, S.A. DE C.V.",KIT RIO BRAVO,BAÑOS,CANCELES DE BAÑO,4
152-1301200200BL,KIT P/CANCEL DE BAÑO RIO BRAVO TEMPLADO 2.00 X 2.00 MTS BLANCO,KIT,True,0,0,0,6,"HERRALUM INDUSTRIAL, S.A. DE C.V.",KIT RIO BRAVO,BAÑOS,CANCELES DE BAÑO,4
152-1301200200NE,KIT P/CANCEL DE BAÑO RIO BRAVO TEMPLADO 2.00 X 2.00 MTS CAFE,PZA,True,0,0,0,0,"HERRALUM INDUSTRIAL, S.A. DE C.V.",KIT RIO BRAVO,BAÑOS,CANCELES DE BAÑO,4
152-301200200CB,KIT P/CANCEL DE BAÑO RIO BRAVO TEMPLADO 2.00 X 2.00 MTS CHAMPAGNE,KIT,True,0,0,0,0,"HERRALUM INDUSTRIAL, S.A. DE C.V.",KIT RIO BRAVO,BAÑOS,CANCELES DE BAÑO,4
152-1301200200CI,KIT P/CANCEL DE BAÑO RIO BRAVO TEMPLADO 2.00 X 2.00 MTS CHAMPAGNE MATE,KIT,True,0,0,0,2,"HERRALUM INDUSTRIAL, S.A. DE C.V.",KIT RIO BRAVO,BAÑOS,CANCELES DE BAÑO,4
152-1301200200CO,KIT P/CANCEL DE BAÑO RIO BRAVO TEMPLADO 2.00 X 2.00 MTS CROMADO,KIT,True,0,0,0,0,"HERRALUM INDUSTRIAL, S.A. DE C.V.",KIT RIO BRAVO,BAÑOS,CANCELES DE BAÑO,4
192-00008-0,CONTROL REMOTO PARA MOTOR MERIK,PZA,True,0,0,0,68,"MERIK, S.A. DE C.V.",MERIK,HERRAJES,PORTONES,4
192-UTILE-KMX,MOTOR ITALIANO VDS P/PORTON DE 110 VOLTS (120 KGS DE FUERZA),PZA,False,0,0,0,0,VDS DIVISION PENINSULAR DEL MAYAB S.A. DE C.V.,MERIK,HERRAJES,PORTONES,1
192-00300-1,MOTOR MERIK 511 1/2HP C/RIEL 115V,PZA,False,0,0,0,0,"MERIK, S.A. DE C.V.",MERIK,HERRAJES,PORTONES,3
192-00261-1,MOTOR MERIK 711 1/2HP C/RIEL 24V,PZA,False,0,0,0,0,"MERIK, S.A. DE C.V.",MERIK,HERRAJES,PORTONES,3
192-05106-C,"MOTOR MERIK 7511W-7"" C/RIEL  CON WIFI",PZA,False,0,0,0,0,"MERIK, S.A. DE C.V.",MERIK,HERRAJES,TRABAJOS,3
192-KITMOTOR-1,KIT # 1 P/PORTON ASCENDENTE MARCA MERIK,KIT,False,0,0,0,0,"MERIK, S.A. DE C.V.",MERIK,PORTONES,PORTONES,4
192-KITMOTOR-2,KIT # 2 P/PORTON ASCENDENTE MARCA MERIK,KIT,False,0,0,0,0,"MERIK, S.A. DE C.V.",MERIK,PORTONES,PORTONES,4
192-KITMOTOR-3,KIT # 3 P/PORTON ASCENDENTE MARCA MERIK,KIT,False,0,0,0,0,"MERIK, S.A. DE C.V.",MERIK,PORTONES,PORTONES,4
192-00369-0,RESPALDO DE BATERIA P/MOTOR MERIK 711,PZA,False,0,0,0,0,"MERIK, S.A. DE C.V.",MERIK,PORTONES,PORTONES,4
702-ACRI6831-BE,"TROVICEL DE 3,MM DE 1.22 X 2.44 MTS BEIGE",PZA,False,0,0,0,0,LA VIGA EXTRUSIONES,PANEL ART,GENERAL,VARIOS,1
702-TROVI6BL,"TROVICEL DE 6,MM DE 1.22 X 2.44 MTS BLANCO",PZA,True,0,0,0,13,"ACRILICOS NEWTON, S.A. DE C.V.",PANEL ART,GENERAL,VARIOS,4
330-PANEL6-BL,"LAM PANEL MACOPAN MELAMINA BLANCO DE 6,MM 1.22 X 2.44 MTS",PZA,False,0,0,0,0,LA VIGA EXTRUSIONES,PANEL ART,HERRAJES,PANEL ART,1
330-PANEL1-BCO,"LAM PANEL MACOPEL BLANCO DE 6,MM 1.22 X 2.44 MTS",PZA,False,0,0,0,0,LA VIGA EXTRUSIONES,PANEL ART,HERRAJES,PANEL ART,1
330-PANEL11-CER,"LAM PANEL MACOPEL CEREZO DE 6,MM 1.22 X 2.44 MTS",PZA,False,0,0,0,0,LA VIGA EXTRUSIONES,PANEL ART,HERRAJES,PANEL ART,1
330-PANEL4-CH,"LAM PANEL MACOPEL CHOCOLATE DE 6,MM 1.22 X 2.44 MTS",PZA,False,0,0,0,0,LA VIGA EXTRUSIONES,PANEL ART,HERRAJES,PANEL ART,3
330-PANEL3-NO,"LAM PANEL MACOPEL NOGAL DE 6,MM 1.22 X 2.44 MTS",PZA,False,0,0,0,0,LA VIGA EXTRUSIONES,PANEL ART,HERRAJES,PANEL ART,1
330-PANEL5-TE,"LAM PANEL MACOPEL TERRACOTA DE 6,MM 1.22 X 2.44 MTS",PZA,False,0,0,0,0,LA VIGA EXTRUSIONES,PANEL ART,HERRAJES,PANEL ART,3
330-MDFMA55BLAB,"LAM PANEL MDF MASISA BLANCO ABSOLUTO MELAMINA DE 5.5,MM 1.22 X 2.44 MTS",PZA,False,0,0,0,0,LA VIGA EXTRUSIONES,PANEL ART,HERRAJES,PANEL ART,3
330-HERR47,LAM PANEL MDF MASISA CEREZO 5.5 MM DE 1.22 X 2.44 MTS,PZA,False,0,0,0,0,LA VIGA EXTRUSIONES,PANEL ART,HERRAJES,PANEL ART,3
330-1741122244AZM,LAM PANEL DE ALUMINIO HERRALUM 4MM DE 1.22 X 2.44 AZUL MATE,PZA,True,0,0,0,12,"HERRALUM INDUSTRIAL, S.A. DE C.V.",PANEL DE ALUMINIO,HERRAJES,PANEL ART,4
330-1741122244BLM,LAM PANEL DE ALUMINIO HERRALUM 4MM DE 1.22 X 2.44 BLANCO MATE,PZA,True,0,0,0,10,"HERRALUM INDUSTRIAL, S.A. DE C.V.",PANEL DE ALUMINIO,HERRAJES,PANEL ART,4
330-1741122244NEM,LAM PANEL DE ALUMINIO HERRALUM 4MM DE 1.22 X 2.44 NEGRO MATE,PZA,True,0,0,0,17,"HERRALUM INDUSTRIAL, S.A. DE C.V.",PANEL DE ALUMINIO,HERRAJES,PANEL ART,4
330-1741122244ROB,LAM PANEL DE ALUMINIO HERRALUM 4MM DE 1.22 X 2.44 ROJO BRILLANTE,PZA,True,0,0,0,10,"HERRALUM INDUSTRIAL, S.A. DE C.V.",PANEL DE ALUMINIO,HERRAJES,PANEL ART,4
330-1741122244PLB,LAM PANEL DE ALUMINIO HERRALUM 4MM DE 1.22X2.44 PLATA BRUSHED,PZA,True,0,0,0,13,"HERRALUM INDUSTRIAL, S.A. DE C.V.",PANEL DE ALUMINIO,HERRAJES,PANEL ART,4
330-1741122244PLM,LAM PANEL DE ALUMINIO HERRALUM 4MM DE 1.22X2.44 PLATA MATE,PZA,True,0,0,0,7,"HERRALUM INDUSTRIAL, S.A. DE C.V.",PANEL DE ALUMINIO,HERRAJES,PANEL ART,4
328-154300000-MT,PELICULA DE SEGURIDAD TRANSP. DE 1.52 DE ANCHO,MTS,True,0,0,0,34,"HERRALUM INDUSTRIAL, S.A. DE C.V.",PELICULAS,PELICULAS P/CRISTAL,PELICULAS DECORATIVAS,4
328-154600000-MT,PELICULA DECORATIVA CUADROS ESMERILADOS GRANDES 1.52 MTS,MTS,True,0,0,0,0,"HERRALUM INDUSTRIAL, S.A. DE C.V.",PELICULAS,PELICULAS P/CRISTAL,PELICULAS DECORATIVAS,4
328-154200000-MT,PELICULA DECORATIVA ESMERILADA DE 1.52 DE ANCHO,MTS,True,0,0,0,8,"HERRALUM INDUSTRIAL, S.A. DE C.V.",PELICULAS,PELICULAS P/CRISTAL,PELICULAS DECORATIVAS,4
328-1542000HU-MT,PELICULA DECORATIVA ESMERILADA HUMO DE 1.52 DE ANCHO,MTS,True,0,0,0,23.6,"HERRALUM INDUSTRIAL, S.A. DE C.V.",PELICULAS,PELICULAS P/CRISTAL,PELICULAS DECORATIVAS,4
328-PDPERSLINEA-152,PELICULA DECORATIVA PERSIANA LINEA DE 1.52 DE ANCHO,MTS,True,0,0,0,5,PELICULAS GARCIA,PELICULAS,PELICULAS P/CRISTAL,PELICULAS DECORATIVAS,4
328-154700000-MT,PELICULA DECORATIVA RAYA CHICA PLATA DE 1.52 MTS,MTS,True,0,0,0,15,"HERRALUM INDUSTRIAL, S.A. DE C.V.",PELICULAS,PELICULAS P/CRISTAL,PELICULAS DECORATIVAS,4
328-154500000-MT,PELICULA DECORATIVA RAYAS ESMERILADAS CHICAS 1.52 MTS,MTS,True,0,0,0,7.5,"HERRALUM INDUSTRIAL, S.A. DE C.V.",PELICULAS,PELICULAS P/CRISTAL,PELICULAS DECORATIVAS,4
328-155000000-MT,PELICULA DECORATIVA REFLECTA PLATA DE 1.52 MTS ANCHO,MTS,True,0,0,-4,21.98,"HERRALUM INDUSTRIAL, S.A. DE C.V.",PELICULAS,PELICULAS P/CRISTAL,PELICULAS DECORATIVAS,4
328-155300000-MT,PELICULA DECORATIVA TINTEX DE 1.52 MTS DE ANCHO,MTS,True,0,0,0,24,"HERRALUM INDUSTRIAL, S.A. DE C.V.",PELICULAS,PELICULAS P/CRISTAL,PELICULAS DECORATIVAS,4
328-155500000-MT,PELICULA NANOCERAMICA SRC5075 BLUE SKY  1.52 MTS DE ANCHO,MTS,True,0,0,0,0,"HERRALUM INDUSTRIAL, S.A. DE C.V.",PELICULAS,PELICULAS P/CRISTAL,PELICULAS DECORATIVAS,4
328-154400000-MT,PELICULA SOLAR 5% NEGRO DE 1.52 ANCHO,MTS,True,0,0,0,12.5,"HERRALUM INDUSTRIAL, S.A. DE C.V.",PELICULAS,PELICULAS P/CRISTAL,PELICULAS DECORATIVAS,4
328-RPDA-152,ROLLO PELICULA DECORATIVA AZUL DE 1.52 MTS (30 MTS),PZA,True,0,0,0,0,PELICULAS GARCIA,PELICULAS,PELICULAS P/CRISTAL,PELICULAS DECORATIVAS,4
328-PESE180,ROLLO PELICULA NDFOS DE SEGURIDAD TRANSP. DE 1.80 MTS DE ANCHO 4 MILESIMAS,PZA,True,0,0,0,0,"HERRALUM INDUSTRIAL, S.A. DE C.V.",PELICULAS,PELICULAS P/CRISTAL,PELICULAS DECORATIVAS,4
328-RPS20-152,ROLLO PELICULA SOLAR POLARIZADO 20 % GARCIA DE 1.52 MTS,PZA,False,0,0,0,0,PELICULAS GARCIA,PELICULAS,PELICULAS P/CRISTAL,PELICULAS DECORATIVAS,4
328-RPS5-152,ROLLO PELICULA SOLAR POLARIZADO 5 % GARCIA DE 1.52 MTS,PZA,False,0,0,0,0,PELICULAS GARCIA,PELICULAS,PELICULAS P/CRISTAL,PELICULAS DECORATIVAS,4
311-T-14-100,TENSORES DE 1/4 DE 1.00 MTS,PZA,True,0,0,-1,40,DISTRIBUIDORA MAYORISTA DE TORNILLOS DE YUCATAN S.A. DE C.V.,PIJAS Y TORNILLOS,HERRAJES,TENSORES,4
311-T-38-100,TENSORES DE 3/8 DE 1.00 MTS,PZA,True,0,0,0,97,DISTRIBUIDORA MAYORISTA DE TORNILLOS DE YUCATAN S.A. DE C.V.,PIJAS Y TORNILLOS,HERRAJES,TENSORES,4
311-T-38-120,TENSORES DE 3/8 DE 1.20 MTS,PZA,True,0,0,0,134,DISTRIBUIDORA MAYORISTA DE TORNILLOS DE YUCATAN S.A. DE C.V.,PIJAS Y TORNILLOS,HERRAJES,TENSORES,4
311-T-38-300,TENSORES DE 3/8 DE 3.00 MTS,PZA,True,0,0,0,29,DISTRIBUIDORA MAYORISTA DE TORNILLOS DE YUCATAN S.A. DE C.V.,PIJAS Y TORNILLOS,HERRAJES,TENSORES,4
311-T-516-100,TENSORES DE 5/16 DE 1.00 MTS,PZA,True,40,0,0,75,DISTRIBUIDORA MAYORISTA DE TORNILLOS DE YUCATAN S.A. DE C.V.,PIJAS Y TORNILLOS,HERRAJES,TENSORES,4
311-T-516-120,TENSORES DE 5/16 DE 1.20 MTS,PZA,True,0,0,0,136,DISTRIBUIDORA MAYORISTA DE TORNILLOS DE YUCATAN S.A. DE C.V.,PIJAS Y TORNILLOS,HERRAJES,TENSORES,4
311-T-516-300,TENSORES DE 5/16 DE 3.00 MTS,PZA,True,0,0,0,77,DISTRIBUIDORA MAYORISTA DE TORNILLOS DE YUCATAN S.A. DE C.V.,PIJAS Y TORNILLOS,HERRAJES,TENSORES,4
502-1420-10-290-2,BOLSA DE PIJA 10 X 1 1/2  GRIS C/PLANA ESTRELLA (100 PZAS),PZA,True,0,0,0,204,DISTRIBUIDORA MAYORISTA DE TORNILLOS DE YUCATAN S.A. DE C.V.,PIJAS Y TORNILLOS,HERRAJES,TORNILLOS,4
502-1110-10-211-2,BOLSA DE PIJA 10 X 1 GRIS C/FIJADORA ESTRELLA  (100 PZAS),PZA,True,0,0,0,215,DISTRIBUIDORA MAYORISTA DE TORNILLOS DE YUCATAN S.A. DE C.V.,PIJAS Y TORNILLOS,HERRAJES,TORNILLOS,4
502-1420-10-370-2,BOLSA DE PIJA 10 X 2 GRIS C/PLANA ESTRELLA (100 PZAS),PZA,True,-1,0,0,244,DISTRIBUIDORA MAYORISTA DE TORNILLOS DE YUCATAN S.A. DE C.V.,PIJAS Y TORNILLOS,HERRAJES,TORNILLOS,4
502-PRG-10-2,BOLSA DE PIJA 10 X 2 GRIS C/PLANA RANURADA (100 PZAS),PZA,False,0,0,0,0,DISTRIBUIDORA MAYORISTA DE TORNILLOS DE YUCATAN S.A. DE C.V.,PIJAS Y TORNILLOS,HERRAJES,TORNILLOS,4
502-1110-10-171-2,BOLSA DE PIJA 10 X 3/4 GRIS C/FIJADORA ESTRELLA (100 PZAS.),PZA,True,-2,0,0,238,DISTRIBUIDORA MAYORISTA DE TORNILLOS DE YUCATAN S.A. DE C.V.,PIJAS Y TORNILLOS,HERRAJES,TORNILLOS,4
502-1110-08-211-2,BOLSA DE PIJA 8 X 1 GRIS FIJADORA C/ESTRELLA (100 PZAS),PZA,True,0,0,0,284,DISTRIBUIDORA MAYORISTA DE TORNILLOS DE YUCATAN S.A. DE C.V.,PIJAS Y TORNILLOS,HERRAJES,TORNILLOS,4
502-1110-08-131-2,BOLSA DE PIJA 8 X 1/2 GRIS C/FIJA ESTRELLA (100 PZAS),PZA,True,-2,0,-6,431,DISTRIBUIDORA MAYORISTA DE TORNILLOS DE YUCATAN S.A. DE C.V.,PIJAS Y TORNILLOS,HERRAJES,TORNILLOS,4
502-1110-08-171-2,BOLSA DE PIJA 8 X 3/4 GRIS FIJADORA  C/ESTRELLA (100 PZAS),PZA,True,-1,0,-5,333,DISTRIBUIDORA MAYORISTA DE TORNILLOS DE YUCATAN S.A. DE C.V.,PIJAS Y TORNILLOS,HERRAJES,TORNILLOS,4
506-4505-10-075-2,BOLSA DE TORNILLOS C/PLANA ESTRELLA 10 X 3 GRIS (144 PZAS),PZA,True,-1,0,0,252,DISTRIBUIDORA MAYORISTA DE TORNILLOS DE YUCATAN S.A. DE C.V.,PIJAS Y TORNILLOS,HERRAJES,TORNILLOS,4
506-4505-08-065-2,BOLSA DE TORNILLOS C/PLANA ESTRELLA 8 X 2 1/2 GRIS (144 PZAS),PZA,True,-2,0,-2,317,DISTRIBUIDORA MAYORISTA DE TORNILLOS DE YUCATAN S.A. DE C.V.,PIJAS Y TORNILLOS,HERRAJES,TORNILLOS,4
506-BPIEP-10-112,BOLSA PIJA 10 X 1 1/2 GRIS INOXIDABLE C/PLANA ESTRELLA (100 PZAS),PZA,False,0,0,0,0,DISTRIBUIDORA MAYORISTA DE TORNILLOS DE YUCATAN S.A. DE C.V.,PIJAS Y TORNILLOS,HERRAJES,TORNILLOS,4
506-BPIEP-10-2,BOLSA PIJA 10 X 2 GRIS INOXIDABLE C/PLANA ESTRELLA (100 PZAS),PZA,False,0,0,0,0,DISTRIBUIDORA MAYORISTA DE TORNILLOS DE YUCATAN S.A. DE C.V.,PIJAS Y TORNILLOS,HERRAJES,TORNILLOS,4
502-BPFI-1034,BOLSA PIJA 10 X 3/4 INOXIDABLE C/FIJADORA ESTRELLA (100 PZAS),PZA,False,0,0,0,0,DISTRIBUIDORA MAYORISTA DE TORNILLOS DE YUCATAN S.A. DE C.V.,PIJAS Y TORNILLOS,HERRAJES,TORNILLOS,4
506-BPIEP-8-12,BOLSA PIJA 8 X 1/2 GRIS INOXIDABLE C/FIJADORA ESTRELLA (100 PZAS),PZA,False,0,0,0,0,DISTRIBUIDORA MAYORISTA DE TORNILLOS DE YUCATAN S.A. DE C.V.,PIJAS Y TORNILLOS,HERRAJES,TORNILLOS,4
506-TMPG-10-3,CAJA DE TORNILLOS DE 10 X 3' GRIS   (144 PZAS),PZA,False,0,0,0,0,DISTRIBUIDORA MAYORISTA DE TORNILLOS DE YUCATAN S.A. DE C.V.,PIJAS Y TORNILLOS,HERRAJES,TORNILLOS,4
506-TMPG-8-212,CAJA DE TORNILLOS DE 8 X 2 1/2 GRIS (144 PZAS),PZA,False,0,0,0,0,DISTRIBUIDORA MAYORISTA DE TORNILLOS DE YUCATAN S.A. DE C.V.,PIJAS Y TORNILLOS,HERRAJES,TORNILLOS,4
506-4505-09-065-2,CAJA TORNILLOS ESPECIAL C/PLANA ESTRELLA 9 X 2 1/2 GRIS (144 PZAS),PZA,True,0,0,0,50,DISTRIBUIDORA MAYORISTA DE TORNILLOS DE YUCATAN S.A. DE C.V.,PIJAS Y TORNILLOS,HERRAJES,TORNILLOS,4
506-0718-10-371-4,PIJA DE 10 X 2 INOXIDABLE C/FIJADORA,PZA,True,0,0,0,888,DISTRIBUIDORA MAYORISTA DE TORNILLOS DE YUCATAN S.A. DE C.V.,PIJAS Y TORNILLOS,HERRAJES,TORNILLOS,4
506-0718-10-431-4,PIJA DE 10 X 3 INOXIDABLE C/FIJADORA,PZA,True,0,0,0,800,DISTRIBUIDORA MAYORISTA DE TORNILLOS DE YUCATAN S.A. DE C.V.,PIJAS Y TORNILLOS,HERRAJES,TORNILLOS,4
503-0718-08-211-4,PIJA DE 8 X 1 INOXIDABLE C/FIJADORA,PZA,True,0,0,0,790,DISTRIBUIDORA MAYORISTA DE TORNILLOS DE YUCATAN S.A. DE C.V.,PIJAS Y TORNILLOS,HERRAJES,TORNILLOS,4
501-TPG-8-12-P,PIJA DE 8 X 1/2 GRIS C/PLANA,PZA,False,0,0,0,0,DISTRIBUIDORA MAYORISTA DE TORNILLOS DE YUCATAN S.A. DE C.V.,PIJAS Y TORNILLOS,HERRAJES,TORNILLOS,1
501-0718-08-131-4,PIJA DE 8 X 1/2 INOXIDABLE C/FIJADORA,PZA,True,-20,0,0,1190,DISTRIBUIDORA MAYORISTA DE TORNILLOS DE YUCATAN S.A. DE C.V.,PIJAS Y TORNILLOS,HERRAJES,TORNILLOS,4
502-0718-08-171-4,PIJA DE 8 X 3/4 INOXIDABLE C/FIJADORA,PZA,True,0,0,0,1596,DISTRIBUIDORA MAYORISTA DE TORNILLOS DE YUCATAN S.A. DE C.V.,PIJAS Y TORNILLOS,HERRAJES,TORNILLOS,4
506-0719-10-291-4,TORNILLO 10 X 1 1/2 INOXIDABLE C/PLANA ESTRELLA,PZA,True,39,0,-30,730,DISTRIBUIDORA MAYORISTA DE TORNILLOS DE YUCATAN S.A. DE C.V.,PIJAS Y TORNILLOS,HERRAJES,TORNILLOS,4
506-0719-10-371-4,TORNILLO 10 X 2 INOXIDABLE C/PLANA ESTRELLA,PZA,True,0,0,0,1243,DISTRIBUIDORA MAYORISTA DE TORNILLOS DE YUCATAN S.A. DE C.V.,PIJAS Y TORNILLOS,HERRAJES,TORNILLOS,4
506-0719-10-431-4,TORNILLO INOXIDABLE C/ESTRELLA 10 X 3,PZA,True,0,0,0,368,DISTRIBUIDORA MAYORISTA DE TORNILLOS DE YUCATAN S.A. DE C.V.,PIJAS Y TORNILLOS,HERRAJES,TORNILLOS,4
506-0719-08-411-4,TORNILLO INOXIDABLE C/ESTRELLA 8 X 2 1/2,PZA,True,0,0,0,300,DISTRIBUIDORA MAYORISTA DE TORNILLOS DE YUCATAN S.A. DE C.V.,PIJAS Y TORNILLOS,HERRAJES,TORNILLOS,4
506-BTIEP-10-3,BOLSA TORNILLOS INOXIDABLES C/ESTRELLA 10 X 3 GRIS C/PLANA (100 PZAS),PZA,False,0,0,0,0,DISTRIBUIDORA MAYORISTA DE TORNILLOS DE YUCATAN S.A. DE C.V.,PIJAS Y TORNILLOS,PUERTAS,TORNILLOS,4
40-1723180100CR,AJEDREZ CRISTAL 1.00 X 1.80 MT HERRALUM,PZA,True,0,0,0,2,"HERRALUM INDUSTRIAL, S.A. DE C.V.",PLASTICO HERRALUM,PLASTICOS,PLASTICOS HERRALUM,4
40-1722180070CR,BURBUJA CRISTAL 0.70 X 1.80 MTS HERRALUM,PZA,True,0,0,0,15,"HERRALUM INDUSTRIAL, S.A. DE C.V.",PLASTICO HERRALUM,PLASTICOS,PLASTICOS HERRALUM,4
40-1722180080CR,BURBUJA CRISTAL 0.80 X 1.80 MTS HERRALUM,PZA,True,0,0,0,22,"HERRALUM INDUSTRIAL, S.A. DE C.V.",PLASTICO HERRALUM,PLASTICOS,PLASTICOS HERRALUM,4
40-1722180100CR,BURBUJA CRISTAL 1.00 X 1.80 MTS HERRALUM,PZA,True,0,0,0,15,"HERRALUM INDUSTRIAL, S.A. DE C.V.",PLASTICO HERRALUM,PLASTICOS,PLASTICOS HERRALUM,4
40-1722180120CR,BURBUJA CRISTAL 1.20 X 1.80 MTS HERRALUM,PZA,True,0,0,0,19,"HERRALUM INDUSTRIAL, S.A. DE C.V.",PLASTICO HERRALUM,PLASTICOS,PLASTICOS HERRALUM,4
40-1722180070HU,BURBUJA HUMO 0.70 X 1.80 MTS HERRALUM,PZA,True,0,0,0,19,"HERRALUM INDUSTRIAL, S.A. DE C.V.",PLASTICO HERRALUM,PLASTICOS,PLASTICOS HERRALUM,4
40-1722180080HU,BURBUJA HUMO 0.80 X 1.80 MTS HERRALUM,PZA,True,0,0,0,19,"HERRALUM INDUSTRIAL, S.A. DE C.V.",PLASTICO HERRALUM,PLASTICOS,PLASTICOS HERRALUM,4
40-1722180100HU,BURBUJA HUMO 1.00 X 1.80 MTS HERRALUM,PZA,True,0,0,0,17,"HERRALUM INDUSTRIAL, S.A. DE C.V.",PLASTICO HERRALUM,PLASTICOS,PLASTICOS HERRALUM,4
40-1722180120HU,BURBUJA HUMO 1.20 X 1.80 MTS HERRALUM,PZA,True,0,0,0,4,"HERRALUM INDUSTRIAL, S.A. DE C.V.",PLASTICO HERRALUM,PLASTICOS,PLASTICOS HERRALUM,4
40-1730180070CM,ESMERILADO HERRALUM 0.70 X 1.80 MTS,PZA,True,0,0,0,4,"HERRALUM INDUSTRIAL, S.A. DE C.V.",PLASTICO HERRALUM,PLASTICOS,PLASTICOS HERRALUM,4
40-1730180080CM,ESMERILADO HERRALUM 0.80 X 1.80 MTS,PZA,True,0,0,0,3,"HERRALUM INDUSTRIAL, S.A. DE C.V.",PLASTICO HERRALUM,PLASTICOS,PLASTICOS HERRALUM,4
40-1730180100CM,ESMERILADO HERRALUM 1.00 X 1.80 MTS,PZA,True,0,0,0,5,"HERRALUM INDUSTRIAL, S.A. DE C.V.",PLASTICO HERRALUM,PLASTICOS,PLASTICOS HERRALUM,4
40-1730180120CM,ESMERILADO HERRALUM 1.20 X 1.80 MTS,PZA,True,0,0,0,0,"HERRALUM INDUSTRIAL, S.A. DE C.V.",PLASTICO HERRALUM,PLASTICOS,PLASTICOS HERRALUM,4
40-1728180100CR,GLACIAL CRISTAL HERRALUM 1.00 X 1.80 MTS,PZA,True,0,0,0,12,"HERRALUM INDUSTRIAL, S.A. DE C.V.",PLASTICO HERRALUM,PLASTICOS,PLASTICOS HERRALUM,4
40-1721180070BL,LISO BLANCO HERRALUM 0.70 X 1.80 MTS,PZA,True,0,0,0,40,"HERRALUM INDUSTRIAL, S.A. DE C.V.",PLASTICO HERRALUM,PLASTICOS,PLASTICOS HERRALUM,4
40-1721180080BL,LISO BLANCO HERRALUM 0.80 X 1.80 MTS,PZA,True,0,0,0,47,"HERRALUM INDUSTRIAL, S.A. DE C.V.",PLASTICO HERRALUM,PLASTICOS,PLASTICOS HERRALUM,4
40-1721180100BL,LISO BLANCO HERRALUM 1.00 X 1.80 MTS,PZA,True,-1,0,0,56,"HERRALUM INDUSTRIAL, S.A. DE C.V.",PLASTICO HERRALUM,PLASTICOS,PLASTICOS HERRALUM,4
40-1721180120BL,LISO BLANCO HERRALUM 1.20 X 1.80 MTS,PZA,True,0,0,-1,53,"HERRALUM INDUSTRIAL, S.A. DE C.V.",PLASTICO HERRALUM,PLASTICOS,PLASTICOS HERRALUM,4
40-1721180070CR,LISO CRISTAL HERRALUM 0.70 X 1.80 MTS,PZA,True,0,0,0,14,"HERRALUM INDUSTRIAL, S.A. DE C.V.",PLASTICO HERRALUM,PLASTICOS,PLASTICOS HERRALUM,4
40-1721180080CR,LISO CRISTAL HERRALUM 0.80 X 1.80 MTS,PZA,True,0,0,0,26,"HERRALUM INDUSTRIAL, S.A. DE C.V.",PLASTICO HERRALUM,PLASTICOS,PLASTICOS HERRALUM,4
40-1721180100CR,LISO CRISTAL HERRALUM 1.00 X 1.80 MTS,PZA,True,20,0,0,21,"HERRALUM INDUSTRIAL, S.A. DE C.V.",PLASTICO HERRALUM,PLASTICOS,PLASTICOS HERRALUM,4
40-1721180120CR,LISO CRISTAL HERRALUM 1.20 X 1.80 MTS,PZA,True,0,0,0,24,"HERRALUM INDUSTRIAL, S.A. DE C.V.",PLASTICO HERRALUM,PLASTICOS,PLASTICOS HERRALUM,4
40-1721180070HU,LISO HUMO HERRALUM 0.70 X 1.80 MTS,PZA,True,0,0,0,55,"HERRALUM INDUSTRIAL, S.A. DE C.V.",PLASTICO HERRALUM,PLASTICOS,PLASTICOS HERRALUM,4
40-1721180080HU,LISO HUMO HERRALUM 0.80 X 1.80 MTS,PZA,True,0,0,0,15,"HERRALUM INDUSTRIAL, S.A. DE C.V.",PLASTICO HERRALUM,PLASTICOS,PLASTICOS HERRALUM,4
40-1721180100HU,LISO HUMO HERRALUM 1.00 X 1.80 MTS,PZA,True,0,0,0,14,"HERRALUM INDUSTRIAL, S.A. DE C.V.",PLASTICO HERRALUM,PLASTICOS,PLASTICOS HERRALUM,4
40-1721180120HU,LISO HUMO HERRALUM 1.20 X 1.80 MTS,PZA,True,0,0,0,23,"HERRALUM INDUSTRIAL, S.A. DE C.V.",PLASTICO HERRALUM,PLASTICOS,PLASTICOS HERRALUM,4
40-1724180070CR,TEXTURIZADO CRISTAL 0.70 X 1.80 MTS,PZA,True,0,0,0,15,"HERRALUM INDUSTRIAL, S.A. DE C.V.",PLASTICO HERRALUM,PLASTICOS,PLASTICOS HERRALUM,4
40-1724180080CR,TEXTURIZADO CRISTAL 0.80 X 1.80 MTS,PZA,True,0,0,0,21,"HERRALUM INDUSTRIAL, S.A. DE C.V.",PLASTICO HERRALUM,PLASTICOS,PLASTICOS HERRALUM,4
40-1724180100CR,TEXTURIZADO CRISTAL 1.00 X 1.80 MTS,PZA,True,0,0,-1,9,"HERRALUM INDUSTRIAL, S.A. DE C.V.",PLASTICO HERRALUM,PLASTICOS,PLASTICOS HERRALUM,4
40-1724180120CR,TEXTURIZADO CRISTAL 1.20 X 1.80 MTS,PZA,True,0,0,-1,39,"HERRALUM INDUSTRIAL, S.A. DE C.V.",PLASTICO HERRALUM,PLASTICOS,PLASTICOS HERRALUM,4
40-1724180070HU,TEXTURIZADO HUMO 0.70 X 1.80 MTS HERRALUM,PZA,True,0,0,0,20,"HERRALUM INDUSTRIAL, S.A. DE C.V.",PLASTICO HERRALUM,PLASTICOS,PLASTICOS HERRALUM,4
40-1724180080HU,TEXTURIZADO HUMO 0.80 X 1.80 MTS HERRALUM,PZA,True,0,0,0,27,"HERRALUM INDUSTRIAL, S.A. DE C.V.",PLASTICO HERRALUM,PLASTICOS,PLASTICOS HERRALUM,4
40-1724180100HU,TEXTURIZADO HUMO 1.00 X 1.80 MTS HERRALUM,PZA,True,0,0,0,19,"HERRALUM INDUSTRIAL, S.A. DE C.V.",PLASTICO HERRALUM,PLASTICOS,PLASTICOS HERRALUM,4
40-1724180120HU,TEXTURIZADO HUMO 1.20 X 1.80 MTS HERRALUM,PZA,True,0,0,0,15,"HERRALUM INDUSTRIAL, S.A. DE C.V.",PLASTICO HERRALUM,PLASTICOS,PLASTICOS HERRALUM,4
40-PC26N80180OP,LISO 80 X 1.80 OPALINO DECORADO GUACAMAYA FOTO (60 X 1,PZA,False,0,0,0,0,"PLASTICOS ESPECIALES GAREN, S A DE C V",PLASTICOS,GENERAL,PLASTICOS DECORADOS,1
40-PC25N80180OP,LISO 80 X 1.80 OPALINO DECORADO HAWAII (60 X 1.60),PZA,False,0,0,0,0,"PLASTICOS ESPECIALES GAREN, S A DE C V",PLASTICOS,GENERAL,PLASTICOS DECORADOS,1
40-PC24N80180OP,LISO 80 X 1.80 OPALINO DECORADO NIAGARA (60 X 1.60),PZA,False,0,0,0,0,"PLASTICOS ESPECIALES GAREN, S A DE C V",PLASTICOS,GENERAL,PLASTICOS DECORADOS,1
40-PC23N80180OP,LISO 80 X 1.80 OPALINO DECORADO PECES (58 X 1.60),PZA,False,0,0,0,0,"PLASTICOS ESPECIALES GAREN, S A DE C V",PLASTICOS,GENERAL,PLASTICOS DECORADOS,1
701-PL6-183M,"POLYLITE 6,MM HUMO 1.83 MTS",MTS,True,0,0,0,0,"PLASTICOS ESPECIALES GAREN, S A DE C V",PLASTICOS,PASAMANOS,POLICARBONATOS,4
40-VP-ALCATRAZ,"VITRAL PLASTICO ALCATRAZ DE 3,MM 0.80 X 1.80 MTS",PZA,False,0,0,0,0,"ACRILICOS NEWTON, S.A. DE C.V.",PLASTICOS,PLASTICOS,ACRILICOS DECORADOS,4
40-VP-CISNE,"VITRAL PLASTICO CISNE DE 3,MM 0.80 X 1.80 MTS",PZA,False,0,0,0,0,"ACRILICOS NEWTON, S.A. DE C.V.",PLASTICOS,PLASTICOS,ACRILICOS DECORADOS,4
40-VP-COLUMNAIZQ,"VITRAL PLASTICO COLUMNA IZQ DE 3,MM 0.80 X 1.80 MTS",PZA,False,0,0,0,0,"ACRILICOS NEWTON, S.A. DE C.V.",PLASTICOS,PLASTICOS,ACRILICOS DECORADOS,4
40-VP-TROPICAL,"VITRAL PLASTICO TROPICAL DE 3,MM 0.80 X 1.80 MTS",PZA,False,0,0,0,0,"ACRILICOS NEWTON, S.A. DE C.V.",PLASTICOS,PLASTICOS,ACRILICOS DECORADOS,1
40-PC20N80180OP,LISO 80 X 1.80 OPALINO DECORADO CORAL ANTIGUO (58 X 1.,PZA,False,0,0,0,0,"PLASTICOS ESPECIALES GAREN, S A DE C V",PLASTICOS,PLASTICOS,PLASTICOS DECORADOS,1
40-PC27N80180OP,LISO 80 X 1.80 OPALINO DECORADO CORAL DIGITAL (60 X 1.60),PZA,False,0,0,0,0,"PLASTICOS ESPECIALES GAREN, S A DE C V",PLASTICOS,PLASTICOS,PLASTICOS DECORADOS,1
40-PC22N80180OP,LISO 80 X 1.80 OPALINO DECORADO FLORAL (58 X 1.84),PZA,False,0,0,0,0,"PLASTICOS ESPECIALES GAREN, S A DE C V",PLASTICOS,PLASTICOS,PLASTICOS DECORADOS,1
40-PC21N80180OP,LISO 80 X 1.80 OPALINO DECORADO GUACAMAYA ANTIGUO (58,PZA,False,0,0,0,0,"PLASTICOS ESPECIALES GAREN, S A DE C V",PLASTICOS,PLASTICOS,PLASTICOS DECORADOS,1
40-PC14N100180AC,AJEDREZ PLUS 1.00 X 1.80 AZUL CRISTAL,PZA,False,0,0,0,0,"PLASTICOS ESPECIALES GAREN, S A DE C V",PLASTICOS,PLASTICOS,PLASTICOS LABRADOS,4
40-PC14N100180C,AJEDREZ PLUS 1.00 X 1.80 CRISTAL,PZA,False,0,0,0,0,"PLASTICOS ESPECIALES GAREN, S A DE C V",PLASTICOS,PLASTICOS,PLASTICOS LABRADOS,4
40-PC14N100180VC,AJEDREZ PLUS 1.00 X 1.80 VERDE CRISTAL,PZA,False,0,0,0,0,"PLASTICOS ESPECIALES GAREN, S A DE C V",PLASTICOS,PLASTICOS,PLASTICOS LABRADOS,4
40-PC14N120180AC,AJEDREZ PLUS 1.20 X 1.80 AZUL CRISTAL,PZA,False,0,0,0,0,"PLASTICOS ESPECIALES GAREN, S A DE C V",PLASTICOS,PLASTICOS,PLASTICOS LABRADOS,4
40-PC14N120180C,AJEDREZ PLUS 1.20 X 1.80 CRISTAL,PZA,False,0,0,0,0,"PLASTICOS ESPECIALES GAREN, S A DE C V",PLASTICOS,PLASTICOS,PLASTICOS LABRADOS,4
40-PC14N120180VC,AJEDREZ PLUS 1.20 X 1.80 VERDE CRISTAL,PZA,False,0,0,0,0,"PLASTICOS ESPECIALES GAREN, S A DE C V",PLASTICOS,PLASTICOS,PLASTICOS LABRADOS,4
40-PC14N70180AC,AJEDREZ PLUS 70 X 1.80 AZUL CRISTAL,PZA,False,0,0,0,0,"PLASTICOS ESPECIALES GAREN, S A DE C V",PLASTICOS,PLASTICOS,PLASTICOS LABRADOS,4
40-PC14N70180C,AJEDREZ PLUS 70 X 1.80 CRISTAL,PZA,False,0,0,0,0,"PLASTICOS ESPECIALES GAREN, S A DE C V",PLASTICOS,PLASTICOS,PLASTICOS LABRADOS,4
40-PC14N70180HU,AJEDREZ PLUS 70 X 1.80 HUMO,PZA,False,0,0,0,0,"PLASTICOS ESPECIALES GAREN, S A DE C V",PLASTICOS,PLASTICOS,PLASTICOS LABRADOS,4
40-PC14N70180VC,AJEDREZ PLUS 70 X 1.80 VERDE CRISTAL,PZA,False,0,0,0,0,"PLASTICOS ESPECIALES GAREN, S A DE C V",PLASTICOS,PLASTICOS,PLASTICOS LABRADOS,4
40-PC14N80180AC,AJEDREZ PLUS 80 X 1.80 AZUL CRISTAL,PZA,False,0,0,0,0,"PLASTICOS ESPECIALES GAREN, S A DE C V",PLASTICOS,PLASTICOS,PLASTICOS LABRADOS,4
40-PC14N80180C,AJEDREZ PLUS 80 X 1.80 CRISTAL,PZA,False,0,0,0,0,"PLASTICOS ESPECIALES GAREN, S A DE C V",PLASTICOS,PLASTICOS,PLASTICOS LABRADOS,4
40-PC14M80180VC,AJEDREZ PLUS 80 X 1.80 VERDE CRISTAL,PZA,False,0,0,0,0,"PLASTICOS ESPECIALES GAREN, S A DE C V",PLASTICOS,PLASTICOS,PLASTICOS LABRADOS,4
40-AAC3,ARPA AZUL CRISTAL 1.00 X 1.80 MTS.,PZA,False,0,0,0,0,"ASESORIA TECNICA PENINSULAR, S.A.",PLASTICOS,PLASTICOS,PLASTICOS LABRADOS,4
40-AAC4,ARPA AZUL CRISTAL 1.20 X 1.80 MTS.,PZA,False,0,0,0,0,"ASESORIA TECNICA PENINSULAR, S.A.",PLASTICOS,PLASTICOS,PLASTICOS LABRADOS,4
40-AAC1,ARPA AZUL CRISTAL 70 X 1.80 MTS.,PZA,False,0,0,0,0,"ASESORIA TECNICA PENINSULAR, S.A.",PLASTICOS,PLASTICOS,PLASTICOS LABRADOS,4
40-AAC2,ARPA AZUL CRISTAL 80 X 180 MTS.,PZA,False,0,0,0,0,"ASESORIA TECNICA PENINSULAR, S.A.",PLASTICOS,PLASTICOS,PLASTICOS LABRADOS,4
40-AB3,ARPA BLANCO 1.00 X 1.80 MTS.,PZA,False,0,0,0,0,"ASESORIA TECNICA PENINSULAR, S.A.",PLASTICOS,PLASTICOS,PLASTICOS LABRADOS,4
40-AB4,ARPA BLANCO 1.20 X 1.80 MTS.,PZA,False,0,0,0,0,"ASESORIA TECNICA PENINSULAR, S.A.",PLASTICOS,PLASTICOS,PLASTICOS LABRADOS,4
40-AB1,ARPA BLANCO 70 X 1.80 MTS.,PZA,False,0,0,0,0,"ASESORIA TECNICA PENINSULAR, S.A.",PLASTICOS,PLASTICOS,PLASTICOS LABRADOS,4
40-AB2,ARPA BLANCO 80 X 180 MTS.,PZA,False,0,0,0,0,"ASESORIA TECNICA PENINSULAR, S.A.",PLASTICOS,PLASTICOS,PLASTICOS LABRADOS,4
40-AC3,ARPA CRISTAL 1.00 X 1.80 MTS.,PZA,False,0,0,0,0,"ASESORIA TECNICA PENINSULAR, S.A.",PLASTICOS,PLASTICOS,PLASTICOS LABRADOS,4
40-AC4,ARPA CRISTAL 1.20 X 1.80 MTS.,PZA,False,0,0,0,0,"ASESORIA TECNICA PENINSULAR, S.A.",PLASTICOS,PLASTICOS,PLASTICOS LABRADOS,4
40-AC1,ARPA CRISTAL 70 X 1.80 MTS.,PZA,False,0,0,0,0,"ASESORIA TECNICA PENINSULAR, S.A.",PLASTICOS,PLASTICOS,PLASTICOS LABRADOS,4
40-AC2,ARPA CRISTAL 80 X 180 MTS.,PZA,False,0,0,0,0,"ASESORIA TECNICA PENINSULAR, S.A.",PLASTICOS,PLASTICOS,PLASTICOS LABRADOS,4
40-AH3,ARPA HUMO 1.00 X 1.80 MTS.,PZA,False,0,0,0,0,"ASESORIA TECNICA PENINSULAR, S.A.",PLASTICOS,PLASTICOS,PLASTICOS LABRADOS,4
40-AH4,ARPA HUMO 1.20 X 1.80 MTS.,PZA,False,0,0,0,0,"ASESORIA TECNICA PENINSULAR, S.A.",PLASTICOS,PLASTICOS,PLASTICOS LABRADOS,4
40-AH1,ARPA HUMO 70 X 1.80 MTS.,PZA,False,0,0,0,0,"ASESORIA TECNICA PENINSULAR, S.A.",PLASTICOS,PLASTICOS,PLASTICOS LABRADOS,4
40-AH2,ARPA HUMO 80 X 180 MTS.,PZA,False,0,0,0,0,"ASESORIA TECNICA PENINSULAR, S.A.",PLASTICOS,PLASTICOS,PLASTICOS LABRADOS,4
40-PD-BDAZ80180,BITEX DELFIN AZUL CRISTAL 80 X 1.80 MTS,PZA,False,0,0,0,0,"ACRILICOS NEWTON, S.A. DE C.V.",PLASTICOS,PLASTICOS,PLASTICOS LABRADOS,4
40-PD-BDBR100180,BITEX DELFIN BRONCE 1.00 X 1.80 MTS,PZA,False,0,0,0,0,"ACRILICOS NEWTON, S.A. DE C.V.",PLASTICOS,PLASTICOS,PLASTICOS LABRADOS,4
40-PD-BDBR80180,BITEX DELFIN BRONCE 80 X 1.80 MTS,PZA,False,0,0,0,0,"ACRILICOS NEWTON, S.A. DE C.V.",PLASTICOS,PLASTICOS,PLASTICOS LABRADOS,4
40-PD-BDHU100180,BITEX DELFIN HUMO 1.00 X 1.80 MTS,PZA,False,0,0,0,0,"ACRILICOS NEWTON, S.A. DE C.V.",PLASTICOS,PLASTICOS,PLASTICOS LABRADOS,4
40-PD-BDHU80180,BITEX DELFIN HUMO 80 X 1.80 MTS,PZA,False,0,0,0,0,"ACRILICOS NEWTON, S.A. DE C.V.",PLASTICOS,PLASTICOS,PLASTICOS LABRADOS,4
40-PD-BDAZ100180,BITEZ DELFIN AZUL CRISTAL 1.00 X 1.80 MTS,PZA,False,0,0,0,0,"ACRILICOS NEWTON, S.A. DE C.V.",PLASTICOS,PLASTICOS,PLASTICOS LABRADOS,4
40-PC4N100180CR,BRISA PLUS 1.00 X 180 CRISTAL,PZA,True,0,0,1,0,"PLASTICOS ESPECIALES GAREN, S A DE C V",PLASTICOS,PLASTICOS,PLASTICOS LABRADOS,3
40-PC4N100180HU,BRISA PLUS 1.00 X 180 HUMO,PZA,True,0,0,0,0,"PLASTICOS ESPECIALES GAREN, S A DE C V",PLASTICOS,PLASTICOS,PLASTICOS LABRADOS,3
40-PC4N100180VC,BRISA PLUS 1.00 X 180 VERDE CRISTAL,PZA,True,0,0,0,0,"PLASTICOS ESPECIALES GAREN, S A DE C V",PLASTICOS,PLASTICOS,PLASTICOS LABRADOS,3
40-PC4N120180CR,BRISA PLUS 1.20 X 180 CRISTAL,PZA,True,0,0,0,0,"PLASTICOS ESPECIALES GAREN, S A DE C V",PLASTICOS,PLASTICOS,PLASTICOS LABRADOS,3
40-PC4N120180HU,BRISA PLUS 1.20 X 180 HUMO,PZA,True,0,0,0,0,"PLASTICOS ESPECIALES GAREN, S A DE C V",PLASTICOS,PLASTICOS,PLASTICOS LABRADOS,3
40-PC4N120180VC,BRISA PLUS 1.20 X 180 VERDE CRISTAL,PZA,True,0,0,2,0,"PLASTICOS ESPECIALES GAREN, S A DE C V",PLASTICOS,PLASTICOS,PLASTICOS LABRADOS,3
40-PC4N70180CR,BRISA PLUS 70 X 180 CRISTAL,PZA,True,0,0,0,0,"PLASTICOS ESPECIALES GAREN, S A DE C V",PLASTICOS,PLASTICOS,PLASTICOS LABRADOS,3
40-PC4N70180HU,BRISA PLUS 70 X 180 HUMO,PZA,True,0,0,0,0,"PLASTICOS ESPECIALES GAREN, S A DE C V",PLASTICOS,PLASTICOS,PLASTICOS LABRADOS,3
40-PC4N70180VC,BRISA PLUS 70 X 180 VERDE CRISTAL,PZA,True,0,0,0,0,"PLASTICOS ESPECIALES GAREN, S A DE C V",PLASTICOS,PLASTICOS,PLASTICOS LABRADOS,3
40-PC4N80180CR,BRISA PLUS 80 X 180 CRISTAL,PZA,True,0,0,0,0,"PLASTICOS ESPECIALES GAREN, S A DE C V",PLASTICOS,PLASTICOS,PLASTICOS LABRADOS,3
40-PC4N80180HU,BRISA PLUS 80 X 180 HUMO,PZA,True,0,0,0,0,"PLASTICOS ESPECIALES GAREN, S A DE C V",PLASTICOS,PLASTICOS,PLASTICOS LABRADOS,3
40-PC4N80180VC,BRISA PLUS 80 X 180 VERDE CRISTAL,PZA,True,0,0,0,0,"PLASTICOS ESPECIALES GAREN, S A DE C V",PLASTICOS,PLASTICOS,PLASTICOS LABRADOS,3
40-PC8N100180AC,DOMINO PLUS 1.00 X 180 AZUL CRISTAL,PZA,False,0,0,0,0,"PLASTICOS ESPECIALES GAREN, S A DE C V",PLASTICOS,PLASTICOS,PLASTICOS LABRADOS,1
40-PC8N100180CR,DOMINO PLUS 1.00 X 180 CRISTAL,PZA,False,0,0,0,0,"PLASTICOS ESPECIALES GAREN, S A DE C V",PLASTICOS,PLASTICOS,PLASTICOS LABRADOS,1
40-PC8N100180HU,DOMINO PLUS 1.00 X 180 HUMO,PZA,False,0,0,0,0,"PLASTICOS ESPECIALES GAREN, S A DE C V",PLASTICOS,PLASTICOS,PLASTICOS LABRADOS,1
40-PC8N120180AC,DOMINO PLUS 1.20 X 180 AZUL CRISTAL,PZA,False,0,0,0,0,"PLASTICOS ESPECIALES GAREN, S A DE C V",PLASTICOS,PLASTICOS,PLASTICOS LABRADOS,1
40-PC8N120180CR,DOMINO PLUS 1.20 X 180 CRISTAL,PZA,False,0,0,0,0,"PLASTICOS ESPECIALES GAREN, S A DE C V",PLASTICOS,PLASTICOS,PLASTICOS LABRADOS,1
40-PC8N120180HU,DOMINO PLUS 1.20 X 180 HUMO,PZA,False,0,0,0,0,"PLASTICOS ESPECIALES GAREN, S A DE C V",PLASTICOS,PLASTICOS,PLASTICOS LABRADOS,1
40-PC8N70180AC,DOMINO PLUS 70 X 180 AZUL CRISTAL,PZA,False,0,0,0,0,"PLASTICOS ESPECIALES GAREN, S A DE C V",PLASTICOS,PLASTICOS,PLASTICOS LABRADOS,1
40-PC8N70180CR,DOMINO PLUS 70 X 180 CRISTAL,PZA,False,0,0,0,0,"PLASTICOS ESPECIALES GAREN, S A DE C V",PLASTICOS,PLASTICOS,PLASTICOS LABRADOS,1
40-PC8N70180HU,DOMINO PLUS 70 X 180 HUMO,PZA,False,0,0,0,0,"PLASTICOS ESPECIALES GAREN, S A DE C V",PLASTICOS,PLASTICOS,PLASTICOS LABRADOS,1
40-PC8N80180AC,DOMINO PLUS 80 X 180 AZUL CRISTAL,PZA,False,0,0,0,0,"PLASTICOS ESPECIALES GAREN, S A DE C V",PLASTICOS,PLASTICOS,PLASTICOS LABRADOS,1
40-PC8N80180CR,DOMINO PLUS 80 X 180 CRISTAL,PZA,False,0,0,0,0,"PLASTICOS ESPECIALES GAREN, S A DE C V",PLASTICOS,PLASTICOS,PLASTICOS LABRADOS,1
40-PC8N80180HU,DOMINO PLUS 80 X 180 HUMO,PZA,False,0,0,0,0,"PLASTICOS ESPECIALES GAREN, S A DE C V",PLASTICOS,PLASTICOS,PLASTICOS LABRADOS,1
40-PC10N100180BR,FIESTA PLUS 1.00 X 180 BRONCE,PZA,True,0,0,2,0,"PLASTICOS ESPECIALES GAREN, S A DE C V",PLASTICOS,PLASTICOS,PLASTICOS LABRADOS,3
40-PC10N100180CR,FIESTA PLUS 1.00 X 180 CRISTAL,PZA,True,0,0,4,0,"PLASTICOS ESPECIALES GAREN, S A DE C V",PLASTICOS,PLASTICOS,PLASTICOS LABRADOS,3
40-PC10N100180OP,FIESTA PLUS 1.00 X 180 OPALINO,PZA,True,0,0,0,0,"PLASTICOS ESPECIALES GAREN, S A DE C V",PLASTICOS,PLASTICOS,PLASTICOS LABRADOS,3
40-PC10N100180VC,FIESTA PLUS 1.00 X 180 VERDE CRISTAL,PZA,True,0,0,0,0,"PLASTICOS ESPECIALES GAREN, S A DE C V",PLASTICOS,PLASTICOS,PLASTICOS LABRADOS,3
40-PC10N120180BR,FIESTA PLUS 1.20 X 180 BRONCE,PZA,True,0,0,0,0,"PLASTICOS ESPECIALES GAREN, S A DE C V",PLASTICOS,PLASTICOS,PLASTICOS LABRADOS,3
40-PC10N120180CR,FIESTA PLUS 1.20 X 180 CRISTAL,PZA,True,0,0,0,0,"PLASTICOS ESPECIALES GAREN, S A DE C V",PLASTICOS,PLASTICOS,PLASTICOS LABRADOS,3
40-PC10N120180OP,FIESTA PLUS 1.20 X 180 OPALINO,PZA,True,0,0,0,0,"PLASTICOS ESPECIALES GAREN, S A DE C V",PLASTICOS,PLASTICOS,PLASTICOS LABRADOS,3
40-PC10N120180VC,FIESTA PLUS 1.20 X 180 VERDE CRISTAL,PZA,True,0,0,0,0,"PLASTICOS ESPECIALES GAREN, S A DE C V",PLASTICOS,PLASTICOS,PLASTICOS LABRADOS,3
40-PC10N70180BR,FIESTA PLUS 70 X 180 BRONCE,PZA,True,0,0,2,0,"PLASTICOS ESPECIALES GAREN, S A DE C V",PLASTICOS,PLASTICOS,PLASTICOS LABRADOS,3
40-PC10N70180CR,FIESTA PLUS 70 X 180 CRISTAL,PZA,True,0,0,2,0,"PLASTICOS ESPECIALES GAREN, S A DE C V",PLASTICOS,PLASTICOS,PLASTICOS LABRADOS,3
40-PC10N70180OP,FIESTA PLUS 70 X 180 OPALINO,PZA,True,0,0,0,0,"PLASTICOS ESPECIALES GAREN, S A DE C V",PLASTICOS,PLASTICOS,PLASTICOS LABRADOS,3
40-PC10N70180VC,FIESTA PLUS 70 X 180 VERDE CRISTAL,PZA,True,0,0,0,0,"PLASTICOS ESPECIALES GAREN, S A DE C V",PLASTICOS,PLASTICOS,PLASTICOS LABRADOS,3
40-PC10N80180BR,FIESTA PLUS 80 X 180 BRONCE,PZA,True,0,0,5,0,"PLASTICOS ESPECIALES GAREN, S A DE C V",PLASTICOS,PLASTICOS,PLASTICOS LABRADOS,3
40-PC10N80180CR,FIESTA PLUS 80 X 180 CRISTAL,PZA,True,0,0,12,0,"PLASTICOS ESPECIALES GAREN, S A DE C V",PLASTICOS,PLASTICOS,PLASTICOS LABRADOS,3
40-PC10N80180OP,FIESTA PLUS 80 X 180 OPALINO,PZA,True,0,0,0,0,"PLASTICOS ESPECIALES GAREN, S A DE C V",PLASTICOS,PLASTICOS,PLASTICOS LABRADOS,3
40-PC10N80180VC,FIESTA PLUS 80 X 180 VERDE CRISTAL,PZA,True,0,0,0,0,"PLASTICOS ESPECIALES GAREN, S A DE C V",PLASTICOS,PLASTICOS,PLASTICOS LABRADOS,3
40-PC9N100180BR,FILIGRANA PLUS 1.00 X 180 BRONCE,PZA,False,0,0,0,0,"PLASTICOS ESPECIALES GAREN, S A DE C V",PLASTICOS,PLASTICOS,PLASTICOS LABRADOS,4
40-PC9N100180OP,FILIGRANA PLUS 1.00 X 180 OPALINO,PZA,False,0,0,0,0,"PLASTICOS ESPECIALES GAREN, S A DE C V",PLASTICOS,PLASTICOS,PLASTICOS LABRADOS,4
40-PC9N100180RC,FILIGRANA PLUS 1.00 X 180 ROSA CRISTAL,PZA,False,0,0,0,0,"PLASTICOS ESPECIALES GAREN, S A DE C V",PLASTICOS,PLASTICOS,PLASTICOS LABRADOS,4
40-PC9N120180BR,FILIGRANA PLUS 1.20 X 180 BRONCE,PZA,False,0,0,0,0,"PLASTICOS ESPECIALES GAREN, S A DE C V",PLASTICOS,PLASTICOS,PLASTICOS LABRADOS,4
40-PC9N120180OP,FILIGRANA PLUS 1.20 X 180 OPALINO,PZA,False,0,0,0,0,"PLASTICOS ESPECIALES GAREN, S A DE C V",PLASTICOS,PLASTICOS,PLASTICOS LABRADOS,4
40-PC9N120180RC,FILIGRANA PLUS 1.20 X 180 ROSA CRISTAL,PZA,False,0,0,0,0,"PLASTICOS ESPECIALES GAREN, S A DE C V",PLASTICOS,PLASTICOS,PLASTICOS LABRADOS,4
40-PC9N70180OP,FILIGRANA PLUS 70 X 180 AZUL CRISTAL,PZA,False,0,0,0,0,"PLASTICOS ESPECIALES GAREN, S A DE C V",PLASTICOS,PLASTICOS,PLASTICOS LABRADOS,4
40-PC9N70180BR,FILIGRANA PLUS 70 X 180 BRONCE,PZA,False,0,0,0,0,"PLASTICOS ESPECIALES GAREN, S A DE C V",PLASTICOS,PLASTICOS,PLASTICOS LABRADOS,4
40-PC9N70180RC,FILIGRANA PLUS 70 X 180 ROSA CRISTAL,PZA,False,0,0,0,0,"PLASTICOS ESPECIALES GAREN, S A DE C V",PLASTICOS,PLASTICOS,PLASTICOS LABRADOS,4
40-PC9N80180BR,FILIGRANA PLUS 80 X 180 BRONCE,PZA,False,0,0,0,0,"PLASTICOS ESPECIALES GAREN, S A DE C V",PLASTICOS,PLASTICOS,PLASTICOS LABRADOS,4
40-PC9N80180OP,FILIGRANA PLUS 80 X 180 OPALINO,PZA,False,0,0,0,0,"PLASTICOS ESPECIALES GAREN, S A DE C V",PLASTICOS,PLASTICOS,PLASTICOS LABRADOS,4
40-PC9N80180RC,FILIGRANA PLUS 80 X 180 ROSA CRISTAL,PZA,False,0,0,0,0,"PLASTICOS ESPECIALES GAREN, S A DE C V",PLASTICOS,PLASTICOS,PLASTICOS LABRADOS,4
40-PC5N100180CR,GAVIOTA PLUS 1.00 X 180 CRISTAL,PZA,False,0,0,0,0,"PLASTICOS ESPECIALES GAREN, S A DE C V",PLASTICOS,PLASTICOS,PLASTICOS LABRADOS,1
40-PC5N100180DU,GAVIOTA PLUS 1.00 X 180 DURAZNO,PZA,False,0,0,0,0,"PLASTICOS ESPECIALES GAREN, S A DE C V",PLASTICOS,PLASTICOS,PLASTICOS LABRADOS,1
40-PC5N100180HU,GAVIOTA PLUS 1.00 X 180 HUMO,PZA,False,0,0,0,0,"PLASTICOS ESPECIALES GAREN, S A DE C V",PLASTICOS,PLASTICOS,PLASTICOS LABRADOS,1
40-PC5N100180OP,GAVIOTA PLUS 1.00 X 180 OPALINO,PZA,False,0,0,0,0,"PLASTICOS ESPECIALES GAREN, S A DE C V",PLASTICOS,PLASTICOS,PLASTICOS LABRADOS,1
40-PC5N120180CR,GAVIOTA PLUS 1.20 X 180 CRISTAL,PZA,False,0,0,0,0,"PLASTICOS ESPECIALES GAREN, S A DE C V",PLASTICOS,PLASTICOS,PLASTICOS LABRADOS,1
40-PC5N120180DU,GAVIOTA PLUS 1.20 X 180 DURAZNO,PZA,False,0,0,0,0,"PLASTICOS ESPECIALES GAREN, S A DE C V",PLASTICOS,PLASTICOS,PLASTICOS LABRADOS,1
40-PC5N120180HU,GAVIOTA PLUS 1.20 X 180 HUMO,PZA,False,0,0,0,0,"PLASTICOS ESPECIALES GAREN, S A DE C V",PLASTICOS,PLASTICOS,PLASTICOS LABRADOS,3
40-PC5N120180OP,GAVIOTA PLUS 1.20 X 180 OPALINO,PZA,False,0,0,0,0,"PLASTICOS ESPECIALES GAREN, S A DE C V",PLASTICOS,PLASTICOS,PLASTICOS LABRADOS,1
40-PC5N70180CR,GAVIOTA PLUS 70 X 180 CRISTAL,PZA,False,0,0,0,0,"PLASTICOS ESPECIALES GAREN, S A DE C V",PLASTICOS,PLASTICOS,PLASTICOS LABRADOS,4
40-PC5N70180HU,GAVIOTA PLUS 70 X 180 HUMO,PZA,False,0,0,0,0,"PLASTICOS ESPECIALES GAREN, S A DE C V",PLASTICOS,PLASTICOS,PLASTICOS LABRADOS,1
40-PC5N70180OP,GAVIOTA PLUS 70 X 180 OPALINO,PZA,False,0,0,0,0,"PLASTICOS ESPECIALES GAREN, S A DE C V",PLASTICOS,PLASTICOS,PLASTICOS LABRADOS,1
40-PC5N70180RC,GAVIOTA PLUS 70 X 180 ROSA CRISTAL,PZA,False,0,0,0,0,"PLASTICOS ESPECIALES GAREN, S A DE C V",PLASTICOS,PLASTICOS,PLASTICOS LABRADOS,4
40-PC5N80180CR,GAVIOTA PLUS 80 X 180 CRISTAL,PZA,False,0,0,0,0,"PLASTICOS ESPECIALES GAREN, S A DE C V",PLASTICOS,PLASTICOS,PLASTICOS LABRADOS,3
40-PC5N80180HU,GAVIOTA PLUS 80 X 180 HUMO,PZA,False,0,0,0,0,"PLASTICOS ESPECIALES GAREN, S A DE C V",PLASTICOS,PLASTICOS,PLASTICOS LABRADOS,1
40-PC5N80180OP,GAVIOTA PLUS 80 X 180 OPALINO,PZA,False,0,0,0,0,"PLASTICOS ESPECIALES GAREN, S A DE C V",PLASTICOS,PLASTICOS,PLASTICOS LABRADOS,1
40-PC6N100180CR,GLACIAL PLUS 1.00 X 180 CRISTAL,PZA,True,0,0,0,0,"PLASTICOS ESPECIALES GAREN, S A DE C V",PLASTICOS,PLASTICOS,PLASTICOS LABRADOS,3
40-PC6N100180HU,GLACIAL PLUS 1.00 X 180 HUMO,PZA,True,0,0,0,0,"PLASTICOS ESPECIALES GAREN, S A DE C V",PLASTICOS,PLASTICOS,PLASTICOS LABRADOS,3
40-PC6N120180CR,GLACIAL PLUS 1.20 X 180 CRISTAL,PZA,True,0,0,7,0,"PLASTICOS ESPECIALES GAREN, S A DE C V",PLASTICOS,PLASTICOS,PLASTICOS LABRADOS,3
40-PC6N120180HU,GLACIAL PLUS 1.20 X 180 HUMO,PZA,True,0,0,0,0,"PLASTICOS ESPECIALES GAREN, S A DE C V",PLASTICOS,PLASTICOS,PLASTICOS LABRADOS,3
40-PC6N70180CR,GLACIAL PLUS 70 X 180 CRISTAL,PZA,True,0,0,0,0,"PLASTICOS ESPECIALES GAREN, S A DE C V",PLASTICOS,PLASTICOS,PLASTICOS LABRADOS,3
40-PC6N70180HU,GLACIAL PLUS 70 X 180 HUMO,PZA,True,0,0,1,0,"PLASTICOS ESPECIALES GAREN, S A DE C V",PLASTICOS,PLASTICOS,PLASTICOS LABRADOS,3
40-PC6N80180CR,GLACIAL PLUS 80 X 180 CRISTAL,PZA,True,0,0,0,0,"PLASTICOS ESPECIALES GAREN, S A DE C V",PLASTICOS,PLASTICOS,PLASTICOS LABRADOS,3
40-PC6N80180HU,GLACIAL PLUS 80 X 180 HUMO,PZA,True,2,0,-2,0,"PLASTICOS ESPECIALES GAREN, S A DE C V",PLASTICOS,PLASTICOS,PLASTICOS LABRADOS,3
40-PC11N100180AC,LAUREL PLUS 1.00 X 180 AZUL CRISTAL,PZA,True,0,0,0,0,"PLASTICOS ESPECIALES GAREN, S A DE C V",PLASTICOS,PLASTICOS,PLASTICOS LABRADOS,3
40-PC11N100180CR,LAUREL PLUS 1.00 X 180 CRISTAL,PZA,True,0,0,0,0,"PLASTICOS ESPECIALES GAREN, S A DE C V",PLASTICOS,PLASTICOS,PLASTICOS LABRADOS,3
40-PC11N100180DP,LAUREL PLUS 1.00 X 180 DURAZNO PASTEL,PZA,True,0,0,0,0,"PLASTICOS ESPECIALES GAREN, S A DE C V",PLASTICOS,PLASTICOS,PLASTICOS LABRADOS,3
40-PC11N100180VC,LAUREL PLUS 1.00 X 180 VERDE CRISTAL,PZA,True,0,0,3,0,"PLASTICOS ESPECIALES GAREN, S A DE C V",PLASTICOS,PLASTICOS,PLASTICOS LABRADOS,3
40-PC11N120180DP,LAUREL PLUS 1.20 X 1.80 DURAZNO PASTEL,PZA,True,0,0,0,0,"PLASTICOS ESPECIALES GAREN, S A DE C V",PLASTICOS,PLASTICOS,PLASTICOS LABRADOS,3
40-PC11N120180AC,LAUREL PLUS 1.20 X 180 AZUL CRISTAL,PZA,True,0,0,0,0,"PLASTICOS ESPECIALES GAREN, S A DE C V",PLASTICOS,PLASTICOS,PLASTICOS LABRADOS,3
40-PC11N120180CR,LAUREL PLUS 1.20 X 180 CRISTAL,PZA,True,0,0,7,0,"PLASTICOS ESPECIALES GAREN, S A DE C V",PLASTICOS,PLASTICOS,PLASTICOS LABRADOS,3
40-PC11N120180VC,LAUREL PLUS 1.20 X 180 VERDE CRISTAL,PZA,True,0,0,3,0,"PLASTICOS ESPECIALES GAREN, S A DE C V",PLASTICOS,PLASTICOS,PLASTICOS LABRADOS,3
40-PC11N70180AC,LAUREL PLUS 70 X 180 AZUL CRISTAL,PZA,True,0,0,0,0,"PLASTICOS ESPECIALES GAREN, S A DE C V",PLASTICOS,PLASTICOS,PLASTICOS LABRADOS,3
40-PC11N70180AP,LAUREL PLUS 70 X 180 AZUL PASTEL,PZA,True,0,0,0,0,"PLASTICOS ESPECIALES GAREN, S A DE C V",PLASTICOS,PLASTICOS,PLASTICOS LABRADOS,3
40-PC11N70180CR,LAUREL PLUS 70 X 180 CRISTAL,PZA,True,0,0,7,0,"PLASTICOS ESPECIALES GAREN, S A DE C V",PLASTICOS,PLASTICOS,PLASTICOS LABRADOS,3
40-PC11N70180DP,LAUREL PLUS 70 X 180 DURAZNO PASTEL,PZA,True,0,0,0,0,"PLASTICOS ESPECIALES GAREN, S A DE C V",PLASTICOS,PLASTICOS,PLASTICOS LABRADOS,3
40-PC11N70180RP,LAUREL PLUS 70 X 180 ROSA PASTEL,PZA,True,0,0,0,0,"PLASTICOS ESPECIALES GAREN, S A DE C V",PLASTICOS,PLASTICOS,PLASTICOS LABRADOS,3
40-PC11N70180VC,LAUREL PLUS 70 X 180 VERDE CRISTAL,PZA,True,0,0,0,0,"PLASTICOS ESPECIALES GAREN, S A DE C V",PLASTICOS,PLASTICOS,PLASTICOS LABRADOS,3
40-PC11N70180VP,LAUREL PLUS 70 X 180 VERDE PASTEL,PZA,True,0,0,0,0,"PLASTICOS ESPECIALES GAREN, S A DE C V",PLASTICOS,PLASTICOS,PLASTICOS LABRADOS,3
40-PC11N80180AC,LAUREL PLUS 80 X 180 AZUL CRISTAL,PZA,True,0,0,0,0,"PLASTICOS ESPECIALES GAREN, S A DE C V",PLASTICOS,PLASTICOS,PLASTICOS LABRADOS,3
40-PC11N80180CR,LAUREL PLUS 80 X 180 CRISTAL,PZA,True,0,0,8,0,"PLASTICOS ESPECIALES GAREN, S A DE C V",PLASTICOS,PLASTICOS,PLASTICOS LABRADOS,3
40-PC11N80180VC,LAUREL PLUS 80 X 180 VERDE CRISTAL,PZA,True,0,0,0,0,"PLASTICOS ESPECIALES GAREN, S A DE C V",PLASTICOS,PLASTICOS,PLASTICOS LABRADOS,3
40-PC12N100180AC,LLUVIA PLUS 1.00 X 180 AZUL CRISTAL,PZA,False,0,0,0,0,"PLASTICOS ESPECIALES GAREN, S A DE C V",PLASTICOS,PLASTICOS,PLASTICOS LABRADOS,4
40-PC12N100180CR,LLUVIA PLUS 1.00 X 180 CRISTAL,PZA,False,0,0,0,0,"PLASTICOS ESPECIALES GAREN, S A DE C V",PLASTICOS,PLASTICOS,PLASTICOS LABRADOS,4
40-PC12N100180HU,LLUVIA PLUS 1.00 X 180 HUMO,PZA,False,0,0,0,0,"PLASTICOS ESPECIALES GAREN, S A DE C V",PLASTICOS,PLASTICOS,PLASTICOS LABRADOS,4
40-PC12N100180OP,LLUVIA PLUS 1.00 X 180 OPALINO,PZA,False,0,0,0,0,"PLASTICOS ESPECIALES GAREN, S A DE C V",PLASTICOS,PLASTICOS,PLASTICOS LABRADOS,4
40-PC12N120180AC,LLUVIA PLUS 1.20 X 180 AZUL CRISTAL,PZA,False,0,0,0,0,"PLASTICOS ESPECIALES GAREN, S A DE C V",PLASTICOS,PLASTICOS,PLASTICOS LABRADOS,4
40-PC12N120180CR,LLUVIA PLUS 1.20 X 180 CRISTAL,PZA,False,0,0,0,0,"PLASTICOS ESPECIALES GAREN, S A DE C V",PLASTICOS,PLASTICOS,PLASTICOS LABRADOS,4
40-PC12N120180HU,LLUVIA PLUS 1.20 X 180 HUMO,PZA,False,0,0,0,0,"PLASTICOS ESPECIALES GAREN, S A DE C V",PLASTICOS,PLASTICOS,PLASTICOS LABRADOS,4
40-PC12N120180OP,LLUVIA PLUS 1.20 X 180 OPALINO,PZA,False,0,0,0,0,"PLASTICOS ESPECIALES GAREN, S A DE C V",PLASTICOS,PLASTICOS,PLASTICOS LABRADOS,4
40-PC12N70180AC,LLUVIA PLUS 70 X 180 AZUL CRISTAL,PZA,False,0,0,0,0,"PLASTICOS ESPECIALES GAREN, S A DE C V",PLASTICOS,PLASTICOS,PLASTICOS LABRADOS,4
40-PC12N70180CR,LLUVIA PLUS 70 X 180 CRISTAL,PZA,False,0,0,0,0,"PLASTICOS ESPECIALES GAREN, S A DE C V",PLASTICOS,PLASTICOS,PLASTICOS LABRADOS,4
40-PC12N70180HU,LLUVIA PLUS 70 X 180 HUMO,PZA,False,0,0,0,0,"PLASTICOS ESPECIALES GAREN, S A DE C V",PLASTICOS,PLASTICOS,PLASTICOS LABRADOS,4
40-PC12N70180OP,LLUVIA PLUS 70 X 180 OPALINO,PZA,False,0,0,0,0,"PLASTICOS ESPECIALES GAREN, S A DE C V",PLASTICOS,PLASTICOS,PLASTICOS LABRADOS,4
40-PC12N80180AC,LLUVIA PLUS 80 X 180 AZUL CRISTAL,PZA,False,0,0,0,0,"PLASTICOS ESPECIALES GAREN, S A DE C V",PLASTICOS,PLASTICOS,PLASTICOS LABRADOS,4
40-PC12N80180CR,LLUVIA PLUS 80 X 180 CRISTAL,PZA,False,0,0,0,0,"PLASTICOS ESPECIALES GAREN, S A DE C V",PLASTICOS,PLASTICOS,PLASTICOS LABRADOS,4
40-PC12N80180HU,LLUVIA PLUS 80 X 180 HUMO,PZA,False,0,0,0,0,"PLASTICOS ESPECIALES GAREN, S A DE C V",PLASTICOS,PLASTICOS,PLASTICOS LABRADOS,4
40-PC12N80180OP,LLUVIA PLUS 80 X 180 OPALINO,PZA,False,0,0,0,0,"PLASTICOS ESPECIALES GAREN, S A DE C V",PLASTICOS,PLASTICOS,PLASTICOS LABRADOS,4
40-PM34N100180AC,MOSAICO 1.00 X 1.80 MTS. AZUL CRISTAL,PZA,False,0,0,0,0,"MASTIQUES MADISON, S.A. DE C.V.",PLASTICOS,PLASTICOS,PLASTICOS LABRADOS,1
40-PM34N100180BR,MOSAICO 1.00 X 1.80 MTS. BRONCE,PZA,True,0,0,17,0,"MASTIQUES MADISON, S.A. DE C.V.",PLASTICOS,PLASTICOS,PLASTICOS LABRADOS,3
40-PM34N100180CR,MOSAICO 1.00 X 1.80 MTS. CRISTAL,PZA,True,0,0,36,0,"MASTIQUES MADISON, S.A. DE C.V.",PLASTICOS,PLASTICOS,PLASTICOS LABRADOS,3
40-PM34N100180HU,MOSAICO 1.00 X 1.80 MTS. HUMO,PZA,True,-2,0,63,0,"MASTIQUES MADISON, S.A. DE C.V.",PLASTICOS,PLASTICOS,PLASTICOS LABRADOS,3
40-PM34N100180VC,MOSAICO 1.00 X 1.80 MTS. VERDE CRISTAL,PZA,False,0,0,0,0,"MASTIQUES MADISON, S.A. DE C.V.",PLASTICOS,PLASTICOS,PLASTICOS LABRADOS,1
40-PM34N120180AC,MOSAICO 1.20 X 1.80 MTS. AZUL CRISTAL,PZA,False,0,0,0,0,"MASTIQUES MADISON, S.A. DE C.V.",PLASTICOS,PLASTICOS,PLASTICOS LABRADOS,1
40-PM34N120180BR,MOSAICO 1.20 X 1.80 MTS. BRONCE,PZA,True,0,0,32,0,"MASTIQUES MADISON, S.A. DE C.V.",PLASTICOS,PLASTICOS,PLASTICOS LABRADOS,3
40-PM34N120180CR,MOSAICO 1.20 X 1.80 MTS. CRISTAL,PZA,True,1,0,28,0,"MASTIQUES MADISON, S.A. DE C.V.",PLASTICOS,PLASTICOS,PLASTICOS LABRADOS,3
40-PM34N120180HU,MOSAICO 1.20 X 1.80 MTS. HUMO,PZA,True,0,0,47,0,"MASTIQUES MADISON, S.A. DE C.V.",PLASTICOS,PLASTICOS,PLASTICOS LABRADOS,3
40-PM34N120180VC,MOSAICO 1.20 X 1.80 MTS. VERDE CRISTAL,PZA,False,0,0,0,0,"MASTIQUES MADISON, S.A. DE C.V.",PLASTICOS,PLASTICOS,PLASTICOS LABRADOS,1
40-PM34N70180AC,MOSAICO 70 X 1.80 MTS. AZUL CRISTAL,PZA,False,0,0,0,0,"MASTIQUES MADISON, S.A. DE C.V.",PLASTICOS,PLASTICOS,PLASTICOS LABRADOS,1
40-PM34N70180BR,MOSAICO 70 X 1.80 MTS. BRONCE,PZA,True,0,0,15,0,"MASTIQUES MADISON, S.A. DE C.V.",PLASTICOS,PLASTICOS,PLASTICOS LABRADOS,3
40-PM34N70180CR,MOSAICO 70 X 1.80 MTS. CRISTAL,PZA,True,0,0,41,0,"MASTIQUES MADISON, S.A. DE C.V.",PLASTICOS,PLASTICOS,PLASTICOS LABRADOS,3
40-PM34N70180HU,MOSAICO 70 X 1.80 MTS. HUMO,PZA,True,0,0,36,0,"MASTIQUES MADISON, S.A. DE C.V.",PLASTICOS,PLASTICOS,PLASTICOS LABRADOS,3
40-PM34N70180VC,MOSAICO 70 X 1.80 MTS. VERDE CRISTAL,PZA,False,0,0,0,0,"MASTIQUES MADISON, S.A. DE C.V.",PLASTICOS,PLASTICOS,PLASTICOS LABRADOS,4
40-PM34N80180AC,MOSAICO 80 X 1.80 MTS. AZUL CRISTA,PZA,False,0,0,0,0,"MASTIQUES MADISON, S.A. DE C.V.",PLASTICOS,PLASTICOS,PLASTICOS LABRADOS,1
40-PM34N80180BR,MOSAICO 80 X 1.80 MTS. BRONCE,PZA,True,0,0,28,0,"MASTIQUES MADISON, S.A. DE C.V.",PLASTICOS,PLASTICOS,PLASTICOS LABRADOS,3
40-PM34N80180CR,MOSAICO 80 X 1.80 MTS. CRISTAL,PZA,True,0,0,48,0,"MASTIQUES MADISON, S.A. DE C.V.",PLASTICOS,PLASTICOS,PLASTICOS LABRADOS,3
40-PM34N80180HU,MOSAICO 80 X 1.80 MTS. HUMO,PZA,True,0,0,64,0,"MASTIQUES MADISON, S.A. DE C.V.",PLASTICOS,PLASTICOS,PLASTICOS LABRADOS,3
40-PM34N80180VC,MOSAICO 80 X 1.80 MTS. VERDE CRISTAL,PZA,False,0,0,0,0,"MASTIQUES MADISON, S.A. DE C.V.",PLASTICOS,PLASTICOS,PLASTICOS LABRADOS,1
40-PM33N100180AC,NUBE 1.00 X 1.80 MTS. AZUL CRISTAL,PZA,False,0,0,0,0,"MASTIQUES MADISON, S.A. DE C.V.",PLASTICOS,PLASTICOS,PLASTICOS LABRADOS,1
40-PM33N120180AC,NUBE 1.20 X 1.80 MTS. AZUL CRISTAL,PZA,False,0,0,0,0,"MASTIQUES MADISON, S.A. DE C.V.",PLASTICOS,PLASTICOS,PLASTICOS LABRADOS,1
40-PM33N70180AC,NUBE 70 X 1.80 MTS. AZUL CRISTAL,PZA,False,0,0,0,0,"MASTIQUES MADISON, S.A. DE C.V.",PLASTICOS,PLASTICOS,PLASTICOS LABRADOS,1
40-PM33N80180AC,NUBE 80 X 1.80 MTS. AZUL CRISTAL,PZA,False,0,0,0,0,"MASTIQUES MADISON, S.A. DE C.V.",PLASTICOS,PLASTICOS,PLASTICOS LABRADOS,1
40-PM31N100180BR,ORQUIDEA PLUS 1.00 X 180 BRONCE,PZA,True,0,0,5,0,"MASTIQUES MADISON, S.A. DE C.V.",PLASTICOS,PLASTICOS,PLASTICOS LABRADOS,3
40-PM31N100180CR,ORQUIDEA PLUS 1.00 X 180 CRISTAL,PZA,True,0,0,0,0,"MASTIQUES MADISON, S.A. DE C.V.",PLASTICOS,PLASTICOS,PLASTICOS LABRADOS,3
40-PM31N100180RC,ORQUIDEA PLUS 1.00 X 180 ROSA CRISTAL,PZA,False,0,0,0,0,"MASTIQUES MADISON, S.A. DE C.V.",PLASTICOS,PLASTICOS,PLASTICOS LABRADOS,1
40-PM31N120180BR,ORQUIDEA PLUS 1.20 X 180 BRONCE,PZA,True,0,0,10,0,"MASTIQUES MADISON, S.A. DE C.V.",PLASTICOS,PLASTICOS,PLASTICOS LABRADOS,3
40-PM31N120180CR,ORQUIDEA PLUS 1.20 X 180 CRISTAL,PZA,True,0,0,0,0,"MASTIQUES MADISON, S.A. DE C.V.",PLASTICOS,PLASTICOS,PLASTICOS LABRADOS,3
40-PM31N120180RC,ORQUIDEA PLUS 1.20 X 180 ROSA CRISTAL,PZA,False,0,0,0,0,"MASTIQUES MADISON, S.A. DE C.V.",PLASTICOS,PLASTICOS,PLASTICOS LABRADOS,1
40-PM31N70180BR,ORQUIDEA PLUS 70 X 180 BRONCE,PZA,True,0,0,0,0,"MASTIQUES MADISON, S.A. DE C.V.",PLASTICOS,PLASTICOS,PLASTICOS LABRADOS,3
40-PM31N70180CR,ORQUIDEA PLUS 70 X 180 CRISTAL,PZA,True,0,0,4,0,"MASTIQUES MADISON, S.A. DE C.V.",PLASTICOS,PLASTICOS,PLASTICOS LABRADOS,3
40-PM31N70180RC,ORQUIDEA PLUS 70 X 180 ROSA CRISTAL,PZA,False,0,0,0,0,"MASTIQUES MADISON, S.A. DE C.V.",PLASTICOS,PLASTICOS,PLASTICOS LABRADOS,1
40-PM31N80180BR,ORQUIDEA PLUS 80 X 180 BRONCE,PZA,True,0,0,10,0,"MASTIQUES MADISON, S.A. DE C.V.",PLASTICOS,PLASTICOS,PLASTICOS LABRADOS,3
40-PM31N80180CR,ORQUIDEA PLUS 80 X 180 CRISTAL,PZA,True,0,0,15,0,"MASTIQUES MADISON, S.A. DE C.V.",PLASTICOS,PLASTICOS,PLASTICOS LABRADOS,3
40-PM31N80180RC,ORQUIDEA PLUS 80 X 180 ROSA CRISTAL,PZA,False,0,0,0,0,"MASTIQUES MADISON, S.A. DE C.V.",PLASTICOS,PLASTICOS,PLASTICOS LABRADOS,1
40-PC1N100180AZ,OTOÑO PLUS 1.00 X 180 AZUL CRISTAL,PZA,True,0,0,6,0,"PLASTICOS ESPECIALES GAREN, S A DE C V",PLASTICOS,PLASTICOS,PLASTICOS LABRADOS,3
40-PC1N100180AP,OTOÑO PLUS 1.00 X 180 AZUL PASTEL,PZA,True,2,0,2,0,"PLASTICOS ESPECIALES GAREN, S A DE C V",PLASTICOS,PLASTICOS,PLASTICOS LABRADOS,3
40-PC1N100180DP,OTOÑO PLUS 1.00 X 180 DURAZNO PASTEL,PZA,True,0,0,15,0,"PLASTICOS ESPECIALES GAREN, S A DE C V",PLASTICOS,PLASTICOS,PLASTICOS LABRADOS,3
40-PC1N100180HU,OTOÑO PLUS 1.00 X 180 HUMO,PZA,True,0,0,12,0,"PLASTICOS ESPECIALES GAREN, S A DE C V",PLASTICOS,PLASTICOS,PLASTICOS LABRADOS,3
40-PC1N100180OP,OTOÑO PLUS 1.00 X 180 OPALINO,PZA,True,0,0,6,0,"PLASTICOS ESPECIALES GAREN, S A DE C V",PLASTICOS,PLASTICOS,PLASTICOS LABRADOS,3
40-PC1N100180RP,OTOÑO PLUS 1.00 X 180 ROSA PASTEL,PZA,True,0,0,10,0,"PLASTICOS ESPECIALES GAREN, S A DE C V",PLASTICOS,PLASTICOS,PLASTICOS LABRADOS,3
40-PC1N100180VP,OTOÑO PLUS 1.00 X 180 VERDE PASTEL,PZA,True,0,0,11,0,"PLASTICOS ESPECIALES GAREN, S A DE C V",PLASTICOS,PLASTICOS,PLASTICOS LABRADOS,3
40-PC1N120180AZ,OTOÑO PLUS 1.20 X 180 AZUL CRISTAL,PZA,True,0,0,19,0,"PLASTICOS ESPECIALES GAREN, S A DE C V",PLASTICOS,PLASTICOS,PLASTICOS LABRADOS,3
40-PC1N120180AP,OTOÑO PLUS 1.20 X 180 AZUL PASTEL,PZA,True,0,0,12,0,"PLASTICOS ESPECIALES GAREN, S A DE C V",PLASTICOS,PLASTICOS,PLASTICOS LABRADOS,3
40-PC1N120180DP,OTOÑO PLUS 1.20 X 180 DURAZNO PASTEL,PZA,True,15,0,16,0,"PLASTICOS ESPECIALES GAREN, S A DE C V",PLASTICOS,PLASTICOS,PLASTICOS LABRADOS,3
40-PC1N120180HU,OTOÑO PLUS 1.20 X 180 HUMO,PZA,True,5,0,6,0,"PLASTICOS ESPECIALES GAREN, S A DE C V",PLASTICOS,PLASTICOS,PLASTICOS LABRADOS,3
40-PC1N120180OP,OTOÑO PLUS 1.20 X 180 OPALINO,PZA,True,5,0,13,0,"PLASTICOS ESPECIALES GAREN, S A DE C V",PLASTICOS,PLASTICOS,PLASTICOS LABRADOS,3
40-PC1N120180RP,OTOÑO PLUS 1.20 X 180 ROSA PASTEL,PZA,True,0,0,6,0,"PLASTICOS ESPECIALES GAREN, S A DE C V",PLASTICOS,PLASTICOS,PLASTICOS LABRADOS,3
40-PC1N120180VP,OTOÑO PLUS 1.20 X 180 VERDE PASTEL,PZA,True,0,0,19,0,"PLASTICOS ESPECIALES GAREN, S A DE C V",PLASTICOS,PLASTICOS,PLASTICOS LABRADOS,3
40-PC1N70180AZ,OTOÑO PLUS 70 X 180 AZUL CRISTAL,PZA,True,1,0,6,0,"PLASTICOS ESPECIALES GAREN, S A DE C V",PLASTICOS,PLASTICOS,PLASTICOS LABRADOS,3
40-PC1N70180AP,OTOÑO PLUS 70 X 180 AZUL PASTEL,PZA,True,-1,0,15,0,"PLASTICOS ESPECIALES GAREN, S A DE C V",PLASTICOS,PLASTICOS,PLASTICOS LABRADOS,3
40-PC1N70180DP,OTOÑO PLUS 70 X 180 DURAZNO PASTEL,PZA,True,0,0,9,0,"PLASTICOS ESPECIALES GAREN, S A DE C V",PLASTICOS,PLASTICOS,PLASTICOS LABRADOS,3
40-PC1N70180HU,OTOÑO PLUS 70 X 180 HUMO,PZA,True,0,0,7,0,"PLASTICOS ESPECIALES GAREN, S A DE C V",PLASTICOS,PLASTICOS,PLASTICOS LABRADOS,3
40-PC1N70180OP,OTOÑO PLUS 70 X 180 OPALINO,PZA,True,0,0,15,0,"PLASTICOS ESPECIALES GAREN, S A DE C V",PLASTICOS,PLASTICOS,PLASTICOS LABRADOS,3
40-PC1N70180RP,OTOÑO PLUS 70 X 180 ROSA PASTEL,PZA,True,7,0,9,0,"PLASTICOS ESPECIALES GAREN, S A DE C V",PLASTICOS,PLASTICOS,PLASTICOS LABRADOS,3
40-PC1N70180VP,OTOÑO PLUS 70 X 180 VERDE PASTEL,PZA,True,4,0,4,0,"PLASTICOS ESPECIALES GAREN, S A DE C V",PLASTICOS,PLASTICOS,PLASTICOS LABRADOS,3
40-PC1N80180AZ,OTOÑO PLUS 80 X 180 AZUL CRISTAL,PZA,True,0,0,9,0,"PLASTICOS ESPECIALES GAREN, S A DE C V",PLASTICOS,PLASTICOS,PLASTICOS LABRADOS,3
40-PC1N80180AP,OTOÑO PLUS 80 X 180 AZUL PASTEL,PZA,True,0,0,12,0,"PLASTICOS ESPECIALES GAREN, S A DE C V",PLASTICOS,PLASTICOS,PLASTICOS LABRADOS,3
40-PC1N80180DP,OTOÑO PLUS 80 X 180 DURAZNO PASTEL,PZA,True,0,0,9,0,"PLASTICOS ESPECIALES GAREN, S A DE C V",PLASTICOS,PLASTICOS,PLASTICOS LABRADOS,3
40-PC1N80180HU,OTOÑO PLUS 80 X 180 HUMO,PZA,True,0,0,9,0,"PLASTICOS ESPECIALES GAREN, S A DE C V",PLASTICOS,PLASTICOS,PLASTICOS LABRADOS,3
40-PC1N80180OP,OTOÑO PLUS 80 X 180 OPALINO,PZA,True,0,0,7,0,"PLASTICOS ESPECIALES GAREN, S A DE C V",PLASTICOS,PLASTICOS,PLASTICOS LABRADOS,3
40-PC1N80180RP,OTOÑO PLUS 80 X 180 ROSA PASTEL,PZA,True,0,0,6,0,"PLASTICOS ESPECIALES GAREN, S A DE C V",PLASTICOS,PLASTICOS,PLASTICOS LABRADOS,3
40-PC1N80180VP,OTOÑO PLUS 80 X 180 VERDE PASTEL,PZA,True,0,0,8,0,"PLASTICOS ESPECIALES GAREN, S A DE C V",PLASTICOS,PLASTICOS,PLASTICOS LABRADOS,3
40-PLAS-CTE-3MM,PLASTICO 3MM BLANCO LISO,M2,True,0,0,0,165.31,"TECNO EXTRUSIONES, S.A. DE C.V.",PLASTICOS,PLASTICOS,PLASTICOS LABRADOS,4
40-PC13N100180HU,QUAZAR PLUS 1.00 X 180 HUMO,PZA,False,0,0,0,0,"PLASTICOS ESPECIALES GAREN, S A DE C V",PLASTICOS,PLASTICOS,PLASTICOS LABRADOS,4
40-PC13N100180CR,QUAZAR PLUS 1.00 X 180 OPALINO,PZA,False,0,0,0,0,"PLASTICOS ESPECIALES GAREN, S A DE C V",PLASTICOS,PLASTICOS,PLASTICOS LABRADOS,4
40-PC13N120180BR,QUAZAR PLUS 1.20 X 1.80 MTS BRONCE,PZA,False,0,0,0,0,"PLASTICOS ESPECIALES GAREN, S A DE C V",PLASTICOS,PLASTICOS,PLASTICOS LABRADOS,4
40-PC13N120180CR,QUAZAR PLUS 1.20 X 180 CRISTAL,PZA,False,0,0,0,0,"PLASTICOS ESPECIALES GAREN, S A DE C V",PLASTICOS,PLASTICOS,PLASTICOS LABRADOS,4
40-PC13N120180HU,QUAZAR PLUS 1.20 X 180 HUMO,PZA,False,0,0,0,0,"PLASTICOS ESPECIALES GAREN, S A DE C V",PLASTICOS,PLASTICOS,PLASTICOS LABRADOS,4
40-PC13N70180CR,QUAZAR PLUS 70 X 180 CRISTAL,PZA,False,0,0,0,0,"PLASTICOS ESPECIALES GAREN, S A DE C V",PLASTICOS,PLASTICOS,PLASTICOS LABRADOS,4
40-PC13N70180HU,QUAZAR PLUS 70 X 180 HUMO,PZA,False,0,0,0,0,"PLASTICOS ESPECIALES GAREN, S A DE C V",PLASTICOS,PLASTICOS,PLASTICOS LABRADOS,4
40-PC13N80180CR,QUAZAR PLUS 80 X 180 CRISTAL,PZA,False,0,0,0,0,"PLASTICOS ESPECIALES GAREN, S A DE C V",PLASTICOS,PLASTICOS,PLASTICOS LABRADOS,4
40-PC13N80180HU,QUAZAR PLUS 80 X 180 HUMO,PZA,False,0,0,0,0,"PLASTICOS ESPECIALES GAREN, S A DE C V",PLASTICOS,PLASTICOS,PLASTICOS LABRADOS,4
995-RO-001,REJILLA OPALINA 0.61 X 1.22 MTS BLANCA,PZA,False,0,0,0,0,LA VIGA EXTRUSIONES,PLASTICOS,PLASTICOS,PLASTICOS LABRADOS,4
40-PC3N70180OP,LISO 0.70 X 1.80 MTS BLANCO GAREN,PZA,False,0,0,0,0,"PLASTICOS ESPECIALES GAREN, S A DE C V",PLASTICOS,PLASTICOS,PLASTICOS LISOS,3
40-PC3N70180CR,LISO 0.70 X 1.80 MTS CRISTAL GAREN,PZA,False,0,0,0,0,"PLASTICOS ESPECIALES GAREN, S A DE C V",PLASTICOS,PLASTICOS,PLASTICOS LISOS,3
40-PC3N70180HU,LISO 0.70 X 1.80 MTS HUMO GAREN,PZA,False,0,0,0,0,"PLASTICOS ESPECIALES GAREN, S A DE C V",PLASTICOS,PLASTICOS,PLASTICOS LISOS,3
40-PC3N80180OP,LISO 0.80 X 1.80 MTS BLANCO GAREN,PZA,False,0,0,0,0,"PLASTICOS ESPECIALES GAREN, S A DE C V",PLASTICOS,PLASTICOS,PLASTICOS LISOS,3
40-PC3N80180CR,LISO 0.80 X 1.80 MTS CRISTAL GAREN,PZA,False,0,0,0,0,"PLASTICOS ESPECIALES GAREN, S A DE C V",PLASTICOS,PLASTICOS,PLASTICOS LISOS,3
40-PC3N80180HU,LISO 0.80 X 1.80 MTS HUMO GAREN,PZA,False,0,0,0,0,"PLASTICOS ESPECIALES GAREN, S A DE C V",PLASTICOS,PLASTICOS,PLASTICOS LISOS,3
40-PC3N100180OP,LISO 1.00 X 1.80 MTS BLANCO GAREN,PZA,False,0,0,0,0,"PLASTICOS ESPECIALES GAREN, S A DE C V",PLASTICOS,PLASTICOS,PLASTICOS LISOS,3
40-PC3N100180CR,LISO 1.00 X 1.80 MTS CRISTAL GAREN,PZA,False,0,0,0,0,"PLASTICOS ESPECIALES GAREN, S A DE C V",PLASTICOS,PLASTICOS,PLASTICOS LISOS,3
40-PC3N100180HU,LISO 1.00 X 1.80 MTS HUMO GAREN,PZA,False,0,0,0,0,"PLASTICOS ESPECIALES GAREN, S A DE C V",PLASTICOS,PLASTICOS,PLASTICOS LISOS,3
40-PC3N120180OP,LISO 1.20 X 1.80 MTS BLANCO GAREN,PZA,False,0,0,0,0,"PLASTICOS ESPECIALES GAREN, S A DE C V",PLASTICOS,PLASTICOS,PLASTICOS LISOS,3
40-PC3N120180CR,LISO 1.20 X 1.80 MTS CRISTAL GAREN,PZA,False,0,0,0,0,"PLASTICOS ESPECIALES GAREN, S A DE C V",PLASTICOS,PLASTICOS,PLASTICOS LISOS,3
40-PC3N120180HU,LISO 1.20 X 1.80 MTS HUMO GAREN,PZA,False,0,0,0,0,"PLASTICOS ESPECIALES GAREN, S A DE C V",PLASTICOS,PLASTICOS,PLASTICOS LISOS,3
40-4LALOP03100180,LISO BLANCO MADISON 1.00 X 1.80 MTS,PZA,False,0,0,0,0,"MASTIQUES MADISON, S.A. DE C.V.",PLASTICOS,PLASTICOS,PLASTICOS LISOS,4
40-4LAPC03100180,LISO CRISTAL MADISON 1.00 X 1.80 MTS,PZA,False,0,0,0,0,"MASTIQUES MADISON, S.A. DE C.V.",PLASTICOS,PLASTICOS,PLASTICOS LISOS,4
40-PM32N100180DU,LISO PLUS 1.00 X 1.80 MTS. DURAZNO,PZA,False,0,0,0,0,"MASTIQUES MADISON, S.A. DE C.V.",PLASTICOS,PLASTICOS,PLASTICOS LISOS,1
40-PM32N100180RO,LISO PLUS 1.00 X 1.80 MTS. ROSA,PZA,False,0,0,0,0,"MASTIQUES MADISON, S.A. DE C.V.",PLASTICOS,PLASTICOS,PLASTICOS LISOS,1
40-PM32N120180DU,LISO PLUS 1.20 X 1.80 MTS. DURAZNO,PZA,False,0,0,0,0,"MASTIQUES MADISON, S.A. DE C.V.",PLASTICOS,PLASTICOS,PLASTICOS LISOS,1
40-PM32N120180RO,LISO PLUS 1.20 X 1.80 MTS. ROSA,PZA,False,0,0,0,0,"MASTIQUES MADISON, S.A. DE C.V.",PLASTICOS,PLASTICOS,PLASTICOS LISOS,1
40-PM32N70180DU,LISO PLUS 70 X 1.80 MTS. DURAZNO,PZA,False,0,0,0,0,"MASTIQUES MADISON, S.A. DE C.V.",PLASTICOS,PLASTICOS,PLASTICOS LISOS,1
40-PM32N70180RO,LISO PLUS 70 X 1.80 MTS. ROSA,PZA,False,0,0,0,0,"MASTIQUES MADISON, S.A. DE C.V.",PLASTICOS,PLASTICOS,PLASTICOS LISOS,1
40-PM32N80180DU,LISO PLUS 80 X 1.80 MTS. DURAZNO,PZA,False,0,0,0,0,"MASTIQUES MADISON, S.A. DE C.V.",PLASTICOS,PLASTICOS,PLASTICOS LISOS,1
40-PM32N80180RO,LISO PLUS 80 X 1.80 MTS. ROSA,PZA,False,0,0,0,0,"MASTIQUES MADISON, S.A. DE C.V.",PLASTICOS,PLASTICOS,PLASTICOS LISOS,1
701-PA6-183M,"POLICARBONATO 6,MM AZUL 1.83 MTS",MTS,True,0,0,0,36,"HERRALUM INDUSTRIAL, S.A. DE C.V.",POLICARBONATO METROS LINEALES,POLICARBONATOS,POLICARBONATOS,4
701-PB6-122M,"POLICARBONATO 6,MM BLANCO 1.22 MTS",MTS,True,0,0,0,96.5,"HERRALUM INDUSTRIAL, S.A. DE C.V.",POLICARBONATO METROS LINEALES,POLICARBONATOS,POLICARBONATOS,4
701-PB6-183M,"POLICARBONATO 6,MM BLANCO 1.83 MTS",MTS,True,0,0,5,0.9,"HERRALUM INDUSTRIAL, S.A. DE C.V.",POLICARBONATO METROS LINEALES,POLICARBONATOS,POLICARBONATOS,4
701-PH6-122M,"POLICARBONATO 6,MM BRONCE 1.22 MTS",MTS,True,0,0,0,-7,"HERRALUM INDUSTRIAL, S.A. DE C.V.",POLICARBONATO METROS LINEALES,POLICARBONATOS,POLICARBONATOS,4
701-PH6-183M,"POLICARBONATO 6,MM BRONCE 1.83 MTS",MTS,True,0,0,0,0.75,"HERRALUM INDUSTRIAL, S.A. DE C.V.",POLICARBONATO METROS LINEALES,POLICARBONATOS,POLICARBONATOS,4
701-PHUMO6-122M,"POLICARBONATO 6,MM HUMO 1.22 MTS",MTS,True,0,0,0,4.2,"HERRALUM INDUSTRIAL, S.A. DE C.V.",POLICARBONATO METROS LINEALES,POLICARBONATOS,POLICARBONATOS,4
701-PHUMO6-183M,"POLICARBONATO 6,MM HUMO 1.83 MTS",MTS,True,0,0,10,-10.11,"HERRALUM INDUSTRIAL, S.A. DE C.V.",POLICARBONATO METROS LINEALES,POLICARBONATOS,POLICARBONATOS,4
701-PHV6-183,"POLICARBONATO 6,MM HUMO VERDE 1.83 MTS",MTS,True,-4,0,0,5,"HERRALUM INDUSTRIAL, S.A. DE C.V.",POLICARBONATO METROS LINEALES,POLICARBONATOS,POLICARBONATOS,4
701-PT6-122M,"POLICARBONATO 6,MM TRANSPARENTE 1.22 MTS",MTS,True,2,0,0,7.8,"HERRALUM INDUSTRIAL, S.A. DE C.V.",POLICARBONATO METROS LINEALES,POLICARBONATOS,POLICARBONATOS,4
701-PV6-183M,"POLICARBONATO 6,MM VERDE 1.83 MTS",MTS,True,0,0,0,2.8,"HERRALUM INDUSTRIAL, S.A. DE C.V.",POLICARBONATO METROS LINEALES,POLICARBONATOS,POLICARBONATOS,4
701-PT6-183M,POLICARBONATO 6MM TRANSP  1.83 MTS,MTS,True,0,0,10,-21.9,"HERRALUM INDUSTRIAL, S.A. DE C.V.",POLICARBONATO METROS LINEALES,POLICARBONATOS,POLICARBONATOS,4
701-PCS-2441226C,POLICARBONATO SOLIDO UV UNA CARA 6MM 1.22 X 2.44 MTS CRISTAL,PZA,False,0,0,0,0,"PLASTICOS ESPECIALES GAREN, S A DE C V",POLICARBONATO METROS LINEALES,POLICARBONATOS,POLICARBONATOS,1
701-112125000,"PERFIL P/POLICARBONATO 10 MM ALETA LATERAL RIGIDA ""H"" 2.50 MTS",PZA,True,0,0,0,134,"HERRALUM INDUSTRIAL, S.A. DE C.V.",POLICARBONATOS ROLLOS,POLICARBONATOS,POLICARBONATOS,4
701-17130610006TR,POLICARBONATO PERFIL  BASE TAPA  4-6MM  6.10MT TRANSPARENTE,PZA,True,0,0,0,70,"HERRALUM INDUSTRIAL, S.A. DE C.V.",POLICARBONATOS ROLLOS,POLICARBONATOS,POLICARBONATOS,4
701-17181221098TR,"ROLLO DE POLICARBONATO 6,MM  1.22 X 10.98 MTS TRANSPARENTE GLANZE DOBLE UV",PZA,False,0,0,0,0,"HERRALUM INDUSTRIAL, S.A. DE C.V.",POLICARBONATOS ROLLOS,POLICARBONATOS,POLICARBONATOS,3
701-7181221220BL,"ROLLO DE POLICARBONATO 6,MM  1.22 X 12.20 MTS BLANCO GLANZE DOBLE UV",PZA,True,20,0,27,0,"HERRALUM INDUSTRIAL, S.A. DE C.V.",POLICARBONATOS ROLLOS,POLICARBONATOS,POLICARBONATOS,3
701-17181221220HV,"ROLLO DE POLICARBONATO 6,MM  1.22 X 12.20 MTS HUMO/VERDE GLANZE DOBLE UV",PZA,True,0,0,25,0,"HERRALUM INDUSTRIAL, S.A. DE C.V.",POLICARBONATOS ROLLOS,POLICARBONATOS,POLICARBONATOS,3
701-17181221220TR,"ROLLO DE POLICARBONATO 6,MM  1.22 X 12.20 MTS TRANSPARENTE GLANZE DOBLE UV",PZA,True,15,0,23,0,"HERRALUM INDUSTRIAL, S.A. DE C.V.",POLICARBONATOS ROLLOS,POLICARBONATOS,POLICARBONATOS,3
701-17181221098BL,"ROLLO DE POLICARBONATO 6,MM 1.22 X 10.98 MTS BLANCO GLANZE DOBLE UV",PZA,False,0,0,0,0,"HERRALUM INDUSTRIAL, S.A. DE C.V.",POLICARBONATOS ROLLOS,POLICARBONATOS,POLICARBONATOS,3
701-17181221098BR,"ROLLO DE POLICARBONATO 6,MM 1.22 X 10.98 MTS BRONCE GLANZE DOBLE UV",PZA,True,0,0,4,0,"HERRALUM INDUSTRIAL, S.A. DE C.V.",POLICARBONATOS ROLLOS,POLICARBONATOS,POLICARBONATOS,3
701-17181221098HU,"ROLLO DE POLICARBONATO 6,MM 1.22 X 10.98 MTS HUMO GLANZE DOBLE UV",PZA,False,0,0,0,0,"HERRALUM INDUSTRIAL, S.A. DE C.V.",POLICARBONATOS ROLLOS,POLICARBONATOS,POLICARBONATOS,3
701-17181221220BR,"ROLLO DE POLICARBONATO 6,MM 1.22 X 12.20 MTS BRONCE GLANZE DOBLE UV",PZA,True,0,0,26,0,"HERRALUM INDUSTRIAL, S.A. DE C.V.",POLICARBONATOS ROLLOS,POLICARBONATOS,POLICARBONATOS,3
701-17181221220HU,"ROLLO DE POLICARBONATO 6,MM 1.22 X 12.20 MTS HUMO GLANZE DOBLE UV",PZA,True,0,0,23,0,"HERRALUM INDUSTRIAL, S.A. DE C.V.",POLICARBONATOS ROLLOS,POLICARBONATOS,POLICARBONATOS,3
701-17181831098AZ,"ROLLO DE POLICARBONATO 6,MM 1.83 X 10.98 MTS AZUL GLANZE DOBLE UV",PZA,True,0,0,0,0,"HERRALUM INDUSTRIAL, S.A. DE C.V.",POLICARBONATOS ROLLOS,POLICARBONATOS,POLICARBONATOS,3
701-17181831098BL,"ROLLO DE POLICARBONATO 6,MM 1.83 X 10.98 MTS BLANCO GLANZE DOBLE UV",PZA,False,0,0,0,0,"HERRALUM INDUSTRIAL, S.A. DE C.V.",POLICARBONATOS ROLLOS,POLICARBONATOS,POLICARBONATOS,3
701-17181831098BR,"ROLLO DE POLICARBONATO 6,MM 1.83 X 10.98 MTS BRONCE DOBLE UV",PZA,False,0,0,0,0,"HERRALUM INDUSTRIAL, S.A. DE C.V.",POLICARBONATOS ROLLOS,POLICARBONATOS,POLICARBONATOS,3
701-17181831098HU,"ROLLO DE POLICARBONATO 6,MM 1.83 X 10.98 MTS HUMO GLANZE DOBLE UV",PZA,False,0,0,0,0,"HERRALUM INDUSTRIAL, S.A. DE C.V.",POLICARBONATOS ROLLOS,POLICARBONATOS,POLICARBONATOS,3
701-17181831098TR,"ROLLO DE POLICARBONATO 6,MM 1.83 X 10.98 MTS TRANSPARENTE GLANZE",PZA,True,0,0,0,0,"HERRALUM INDUSTRIAL, S.A. DE C.V.",POLICARBONATOS ROLLOS,POLICARBONATOS,POLICARBONATOS,3
701-17181831098VE,"ROLLO DE POLICARBONATO 6,MM 1.83 X 10.98 MTS VERDE DOBLE UV",PZA,True,0,0,5,0,"HERRALUM INDUSTRIAL, S.A. DE C.V.",POLICARBONATOS ROLLOS,POLICARBONATOS,POLICARBONATOS,3
701-17181831220AZ,"ROLLO DE POLICARBONATO 6,MM 1.83 X 12.20 MTS AZUL GLANZE DOBLE UV",PZA,True,0,0,15,0,"HERRALUM INDUSTRIAL, S.A. DE C.V.",POLICARBONATOS ROLLOS,POLICARBONATOS,POLICARBONATOS,3
701-17181831220BL,"ROLLO DE POLICARBONATO 6,MM 1.83 X 12.20 MTS BLANCO GLANZE DOBLE UV",PZA,True,20,0,28,0,"HERRALUM INDUSTRIAL, S.A. DE C.V.",POLICARBONATOS ROLLOS,POLICARBONATOS,POLICARBONATOS,3
701-17181831220BR,"ROLLO DE POLICARBONATO 6,MM 1.83 X 12.20 MTS BRONCE DOBLE UV",PZA,True,20,0,41,0,"HERRALUM INDUSTRIAL, S.A. DE C.V.",POLICARBONATOS ROLLOS,POLICARBONATOS,POLICARBONATOS,3
701-17181831220HU,"ROLLO DE POLICARBONATO 6,MM 1.83 X 12.20 MTS HUMO GLANZE DOBLE UV",PZA,True,30,0,38,0,"HERRALUM INDUSTRIAL, S.A. DE C.V.",POLICARBONATOS ROLLOS,POLICARBONATOS,POLICARBONATOS,3
701-17181831220HV,"ROLLO DE POLICARBONATO 6,MM 1.83 X 12.20 MTS HUMO/VERDE GLANZE DOBLE UV",PZA,True,0,0,15,0,"HERRALUM INDUSTRIAL, S.A. DE C.V.",POLICARBONATOS ROLLOS,POLICARBONATOS,POLICARBONATOS,3
701-17181831220TR,"ROLLO DE POLICARBONATO 6,MM 1.83 X 12.20 MTS TRANSPARENTE GLANZE",PZA,True,20,0,30,0,"HERRALUM INDUSTRIAL, S.A. DE C.V.",POLICARBONATOS ROLLOS,POLICARBONATOS,POLICARBONATOS,3
310-AS-0450-100-BL,BOLSA REMACHES INDUX DEL 45 BLANCO (1/8) (100 PZAS),PZA,True,-3,0,0,76,INDUX SA DE CV,REMACHES,HERRAJES,REMACHES,4
310-AS-0450-100-CH,BOLSA REMACHES INDUX DEL 45 CHAMPAGNE BTE (1/8) (100 PZAS),PZA,True,0,0,-4,295,INDUX SA DE CV,REMACHES,HERRAJES,REMACHES,4
310-AS-0450-100,BOLSA REMACHES INDUX DEL 45 GRIS (1/8) (100 PZAS),PZA,True,0,0,0,99,INDUX SA DE CV,REMACHES,HERRAJES,REMACHES,4
320-AS-0450-100-497,BOLSA REMACHES INDUX DEL 45 MADERA (1/8) (100 PZAS),PZA,True,0,0,-2,156,INDUX SA DE CV,REMACHES,HERRAJES,REMACHES,4
310-AS-0480-100-BL,BOLSA REMACHES INDUX DEL 48 BLANCO (1/8) (100 PZAS),PZA,True,0,0,0,-4,INDUX SA DE CV,REMACHES,HERRAJES,REMACHES,4
310-AS-0480-100-CH,BOLSA REMACHES INDUX DEL 48 CHAMPAGEN BTE (1/8) (100 PZAS),PZA,True,0,0,0,152,INDUX SA DE CV,REMACHES,HERRAJES,REMACHES,4
310-AS-0480-100,BOLSA REMACHES INDUX DEL 48 GRIS (1/8) (100 PZAS),PZA,True,0,0,-1,162,INDUX SA DE CV,REMACHES,HERRAJES,REMACHES,4
320-AS-0480-100-497,BOLSA REMACHES INDUX DEL 48 MADERA (1/8) (100 PZAS),PZA,True,0,0,0,49,INDUX SA DE CV,REMACHES,HERRAJES,REMACHES,4
310-AS-0480-100-AN,BOLSA REMACHES INDUX DEL 48 NEGRO (1/8) (100 PZAS),PZA,True,-2,0,0,3,INDUX SA DE CV,REMACHES,HERRAJES,REMACHES,4
310-AS-0540-100-BL,BOLSA REMACHES INDUX DEL 54 BLANCO (5/32) (100 PZAS),PZA,True,0,0,-2,42,INDUX SA DE CV,REMACHES,HERRAJES,REMACHES,4
310-AS-0540-100-CH,BOLSA REMACHES INDUX DEL 54 CHAMPAGNE BTE (5/32) (100 PZAS),PZA,True,0,0,0,0,INDUX SA DE CV,REMACHES,HERRAJES,REMACHES,4
310-AS-0540-100,BOLSA REMACHES INDUX DEL 54 GRIS (5/32) (100 PZAS),PZA,True,0,0,0,1,INDUX SA DE CV,REMACHES,HERRAJES,REMACHES,4
310-AS-0560-100-BL,BOLSA REMACHES INDUX DEL 56 BLANCO (5/32) (100 PZAS),PZA,True,-2,0,0,-6,INDUX SA DE CV,REMACHES,HERRAJES,REMACHES,4
310-AS-0560-100-CH,BOLSA REMACHES INDUX DEL 56 CHAMPAGNE BTE (5/32) (100 PZAS),PZA,True,0,0,0,118,INDUX SA DE CV,REMACHES,HERRAJES,REMACHES,4
310-AS-0560-100,BOLSA REMACHES INDUX DEL 56 GRIS (5/32) (100 PZAS),PZA,True,-1,0,0,146,INDUX SA DE CV,REMACHES,HERRAJES,REMACHES,4
310-AS-0560-100-497,BOLSA REMACHES INDUX DEL 56 MADERA (5/32) (100 PZAS),PZA,True,0,0,0,186,INDUX SA DE CV,REMACHES,HERRAJES,REMACHES,4
310-AS-0560-100-AN,BOLSA REMACHES INDUX DEL 56 NEGRO (5/32) (100 PZAS),PZA,True,0,0,-1,6,INDUX SA DE CV,REMACHES,HERRAJES,REMACHES,4
310-AS-0450-467,CAJA REMACHES INDUX DEL 45 BEIGE (1/8) (1000 PZAS),CAJA,False,0,0,0,0,"ROBIN HERRAJES Y ACCESORIOS, S DE RL DE CV",REMACHES,HERRAJES,REMACHES,4
310-AS-0450-00-CH,CAJA REMACHES INDUX DEL 45 CHAMPAGNE BTE (1/8) (1000 PZAS),CAJA,True,1,0,0,8,INDUX SA DE CV,REMACHES,HERRAJES,REMACHES,4
310-AS-0450,CAJA REMACHES INDUX DEL 45 GRIS (1/8) (1000 PZAS),CAJA,True,0,0,0,6,INDUX SA DE CV,REMACHES,HERRAJES,REMACHES,4
320-AS-0450-00-497,CAJA REMACHES INDUX DEL 45 MADERA (1/8) (1000 PZAS),CAJA,True,1,0,0,3,INDUX SA DE CV,REMACHES,HERRAJES,REMACHES,4
310-AS-0450-00-AN,CAJA REMACHES INDUX DEL 45 NEGRO (1/8 (1000 PZAS),CAJA,True,0,0,0,53,INDUX SA DE CV,REMACHES,HERRAJES,REMACHES,4
310-AS-0480-00-BL,CAJA REMACHES INDUX DEL 48 BLANCO (1/8 LARGO),CAJA,True,0,0,0,14,INDUX SA DE CV,REMACHES,HERRAJES,REMACHES,4
310-AS-0480-00-DL,CAJA REMACHES INDUX DEL 48 BRONCE (1/8 LARGO) (1000 PZAS),CAJA,True,0,0,0,0,INDUX SA DE CV,REMACHES,HERRAJES,REMACHES,4
310-AS-0480-00-CB,CAJA REMACHES INDUX DEL 48 CHAMPAGNE BTE (1/8 LARGO) (1000 PZAS),CAJA,True,0,0,0,17,INDUX SA DE CV,REMACHES,HERRAJES,REMACHES,4
310-AS-0480,CAJA REMACHES INDUX DEL 48 GRIS (1/8 LARGOS) (1000 PZAS),CAJA,True,1,0,0,21,INDUX SA DE CV,REMACHES,HERRAJES,REMACHES,4
320-AS-0480-497,CAJA REMACHES INDUX DEL 48 MADERA (1/8 LARGO) (1000 PZAS),CAJA,True,1,0,0,13,INDUX SA DE CV,REMACHES,HERRAJES,REMACHES,4
310-AS-0480-00-AN,CAJA REMACHES INDUX DEL 48 NEGRO (1/8 LARGO) (1000 PZAS),CAJA,True,0,0,0,20,INDUX SA DE CV,REMACHES,HERRAJES,REMACHES,4
310-AS-0540-00-BL,CAJA REMACHES INDUX DEL 54 BLANCO (5/32) (1000 PPZAS),CAJA,True,0,0,0,39,INDUX SA DE CV,REMACHES,HERRAJES,REMACHES,4
310-AS-0540-00-CH,CAJA REMACHES INDUX DEL 54 CHAMPAGNE BTE (5/32) (1O00 PZAS),CAJA,True,0,0,0,14,INDUX SA DE CV,REMACHES,HERRAJES,REMACHES,4
310-AS-0540,CAJA REMACHES INDUX DEL 54 GRIS (5/32) (1000 PZAS),CAJA,True,0,0,0,17,INDUX SA DE CV,REMACHES,HERRAJES,REMACHES,4
310-AS-0560-00-BL,CAJA REMACHES INDUX DEL 56 BLANCO (5/32 LARGO) (1000 PZAS),CAJA,True,0,0,0,33,INDUX SA DE CV,REMACHES,HERRAJES,REMACHES,4
310-AS-0560-00-CH,CAJA REMACHES INDUX DEL 56 CHAMPAGNE BTE (5/32 LARGOS) (1000 PZAS),CAJA,True,0,0,0,23,INDUX SA DE CV,REMACHES,HERRAJES,REMACHES,4
310-AS-0560,CAJA REMACHES INDUX DEL 56 GRIS (5/32 LARGOS) (1000 PZAS),CAJA,True,0,0,0,8,INDUX SA DE CV,REMACHES,HERRAJES,REMACHES,4
310-AS-0560-00-AN,CAJA REMACHES INDUX DEL 56 NEGRO (5/32) (1000 PZAS),CAJA,True,0,0,0,32,INDUX SA DE CV,REMACHES,HERRAJES,REMACHES,4
310-AS-0450-100-AN,BOLSA REMACHES INDUX DEL 45 NEGRO (1/8) (100 PZAS),PZA,True,-2,0,-6,371,INDUX SA DE CV,REMACHES,REMACHES,REMACHES,4
310-AS-0450-00-BL,CAJA REMACHES INDUX DEL 45 BLANCO (1/8) (1000 PZAS),CAJA,True,0,0,0,35,INDUX SA DE CV,REMACHES,REMACHES,REMACHES,4
209-ER3-CH,ESPEJO RETROVISOR,PZA,True,0,0,0,3,"TECNO EXTRUSIONES, S.A. DE C.V.",RETROVISOR,CRISTAL,VARIOS,4
209-ER1-GR,ESPEJO RETROVISOR GRANDE,PZA,False,0,0,0,0,"TECNO EXTRUSIONES, S.A. DE C.V.",RETROVISOR,CRISTAL,VARIOS,4
209-ER2-ME,ESPEJO RETROVISOR MEDIANO,PZA,True,0,0,0,-6,"TECNO EXTRUSIONES, S.A. DE C.V.",RETROVISOR,CRISTAL,VARIOS,4
328-154300000,ROLLO PELICULA DE SEGURIDAD TRANSP. DE 1.52 MTS DE ANCHO 4 MILESIMAS (100 MICRAS),PZA,True,0,0,0,29,"HERRALUM INDUSTRIAL, S.A. DE C.V.",ROLLO PELICULAS HERRALUM,PELICULAS P/CRISTAL,PELICULAS DECORATIVAS,4
328-154600000,ROLLO PELICULA DECORATIVA CUADROS ESMERILADOS GRANDES DE 1.52 MTS ANCHO,PZA,True,0,0,0,5,"HERRALUM INDUSTRIAL, S.A. DE C.V.",ROLLO PELICULAS HERRALUM,PELICULAS P/CRISTAL,PELICULAS DECORATIVAS,4
328-154200000,ROLLO PELICULA DECORATIVA ESMERILADA DE 1.52 MTS DE ANCHO. (30 MTS,PZA,True,-1,0,0,9,"HERRALUM INDUSTRIAL, S.A. DE C.V.",ROLLO PELICULAS HERRALUM,PELICULAS P/CRISTAL,PELICULAS DECORATIVAS,4
328-1542000HU,ROLLO PELICULA DECORATIVA ESMERILADA HUMO DE 1.52 MTS DE ANCHO (30 MTS),PZA,True,0,0,0,3,"HERRALUM INDUSTRIAL, S.A. DE C.V.",ROLLO PELICULAS HERRALUM,PELICULAS P/CRISTAL,PELICULAS DECORATIVAS,4
328-154700000,ROLLO PELICULA DECORATIVA RAYA CHICAS PLATA DE 1.52 MTS DE ANCHO,PZA,True,0,0,0,2,"HERRALUM INDUSTRIAL, S.A. DE C.V.",ROLLO PELICULAS HERRALUM,PELICULAS P/CRISTAL,PELICULAS DECORATIVAS,4
328-154500000,ROLLO PELICULA DECORATIVA RAYAS ESMERILADAS CHICAS 1.52 MTS ANCHO,PZA,True,0,0,0,4,"HERRALUM INDUSTRIAL, S.A. DE C.V.",ROLLO PELICULAS HERRALUM,PELICULAS P/CRISTAL,PELICULAS DECORATIVAS,4
328-155000000,ROLLO PELICULA DECORATIVA REFLECTA PLATA DE 1.52 MTS DE ANCHO,PZA,True,0,0,0,3,"HERRALUM INDUSTRIAL, S.A. DE C.V.",ROLLO PELICULAS HERRALUM,PELICULAS P/CRISTAL,PELICULAS DECORATIVAS,4
328-155300000,ROLLO PELICULA DECORATIVA TINTEX DE 1.52 MTS DE ANCHO,PZA,True,0,0,0,1,"HERRALUM INDUSTRIAL, S.A. DE C.V.",ROLLO PELICULAS HERRALUM,PELICULAS P/CRISTAL,PELICULAS DECORATIVAS,4
328-155500000,ROLLO PELICULA NANOCERAMICA SRC5075 BLUE SKY  1.52 MTS DE ANCHO,PZA,True,0,0,0,1,"HERRALUM INDUSTRIAL, S.A. DE C.V.",ROLLO PELICULAS HERRALUM,PELICULAS P/CRISTAL,PELICULAS DECORATIVAS,4
328-154400000,ROLLO PELICULA SOLAR 5% NEGRO DE 1.52 MTS DE ANCHO,PZA,True,0,0,0,4,"HERRALUM INDUSTRIAL, S.A. DE C.V.",ROLLO PELICULAS HERRALUM,PELICULAS P/CRISTAL,PELICULAS DECORATIVAS,4
991-11031-7-10,ANGULO 1/2 CUPRUM NATURAL PULIDO 6.10 MTS,PZA,False,0,0,0,0,LA VIGA CUPRUM,SERIES CUPRUM,ANGULOS,ANGULOS,3
152-11033-7-10,ANGULO 3/4 CUPRUM NATURAL PULIDO 6.10 MTS,PZA,False,0,0,0,0,LA VIGA CUPRUM,SERIES CUPRUM,ANGULOS,ANGULOS,3
153-11033-7-18,ANGULO 3/4 DE 6.10 MTS CAFE CUPRUM,PZA,False,0,0,0,0,LA VIGA CUPRUM,SERIES CUPRUM,ANGULOS,ANGULOS,3
991-C1311-7-02,ANGULO CUPRUM DE 1 1/2 X 1 1/2 X 1/8 SIN ANODIZAR DE 6.10 MTS,PZA,False,0,0,0,0,LA VIGA CUPRUM,SERIES CUPRUM,ANGULOS,ANGULOS,3
152-C1311-7-13,ANGULO DE 1 1/2 X 1 1/2 X 1/8 NATURAL 6.10 MTS,PZA,False,0,0,0,0,LA VIGA CUPRUM,SERIES CUPRUM,ANGULOS,ANGULOS,3
991-11031-7-13,ANGULO DE 1/2 CUPRUM NATURAL 6.10 MTS,PZA,False,0,0,0,0,LA VIGA CUPRUM,SERIES CUPRUM,ANGULOS,ANGULOS,3
153-11033-7-45,"ANGULO DE 3/4"" CUPRUM CAFE OSCURO DE 6.10 MTS",PZA,False,0,0,0,0,LA VIGA EXTRUSIONES,SERIES CUPRUM,ANGULOS,ANGULOS,2
991-11124-7-10,"PERFIL ANGULO 1"" NATURAL PULIDO 6.10 MTS",PZA,True,0,0,15,0,LA VIGA CUPRUM,SERIES CUPRUM,ANGULOS,ANGULOS,3
153-11033-7-99,PERFIL ANGULO 3/4 DE 6.10 MTS BLANCO,PZA,True,0,0,43,0,LA VIGA CUPRUM,SERIES CUPRUM,ANGULOS,ANGULOS,3
991-C1314-7-00,PERFIL ANGULO DE 1 1/2 X 3/16 SIN ANODIZAR DE 6.10 MTS,PZA,True,0,0,0,0,LA VIGA CUPRUM,SERIES CUPRUM,ANGULOS,ANGULOS,3
991-15313-3-11,"PERFIL ANGULO DE 2"" NATURAL 3.66 MTS",PZA,True,0,0,4,0,LA VIGA CUPRUM,SERIES CUPRUM,ANGULOS,ANGULOS,3
114-69957-7-99,"PERFIL RIEL INFERIOR DE 3"" BLANCO DE 6.10 MTS",PZA,True,0,0,17,0,LA VIGA CUPRUM,SERIES CUPRUM,ANGULOS,"CORREDIZA 3""",3
114-69957-7-45,"PERFIL RIEL INFERIOR DE 3"" CAFE OSCURO DE 6.10 MTS",PZA,True,0,0,24,0,LA VIGA CUPRUM,SERIES CUPRUM,ANGULOS,"CORREDIZA 3""",3
114-69957-7-24,"RIEL INFERIOR DE 3"" CUPRUM CHAMP PULIDO DE 6.10 MTS",PZA,False,0,0,8,0,LA VIGA CUPRUM,SERIES CUPRUM,ANGULOS,"CORREDIZA 3""",3
15-C1613-7-10,"PERFIL TEE DE 1"" NATURAL PULIDO DE 6.10 MTS",PZA,True,0,0,7,0,LA VIGA CUPRUM,SERIES CUPRUM,ANGULOS,TEE,3
15-C1613-7-99,"TEE DE 1"" CUPRUM BLANCO DE 6.10 MTS",PZA,False,0,0,0,0,LA VIGA EXTRUSIONES,SERIES CUPRUM,ANGULOS,TEE,2
15-C1613-7-13,"TEE DE 1"" CUPRUM NATURAL DE 6.10 MTS",PZA,False,0,0,0,0,LA VIGA EXTRUSIONES,SERIES CUPRUM,ANGULOS,TEE,2
143-5844-7-4,"BATIENTE 2"" CHAMPAGNE BTE DE 6.10 MTS",PZA,False,0,0,0,0,LA VIGA EXTRUSIONES,SERIES CUPRUM,BATIENTES,BATIENTE 1750,1
144-C8550-7-99,"BATIENTE CUPRUM CON VENAS DE 1 3/4 X 1"" BLANCO 6.10 MTS",PZA,False,0,0,0,0,LA VIGA EXTRUSIONES,SERIES CUPRUM,BATIENTES,BATIENTE 1750,2
144-65844-7-99,"PERFIL BATIENTE 2"" BLANCO 6.10 MTS",PZA,True,0,0,10,0,LA VIGA CUPRUM,SERIES CUPRUM,BATIENTES,BATIENTE 1750,3
144-65844-7-45,"PERFIL BATIENTE 2"" CAFE OSCURO 6.10 MTS",PZA,True,0,0,12,0,LA VIGA CUPRUM,SERIES CUPRUM,BATIENTES,BATIENTE 1750,3
144-68550-7-45,PERFIL BATIENTE CON VENAS DE 1 1/2 CAFE 6.10 MTS,PZA,True,0,0,0,0,LA VIGA CUPRUM,SERIES CUPRUM,BATIENTES,BATIENTE 1750,3
144-68550-7-99,"PERFIL BATIENTE CON VENAS DE 1 1/2 X 1"" BLANCO 6.10 MTS",PZA,True,0,0,6,0,LA VIGA CUPRUM,SERIES CUPRUM,BATIENTES,BATIENTE 1750,3
121-9524-7-10,GUIA PARA BAÑO ANCHA NATURAL PULIDO DE 6.10 MTS,PZA,False,0,0,0,0,LA VIGA EXTRUSIONES,SERIES CUPRUM,BAÑOS,BAÑOS,3
921-11035-7-11,OVAL CHICO REFORZADO NATURAL DE 6.10 MTS,PZA,False,0,0,0,0,LA VIGA EXTRUSIONES,SERIES CUPRUM,BAÑOS,BAÑOS,1
122-10103-7-18M,OVAL DE LUJO CAFE,MTS,False,0,0,0,0,LA VIGA EXTRUSIONES,SERIES CUPRUM,BAÑOS,BAÑOS,1
121-9756-7-10,OVAL MEDIANO NATURAL PULIDO DE 6.10 MTS,PZA,False,0,0,0,0,LA VIGA EXTRUSIONES,SERIES CUPRUM,BAÑOS,BAÑOS,3
121-10198-7-10,PERFIL GUIA PARA BAÑO ANCHA NATURAL PULIDO DE 6.10 MTS,PZA,True,0,0,19,0,LA VIGA CUPRUM,SERIES CUPRUM,BAÑOS,BAÑOS,3
821-11035-7-10,PERFIL OVAL CHICO REFORZADO NATURAL PULIDO DE 6.10 MTS,PZA,True,0,0,14,0,LA VIGA CUPRUM,SERIES CUPRUM,BAÑOS,BAÑOS,3
122-10103-7-18,PERFIL OVAL DE LUJO CAFE OSCURO DE 6.10 MTS,PZA,True,15,0,0,0,LA VIGA CUPRUM,SERIES CUPRUM,BAÑOS,BAÑOS,2
121-C9756-7-10,PERFIL OVAL MEDIANO NATURAL PULIDO DE 6.10 MTS,PZA,True,0,0,11.5,0,LA VIGA CUPRUM,SERIES CUPRUM,BAÑOS,BAÑOS,3
122-7394-7-10,PERFIL RIEL SUP REFORZADO NATURAL PULIDO DE 6.10 MTS,PZA,True,0,0,9,0,LA VIGA CUPRUM,SERIES CUPRUM,BAÑOS,BAÑOS,3
122-7394-7-45,RIEL SUP REFORZADO CUPRUM CAFE OSCURO DE 6.10 MTS,PZA,False,0,0,0,0,LA VIGA CUPRUM,SERIES CUPRUM,BAÑOS,BAÑOS,3
614-C1432-7-90,CANAL 3/8 ORO 6.10 MTS,PZA,False,0,0,0,0,LA VIGA CUPRUM,SERIES CUPRUM,CANALES,CANALES,3
623-C1433-7-99,PERFIL CANAL 1/2 BLANCO 6.10 MTS,PZA,True,94,0,0,0,LA VIGA CUPRUM,SERIES CUPRUM,CANALES,CANALES,3
622-C1433-7-45,PERFIL CANAL 1/2 CAFE 6.10 MTS,PZA,True,57,0,0,0,LA VIGA CUPRUM,SERIES CUPRUM,CANALES,CANALES,3
623-C1433-7-24,PERFIL CANAL 1/2 CHAMPAGNE PULIDO 6.10 MTS,PZA,True,73,0,0,0,LA VIGA CUPRUM,SERIES CUPRUM,CANALES,CANALES,3
621-C1433-7-13,PERFIL CANAL 1/2 NATURAL 6.10 MTS,PZA,True,21,0,72,0,LA VIGA CUPRUM,SERIES CUPRUM,CANALES,CANALES,3
613-C1432-7-99,PERFIL CANAL 3/8 BLANCO 6.10 MTS,PZA,True,6,0,72,0,LA VIGA CUPRUM,SERIES CUPRUM,CANALES,CANALES,3
612-C1432-7-45,PERFIL CANAL 3/8 CAFE 6.10 MTS,PZA,True,0,0,-2,0,LA VIGA CUPRUM,SERIES CUPRUM,CANALES,CANALES,3
614-C1432-7-24,PERFIL CANAL 3/8 CHAMPAGNE PULIDO 6.10 MTS,PZA,True,40,0,0,0,LA VIGA CUPRUM,SERIES CUPRUM,CANALES,CANALES,3
611-C1432-7-13,PERFIL CANAL 3/8 NATURAL 6.10 MTS,PZA,True,69,0,0,0,LA VIGA CUPRUM,SERIES CUPRUM,CANALES,CANALES,3
164-69114-7-45,"BOLSA LISA DE 3"" CUPRUM CAFE DE 6.10 MTS",PZA,False,0,0,0,0,LA VIGA EXTRUSIONES,SERIES CUPRUM,CELOSIAS,CELOSIAS,2
165-66053-7-4,CELOSIA LOUVER CUPRUM CHAMP PULIDO DE 6.10,PZA,False,0,0,0,0,LA VIGA CUPRUM,SERIES CUPRUM,CELOSIAS,CELOSIAS,3
164-66053-7-13,CELOSIA LOUVER CUPRUM NATURAL DE 6.10 MTS,PZA,False,0,0,0,0,LA VIGA CUPRUM,SERIES CUPRUM,CELOSIAS,CELOSIAS,3
162-10087-7-21,CELOSIA LOUVER CUPRUM NATURAL PULIDO DE 6.10 MTS,PZA,False,0,0,0,0,LA VIGA CUPRUM,SERIES CUPRUM,CELOSIAS,CELOSIAS,3
631-MEN-610,MULION ECONOMICO NATURAL 6.10 MTS,PZA,True,0,168,0,0,LA VIGA EXTRUSIONES,SERIES CUPRUM,CELOSIAS,CELOSIAS,2
164-66053-7-99,PERFIL CELOSIA LOUVER BLANCO DE 6.10 MTS,PZA,False,0,0,0,0,LA VIGA CUPRUM,SERIES CUPRUM,CELOSIAS,CELOSIAS,3
181-C15312-7-99,PERFIL CERCO/TRASLAPE DE 1 1/2 BLANCO 6.10 MTS,PZA,True,0,0,32,0,LA VIGA CUPRUM,SERIES CUPRUM,CORREDIZAS,"CORREDIZA 1 1/2""",3
181-C15312-7-45,PERFIL CERCO/TRASLAPE DE 1 1/2 CAFE 6.10 MTS,PZA,True,0,0,9,0,LA VIGA CUPRUM,SERIES CUPRUM,CORREDIZAS,"CORREDIZA 1 1/2""",3
181-C15312-7-13,PERFIL CERCO/TRASLAPE DE 1 1/2 NATURAL 6.10 MTS,PZA,True,0,0,27,0,LA VIGA CUPRUM,SERIES CUPRUM,CORREDIZAS,"CORREDIZA 1 1/2""",3
180-C15309-7-99,PERFIL CHAMBRANA DE 1 1/2 BLANCO 6.10 MTS,PZA,True,0,0,22,0,LA VIGA CUPRUM,SERIES CUPRUM,CORREDIZAS,"CORREDIZA 1 1/2""",3
180-C15309-7-45,PERFIL CHAMBRANA DE 1 1/2 CAFE 6.10 MTS,PZA,True,0,0,8,0,LA VIGA CUPRUM,SERIES CUPRUM,CORREDIZAS,"CORREDIZA 1 1/2""",3
180-C15309-7-13,PERFIL CHAMBRANA DE 1 1/2 NATURAL 6.10 MTS,PZA,True,0,0,20,0,LA VIGA CUPRUM,SERIES CUPRUM,CORREDIZAS,"CORREDIZA 1 1/2""",3
180-C15310-7-99,PERFIL RIEL INFERIOR DE 1 1/2 BLANCO 6.10 MTS,PZA,True,0,0,14,0,LA VIGA CUPRUM,SERIES CUPRUM,CORREDIZAS,"CORREDIZA 1 1/2""",3
180-C15310-7-45,PERFIL RIEL INFERIOR DE 1 1/2 CAFE 6.10 MTS,PZA,True,0,0,17,0,LA VIGA CUPRUM,SERIES CUPRUM,CORREDIZAS,"CORREDIZA 1 1/2""",3
180-C15310-7-13,PERFIL RIEL INFERIOR DE 1 1/2 NATURAL 6.10 MTS,PZA,True,0,0,6,0,LA VIGA CUPRUM,SERIES CUPRUM,CORREDIZAS,"CORREDIZA 1 1/2""",3
102-10220-7-18,ADAPTADOR OXXO CAFE 6.10 MTS,PZA,False,0,0,0,0,LA VIGA CUPRUM,SERIES CUPRUM,CORREDIZAS,"CORREDIZA 2""",3
103-10220-7-99,ADAPTADOR OXXO CUPRUM BLANCO 6.10 MTS,PZA,False,0,0,0,0,LA VIGA CUPRUM,SERIES CUPRUM,CORREDIZAS,"CORREDIZA 2""",3
104-10220-7-4,ADAPTADOR OXXO CUPRUM CHAMPAGNE PULIDO 6.10 MTS,PZA,False,0,0,0,0,LA VIGA CUPRUM,SERIES CUPRUM,CORREDIZAS,"CORREDIZA 2""",3
101-10220-7-10M,ADAPTADOR OXXO CUPRUM NATURAL PULIDO,MTS,False,0,0,0,0,LA VIGA CUPRUM,SERIES CUPRUM,CORREDIZAS,"CORREDIZA 2""",1
106-67821-3-99,"CERCO PUERTA DE 2"" CUPRUM BLANCO DE 4.60 MTS",PZA,False,0,0,0,0,LA VIGA CUPRUM,SERIES CUPRUM,CORREDIZAS,"CORREDIZA 2""",3
101-10220-7-24,PERFIL ADAPTADOR OXXO CHAMPAGNE PULIDO 6.10 MTS,PZA,True,0,0,20,0,LA VIGA CUPRUM,SERIES CUPRUM,CORREDIZAS,"CORREDIZA 2""",3
101-10220-7-10,PERFIL ADAPTADOR OXXO NATURAL PULIDO 6.10 MTS,PZA,True,0,0,22,0,LA VIGA CUPRUM,SERIES CUPRUM,CORREDIZAS,"CORREDIZA 2""",3
106-67821-7-99,"PERFIL CERCO PUERTA DE 2"" BLANCO DE 6.10 MTS",PZA,False,0,0,0,0,LA VIGA CUPRUM,SERIES CUPRUM,CORREDIZAS,"CORREDIZA 2""",3
106-67821-3-45,"PERFIL CERCO PUERTA DE 2"" CAFE OSCURO DE 4.60 MTS",PZA,True,0,0,1,0,LA VIGA CUPRUM,SERIES CUPRUM,CORREDIZAS,"CORREDIZA 2""",3
106-67821-7-45,"PERFIL CERCO PUERTA DE 2"" CAFE OSCURO DE 6.10 MTS",PZA,False,0,0,20,0,LA VIGA CUPRUM,SERIES CUPRUM,CORREDIZAS,"CORREDIZA 2""",3
106-67821-7-10,"PERFIL CERCO PUERTA DE 2"" NATURAL PULIDO DE 6.10 MTS",PZA,True,0,0,48.5,0,LA VIGA CUPRUM,SERIES CUPRUM,CORREDIZAS,"CORREDIZA 2""",3
106-67847-3-99,"PERFIL CERCO PUERTA DE 3"" BLANCO DE 4.60 MTS",PZA,True,0,0,0,0,LA VIGA CUPRUM,SERIES CUPRUM,CORREDIZAS,"CORREDIZA 2""",3
106-67847-7-99,"PERFIL CERCO PUERTA DE 3"" BLANCO DE 6.10 MTS",PZA,True,76,0,22,0,LA VIGA CUPRUM,SERIES CUPRUM,CORREDIZAS,"CORREDIZA 2""",3
106-67847-3-45,"PERFIL CERCO PUERTA DE 3"" CAFE OSCURO DE 4.60 MTS",PZA,True,0,0,0,0,LA VIGA CUPRUM,SERIES CUPRUM,CORREDIZAS,"CORREDIZA 2""",3
106-67847-7-45,"PERFIL CERCO PUERTA DE 3"" CAFE OSCURO DE 6.10 MTS",PZA,True,52,0,0,0,LA VIGA CUPRUM,SERIES CUPRUM,CORREDIZAS,"CORREDIZA 2""",3
103-67518-7-99,"PERFIL CHAMBRANA DE 2"" BLANCO DE 6.10 MTS",PZA,True,75,0,16,0,LA VIGA CUPRUM,SERIES CUPRUM,CORREDIZAS,"CORREDIZA 2""",3
103-67518-7-45,"PERFIL CHAMBRANA DE 2"" CAFE OSCURO DE 6.10 MTS",PZA,True,0,0,9.5,0,LA VIGA CUPRUM,SERIES CUPRUM,CORREDIZAS,"CORREDIZA 2""",3
106-67518-7-10,"PERFIL CHAMBRANA DE 2"" NATURAL PULIDO DE 6.10 MTS",PZA,True,0,0,99,0,LA VIGA CUPRUM,SERIES CUPRUM,CORREDIZAS,"CORREDIZA 2""",3
103-67826-7-99,"PERFIL CHAMBRANA DE 3"" BLANCO DE 6.10 MTS",PZA,True,0,0,0,0,LA VIGA CUPRUM,SERIES CUPRUM,CORREDIZAS,"CORREDIZA 2""",3
103-67826-7-45,"PERFIL CHAMBRANA DE 3"" CAFE OSCURO DE 6.10 MTS",PZA,True,0,0,14,0,LA VIGA CUPRUM,SERIES CUPRUM,CORREDIZAS,"CORREDIZA 2""",3
991-C7818-7-10,"PERFIL RIEL AUXILIAR DE 2"" NATURAL PULIDO 6.10 MTS",PZA,True,0,0,18,0,LA VIGA CUPRUM,SERIES CUPRUM,CORREDIZAS,"CORREDIZA 2""",3
101-14286-7-99,"PERFIL RIEL INFERIOR DE 2"" BLANCO DE 6.10 MTS",PZA,True,77,0,0,0,LA VIGA CUPRUM,SERIES CUPRUM,CORREDIZAS,"CORREDIZA 2""",3
101-14286-7-45,"PERFIL RIEL INFERIOR DE 2"" CAFE OSCURO DE 6.10 MTS",PZA,True,0,0,20,0,LA VIGA CUPRUM,SERIES CUPRUM,CORREDIZAS,"CORREDIZA 2""",3
106-69955-3-99,"PERFIL TRASLAPE PUERTA DE 2"" BLANCO DE 4.60 MTS",PZA,True,0,0,33,0,LA VIGA CUPRUM,SERIES CUPRUM,CORREDIZAS,"CORREDIZA 2""",3
106-69955-7-99,"PERFIL TRASLAPE PUERTA DE 2"" BLANCO DE 6.10 MTS",PZA,True,0,0,-3,0,LA VIGA CUPRUM,SERIES CUPRUM,CORREDIZAS,"CORREDIZA 2""",3
106-69955-3-45,"PERFIL TRASLAPE PUERTA DE 2"" CAFE OSCURO DE 4.60 MTS",PZA,True,0,0,0,0,LA VIGA CUPRUM,SERIES CUPRUM,CORREDIZAS,"CORREDIZA 2""",3
106-69955-7-45,"PERFIL TRASLAPE PUERTA DE 2"" CAFE OSCURO DE 6.10 MTS",PZA,True,0,0,85.5,0,LA VIGA CUPRUM,SERIES CUPRUM,CORREDIZAS,"CORREDIZA 2""",3
106-67848-3-99,"PERFIL TRASLAPE PUERTA DE 3"" BLANCO DE 4.60 MTS",PZA,True,0,0,1,0,LA VIGA CUPRUM,SERIES CUPRUM,CORREDIZAS,"CORREDIZA 2""",3
106-67848-7-99,"PERFIL TRASLAPE PUERTA DE 3"" BLANCO DE 6.10 MTS",PZA,True,0,0,1,0,LA VIGA CUPRUM,SERIES CUPRUM,CORREDIZAS,"CORREDIZA 2""",3
106-67848-7-45,"PERFIL TRASLAPE PUERTA DE 3"" CAFE OSCURO DE 6.10 MTS",PZA,True,1,0,42,0,LA VIGA CUPRUM,SERIES CUPRUM,CORREDIZAS,"CORREDIZA 2""",3
103-C11044-7-99,"PERFIL ZOCLO CHICO DE 2"" BLANCO DE 6.10 MTS",PZA,True,0,0,-1,0,LA VIGA CUPRUM,SERIES CUPRUM,CORREDIZAS,"CORREDIZA 2""",3
103-C11044-7-45,"PERFIL ZOCLO CHICO DE 2"" CAFE OSCURO DE 6.10 MTS",PZA,True,0,0,0,0,LA VIGA CUPRUM,SERIES CUPRUM,CORREDIZAS,"CORREDIZA 2""",3
103-C11044-7-10,"PERFIL ZOCLO CHICO DE 2"" NATURAL PULIDO DE 6.10 MTS",PZA,True,0,0,34,0,LA VIGA CUPRUM,SERIES CUPRUM,CORREDIZAS,"CORREDIZA 2""",3
103-37825-7-99,"PERFIL ZOCLO GRANDE DE 2"" BLANCO DE 6.10 MTS",PZA,True,0.5,0,54,0,LA VIGA CUPRUM,SERIES CUPRUM,CORREDIZAS,"CORREDIZA 2""",3
103-37825-7-45,"PERFIL ZOCLO GRANDE DE 2"" CAFE OSCURO DE 6.10 MTS",PZA,True,0,0,40,0,LA VIGA CUPRUM,SERIES CUPRUM,CORREDIZAS,"CORREDIZA 2""",3
991-37825-7-10,"PERFIL ZOCLO GRANDE DE 2"" NATURAL PULIDO 6.10 MTS",PZA,True,0,0,11,0,LA VIGA CUPRUM,SERIES CUPRUM,CORREDIZAS,"CORREDIZA 2""",3
101-9953C-7-13,"RIEL INFERIOR DE 2"" CUPRUM NATURAL DE 6.10 MTS",PZA,False,0,0,0,0,LA VIGA CUPRUM,SERIES CUPRUM,CORREDIZAS,"CORREDIZA 2""",3
106-67848-3-45,"TRASLAPE PUERTA DE 3"" CUPRUM CAFE OSCURO DE 4.60 MTS",PZA,False,0,0,0,0,LA VIGA CUPRUM,SERIES CUPRUM,CORREDIZAS,"CORREDIZA 2""",3
101-9954-7-11,"TRASLAPE VENTANA DE 2"" CUPRUM NATURAL 6.10 MTS",PZA,False,0,0,0,0,LA VIGA CUPRUM,SERIES CUPRUM,CORREDIZAS,"CORREDIZA 2""",3
103-15311-7-99,ZOCLO CHICO CUPRUM 1 3/8 BLANCO DE 6.10 MTS,PZA,False,0,0,0,0,LA VIGA CUPRUM,SERIES CUPRUM,CORREDIZAS,"CORREDIZA 2""",3
111-67847-7-13C,"CERCO PUERTA DE 3"" CUPRUM NATURAL DE 6.10 MTS",PZA,False,0,0,0,0,LA VIGA CUPRUM,SERIES CUPRUM,CORREDIZAS,"CORREDIZA 3""",3
111-69082-7-99,"INTERMEDIO CUPRUM DE 3"" BLANCO 6.10 MTS",PZA,False,0,0,0,0,LA VIGA EXTRUSIONES,SERIES CUPRUM,CORREDIZAS,"CORREDIZA 3""",3
111-11203-7-45,"INTERMEDIO DE 2"" P/CUADRICULA CAFE DE 6.10 MTS",PZA,False,0,0,0,0,LA VIGA CUPRUM,SERIES CUPRUM,CORREDIZAS,"CORREDIZA 3""",3
114-67836-7-99,"PERFIL CABEZAL DE 3"" BLANCO DE 6.10 MTS",PZA,True,0,0,16,0,LA VIGA CUPRUM,SERIES CUPRUM,CORREDIZAS,"CORREDIZA 3""",3
114-67836-7-45,"PERFIL CABEZAL DE 3"" CAFE OSCURO DE 6.10 MTS",PZA,True,0,0,14,0,LA VIGA CUPRUM,SERIES CUPRUM,CORREDIZAS,"CORREDIZA 3""",3
111-67847-3-10,"PERFIL CERCO PUERTA DE 3"" NATURAL PULIDO DE 4.60 MTS",PZA,True,0,0,5,0,LA VIGA CUPRUM,SERIES CUPRUM,CORREDIZAS,"CORREDIZA 3""",3
111-67847-7-10,"PERFIL CERCO PUERTA DE 3"" NATURAL PULIDO DE 6.10 MTS",PZA,True,0,0,13,0,LA VIGA CUPRUM,SERIES CUPRUM,CORREDIZAS,"CORREDIZA 3""",3
111-67826-7-10,"PERFIL CHAMBRANA DE 3"" NATURAL PULIDO 6.10 MTS",PZA,True,0.5,0,10,0,LA VIGA CUPRUM,SERIES CUPRUM,CORREDIZAS,"CORREDIZA 3""",3
111-69081-7-10,"PERFIL INTERMEDIO CORTO DE 3"" NATURAL PULIDO 6.10 MTS",PZA,False,0,0,2,0,LA VIGA CUPRUM,SERIES CUPRUM,CORREDIZAS,"CORREDIZA 3""",3
111-69082-7-10,"PERFIL INTERMEDIO DE 3"" NATURAL PULIDO 6.10 MTS",PZA,False,0,0,-1,0,LA VIGA CUPRUM,SERIES CUPRUM,CORREDIZAS,"CORREDIZA 3""",3
113-C10237-7-99,"PERFIL TAPA CHAMBRANA DE 3"" BLANCO DE 6.10 MTS",PZA,True,1,0,12,0,LA VIGA CUPRUM,SERIES CUPRUM,CORREDIZAS,"CORREDIZA 3""",3
113-C10237-7-45,"PERFIL TAPA CHAMBRANA DE 3"" CAFE DE 6.10 MTS",PZA,True,16,0,0,0,LA VIGA CUPRUM,SERIES CUPRUM,CORREDIZAS,"CORREDIZA 3""",3
11-67848-7-10,"PERFIL TRASLAPE PUERTA DE 3"" NATURAL PULIDO DE 6.10 MTS",PZA,True,0,0,19,0,LA VIGA CUPRUM,SERIES CUPRUM,CORREDIZAS,"CORREDIZA 3""",3
114-67842-7-99,"PERFIL ZOCLO PUERTA DE 3"" BLANCO DE 6.10 MTS",PZA,True,0,0,2,0,LA VIGA CUPRUM,SERIES CUPRUM,CORREDIZAS,"CORREDIZA 3""",3
114-67842-7-45,"PERFIL ZOCLO PUERTA DE 3"" CAFE OSCURO DE 6.10 MTS",PZA,False,0,0,1,0,LA VIGA CUPRUM,SERIES CUPRUM,CORREDIZAS,"CORREDIZA 3""",3
113-67842-7-10,"PERFIL ZOCLO PUERTA DE 3"" NATURAL PULIDO DE 6.10 MTS",PZA,True,0,0,17,0,LA VIGA CUPRUM,SERIES CUPRUM,CORREDIZAS,"CORREDIZA 3""",3
114-67835C-7-24,"PERFIL ZOCLO VENTANA DE 3"" CHAMP PULIDO DE 6.10 MTS P/CORR""",PZA,True,0,0,0,0,LA VIGA CUPRUM,SERIES CUPRUM,CORREDIZAS,"CORREDIZA 3""",3
113-C10237-7-11,"TAPA CHAMBRANA CUPRUM DE 3"" NATURAL  DE 6.10 MTS",PZA,False,0,0,0,0,LA VIGA EXTRUSIONES,SERIES CUPRUM,CORREDIZAS,"CORREDIZA 3""",3
112-C7835-7-45,"ZOCLO VENTANA CUPRUM DE 3"" CAFE OSCURO DE 6.10 MTS",PZA,False,0,0,0,0,LA VIGA EXTRUSIONES,SERIES CUPRUM,CORREDIZAS,"CORREDIZA 3""",2
114-67835C-7-99,"ZOCLO VENTANA DE 3"" CUPRUM BLANCO DE 6.10 MTS P/CORR",PZA,False,0,0,1,0,LA VIGA CUPRUM,SERIES CUPRUM,CORREDIZAS,"CORREDIZA 3""",3
114-67835C-7-45,"ZOCLO VENTANA DE 3"" CUPRUM CAFE OSCURO DE 6.10 MTS P/CORR",PZA,False,0,0,0,0,LA VIGA CUPRUM,SERIES CUPRUM,CORREDIZAS,"CORREDIZA 3""",3
803-8411-7-25,CERCO VENTANA SERIE 70 CUPRUM CHAMPAGNE 6.10 MTS,PZA,False,0,0,0,0,LA VIGA CUPRUM,SERIES CUPRUM,CUPRUM,SERIE 70 EUROVENT,3
803-18409-7-45,PERFIL CERCO PUERTA SERIE 70 CAFE OSCURO 6.10 MTS,PZA,True,0,0,7,0,LA VIGA CUPRUM,SERIES CUPRUM,CUPRUM,SERIE 70 EUROVENT,3
803-18409-7-13,PERFIL CERCO PUERTA SERIE 70 NATURAL 6.10 MTS,PZA,True,0,0,0,0,LA VIGA CUPRUM,SERIES CUPRUM,CUPRUM,SERIE 70 EUROVENT,3
803-18413-7-45,PERFIL JAMBA RIEL MOSQUITERO SERIE 70 CAFE OSCURO 6.10 MTS,PZA,True,0,0,0,0,LA VIGA CUPRUM,SERIES CUPRUM,CUPRUM,SERIE 70 EUROVENT,3
803-11409-7-45,PERFIL RIEL MOSQUITERO COLGANTE SERIE 70 CAFE OSCURO 6.10 MTS,PZA,True,0,0,0,0,LA VIGA CUPRUM,SERIES CUPRUM,CUPRUM,SERIE 70 EUROVENT,3
803-78410-7-45,PERFIL TRASLAPE PUERTA SERIE 70 CAFE OSCURO 6.10 MTS,PZA,True,0,0,9,0,LA VIGA CUPRUM,SERIES CUPRUM,CUPRUM,SERIE 70 EUROVENT,3
803-78410-7-13,PERFIL TRASLAPE PUERTA SERIE 70 NATURAL 6.10 MTS,PZA,True,0,0,0,0,LA VIGA CUPRUM,SERIES CUPRUM,CUPRUM,SERIE 70 EUROVENT,3
803-8412-7-25,TRASLAPE VENTANA SERIE 70 CUPRUM CHAMPAGNE 6.10 MTS,PZA,False,0,0,0,0,LA VIGA CUPRUM,SERIES CUPRUM,CUPRUM,SERIE 70 EUROVENT,3
803-2547-7-25,ZOCLO CABEZAL SERIE 70 CUPRUM CHAMPAGNE 6.10 MTS,PZA,False,0,0,0,0,LA VIGA CUPRUM,SERIES CUPRUM,CUPRUM,SERIE 70 EUROVENT,3
991-74636-7-98,DUELA DOBLE VISTA CUPRUM MADERA 6.10 MTS,PZA,False,0,0,0,0,LA VIGA CUPRUM,SERIES CUPRUM,DUELAS,DUELA LISA,3
171-66617-7-18,DUELA LISA CUPRUM CAFE 6.10 MTS,PZA,False,0,0,0,0,LA VIGA CUPRUM,SERIES CUPRUM,DUELAS,DUELA LISA,3
991-66617-7-45,DUELA LISA CUPRUM CAFE OSCURO 6.10 MTS,PZA,False,0,0,0,0,LA VIGA CUPRUM,SERIES CUPRUM,DUELAS,DUELA LISA,3
173-66617-7-24,DUELA LISA CUPRUM CHAMPAGNE BTE 6.10 MTS,PZA,False,0,0,0,0,LA VIGA CUPRUM,SERIES CUPRUM,DUELAS,DUELA LISA,3
172-66617-7-99,PERFIL DUELA LISA BLANCA 6.10 MTS,PZA,True,0,0,68,0,LA VIGA CUPRUM,SERIES CUPRUM,DUELAS,DUELA LISA,3
991-66617-7-98,PERFIL DUELA LISA MADERA 6.10 MTS,PZA,True,0,0,15,0,LA VIGA CUPRUM,SERIES CUPRUM,DUELAS,DUELA LISA,3
991-66617-7-13,PERFIL DUELA LISA NATURAL 6.10 MTS,PZA,True,0,0,4,0,LA VIGA CUPRUM,SERIES CUPRUM,DUELAS,DUELA LISA,3
991-66617-7-10,PERFIL DUELA LISA NATURAL PULIDO 6.10 MTS,PZA,True,0,0,-1,0,LA VIGA CUPRUM,SERIES CUPRUM,DUELAS,DUELA LISA,3
106-39084-7-10,"ESCALONADO DE 2"" CUPRUM NATURAL PULIDO DE 6.10 MTS",PZA,False,0,0,0,0,LA VIGA CUPRUM,SERIES CUPRUM,FIJOS,"FIJA 2""",3
106-39088-7-10,"PERFIL JUNQUILLO DE 2"" NATURAL PULIDO DE 6.10 MTS",PZA,True,0,0,9,0,LA VIGA CUPRUM,SERIES CUPRUM,FIJOS,"FIJA 2""",3
106-69083-7-10,"PERFIL PERIMETRAL DE 2"" NATURAL PULIDO DE 6.10 MTS",PZA,True,0,0,8,0,LA VIGA CUPRUM,SERIES CUPRUM,FIJOS,"FIJA 2""",3
106-24051-7-10,"PERFIL TAPA LISA DE 2"" NATURAL PULIDO DE 6.10 MTS",PZA,True,0,0,40,0,LA VIGA CUPRUM,SERIES CUPRUM,FIJOS,"FIJA 2""",3
108-24051-7-99,"TAPA LISA DE 2"" CUPRUM BLANCO DE 6.10 MTS",PZA,False,0,0,0,0,LA VIGA CUPRUM,SERIES CUPRUM,FIJOS,"FIJA 2""",3
164-69114-7-99,"BOLSA LISA DE 3"" CUPRUM BLANCO DE 6.10 MTS",PZA,False,0,0,0,0,LA VIGA CUPRUM,SERIES CUPRUM,FIJOS,"FIJA 3""",2
117-9136-7-18C,"ESCALONADO DE 3"" CUPRUM CAFE DE 6.10 MTS",PZA,False,0,0,0,0,LA VIGA EXTRUSIONES,SERIES CUPRUM,FIJOS,"FIJA 3""",2
921-39136-7-45,"ESCALONADO DE 3"" CUPRUM CAFE OSCURO DE 6.10 MTS",PZA,False,0,0,0,0,LA VIGA CUPRUM,SERIES CUPRUM,FIJOS,"FIJA 3""",3
117-9112-7-18C,"JUNQUILLO DE 3"" CUPRUM CAFE DE 6.10 MTS",PZA,False,0,0,0,0,LA VIGA EXTRUSIONES,SERIES CUPRUM,FIJOS,"FIJA 3""",2
921-9112C-7-45,"JUNQUILLO DE 3"" CUPRUM CAFE OSCURO 6.10 MTS",PZA,False,0,0,0,0,LA VIGA CUPRUM,SERIES CUPRUM,FIJOS,"FIJA 3""",3
921-39136-7-10,"PERFIL ESCALONADO DE 3"" NATURAL PULIDO DE 6.10 MTS",PZA,True,0,0,5,0,LA VIGA CUPRUM,SERIES CUPRUM,FIJOS,"FIJA 3""",3
921-9112C-7-11,"PERFIL JUNQUILLO DE 3"" NATURAL 6.10 MTS",PZA,True,0,0,0,0,LA VIGA CUPRUM,SERIES CUPRUM,FIJOS,"FIJA 3""",3
921-9112C-7-10,"PERFIL JUNQUILLO DE 3"" NATURAL PULIDO 6.10 MTS",PZA,True,0,0,5,0,LA VIGA CUPRUM,SERIES CUPRUM,FIJOS,"FIJA 3""",3
119-69085-7-45,"PERFIL TAPA BOLSA DE 2"" CAFE DE 6.10 MTS FIJO""",PZA,True,0,0,0,0,LA VIGA CUPRUM,SERIES CUPRUM,FIJOS,"FIJA 3""",3
164-27316-7-99,"PERFIL TAPA LISA DE 3"" BLANCO DE 6.10 MTS",PZA,True,0,0,2,0,LA VIGA CUPRUM,SERIES CUPRUM,FIJOS,"FIJA 3""",3
921-69135-7-45,"PERIMETRAL DE 3"" CUPRUM CAFE OSCURO DE 6.10 MTS",PZA,False,0,0,0,0,LA VIGA CUPRUM,SERIES CUPRUM,FIJOS,"FIJA 3""",3
921-69135-7-21,"PERIMETRAL DE 3"" CUPRUM NATURAL PULIDO DE 6.10 MTS",PZA,False,0,0,0,0,LA VIGA CUPRUM,SERIES CUPRUM,FIJOS,"FIJA 3""",3
119-67315-7-24,"TAPA BOLSA DE 3"" CUPRUM CHAMP PULIDO DE 6.10 MTS FIJO",PZA,False,0,0,0,0,LA VIGA CUPRUM,SERIES CUPRUM,FIJOS,"FIJA 3""",3
921-67315-7-13,"TAPA BOLSA DE 3"" CUPRUM NATURAL DE 6.10 MTS",PZA,False,0,0,0,0,LA VIGA CUPRUM,SERIES CUPRUM,FIJOS,"FIJA 3""",3
921-27316-7-10,"TAPA LISA DE 3"" CUPRUM NATURAL PULIDO DE 6.10 MTS",PZA,False,0,0,0,0,LA VIGA CUPRUM,SERIES CUPRUM,FIJOS,"FIJA 3""",3
631-MEN-M,MULION ECONOMICO NATURAL,MTS,False,0,0,0,0,LA VIGA EXTRUSIONES,SERIES CUPRUM,GENERAL,VARIOS,1
602-3188-1-18M,MOLDURA PISA ALFOMBRA CAFE,MTS,False,0,0,0,0,LA VIGA CUPRUM,SERIES CUPRUM,MOLDURAS,MOLDURAS,1
601-3188-1-11M,MOLDURA PISA ALFOMBRA NATURAL,MTS,False,0,0,0,0,LA VIGA CUPRUM,SERIES CUPRUM,MOLDURAS,MOLDURAS,1
601-C3188-1-13,PERFIL PISA ALFOMBRA 3.66 MTS NATURAL,PZA,True,14,0,0,0,LA VIGA CUPRUM,SERIES CUPRUM,MOLDURAS,MOLDURAS,3
195-C3160-7-24,PERFIL RIBETE PECHO PALOMA (BOCEL) CHAMPAGNE PULIDO 6.10 MTS,PZA,True,11,0,3,0,LA VIGA CUPRUM,SERIES CUPRUM,MOLDURAS,MOLDURAS,3
195-C3160-3-10,PERFIL RIBETE PECHO PALOMA (BOCEL) NATURAL PULIDO 3.66 MTS,PZA,True,0,0,0,0,LA VIGA CUPRUM,SERIES CUPRUM,MOLDURAS,MOLDURAS,3
195-C3160-7-10,PERFIL RIBETE PECHO PALOMA (BOCEL) NATURAL PULIDO 6.10 MTS,PZA,True,0,0,19,0,LA VIGA CUPRUM,SERIES CUPRUM,MOLDURAS,MOLDURAS,3
601-C3188-7-11,PISA ALFOMBRA 6.10 MTS NATURAL,PZA,False,0,0,0,0,LA VIGA CUPRUM,SERIES CUPRUM,MOLDURAS,MOLDURAS,3
602-3188-1-18,PISA ALFOMBRA CAFE 3.66 MTS,PZA,False,0,0,0,0,LA VIGA CUPRUM,SERIES CUPRUM,MOLDURAS,MOLDURAS,3
196-3150-1-18,RIBETE P/MUEBLE DE 3.66 MTS CAFE,PZA,False,0,0,0,0,LA VIGA EXTRUSIONES,SERIES CUPRUM,MOLDURAS,MOLDURAS,1
195-3160-7-10,RIBETE PECHO PALOMA (BOCEL) NATURAL PULIDO 6.10 MTS,PZA,False,0,0,0,0,LA VIGA EXTRUSIONES,SERIES CUPRUM,MOLDURAS,MOLDURAS,3
631-1207-1-13,PERFIL SOLERA 1 1/2 X 1/8 NATURAL 3.66 MTS,PZA,True,0,0,0,0,LA VIGA CUPRUM,SERIES CUPRUM,MOLDURAS,SOLERAS,3
631-1205-1-13,PERFIL SOLERA DE 3.66 MTS 1 X 1/8 NATURAL,PZA,True,0,0,0,0,LA VIGA CUPRUM,SERIES CUPRUM,MOLDURAS,SOLERAS,3
632-1203-1-13,PERFIL SOLERA DE 3.66 MTS 1/2 X 1/8 NATURAL,PZA,True,1,0,0,0,LA VIGA CUPRUM,SERIES CUPRUM,MOLDURAS,SOLERAS,3
631-1205-7-13,PERFIL SOLERA DE 6.10 MTS 1 X 1/8 NATURAL,PZA,True,0,0,0,0,LA VIGA CUPRUM,SERIES CUPRUM,MOLDURAS,SOLERAS,3
632-1207-1-80,SOLERA 1 1/2 X 1/8 BLANCO 3.66 MTS,PZA,False,0,0,0,0,LA VIGA CUPRUM,SERIES CUPRUM,MOLDURAS,SOLERAS,3
632-1207-7-80,SOLERA 1 1/2 X 1/8 BLANCO 6.10 MTS,PZA,False,0,0,0,0,LA VIGA CUPRUM,SERIES CUPRUM,MOLDURAS,SOLERAS,3
632-1207-7-11,SOLERA 1 1/2 X 1/8 NATURAL 6.10 MTS,PZA,False,0,0,0,0,LA VIGA CUPRUM,SERIES CUPRUM,MOLDURAS,SOLERAS,3
632-18041-3-11,SOLERA DE 3 X 1/8 NATURAL,PZA,False,0,0,0,0,LA VIGA CUPRUM,SERIES CUPRUM,MOLDURAS,SOLERAS,3
632-1205-1-45,SOLERA DE 3.66 MTS 1 X 1/8 CAFE,PZA,False,0,0,0,0,LA VIGA CUPRUM,SERIES CUPRUM,MOLDURAS,SOLERAS,3
632-1205-1-10,SOLERA DE 3.66 MTS 1 X 1/8 NATURAL PULIDO,PZA,True,0,0,3,0,LA VIGA CUPRUM,SERIES CUPRUM,MOLDURAS,SOLERAS,3
631-1205-7-80,SOLERA DE 6.10 MTS 1 X 1/8 BLANCO,PZA,False,0,0,0,0,LA VIGA CUPRUM,SERIES CUPRUM,MOLDURAS,SOLERAS,3
632-1203-7-13,SOLERA DE 6.10 MTS 1/2 X 1/8 NATURAL,PZA,False,0,0,0,0,LA VIGA CUPRUM,SERIES CUPRUM,MOLDURAS,SOLERAS,3
127-66533-7-99,MOSQUITERO HORIZONTAL CUPRUM BLANCO DE 6.10 MTS,PZA,False,0,0,0,0,LA VIGA CUPRUM,SERIES CUPRUM,MOSQUITEROS,MOSQUITEROS,3
127-C6534-3-99,MOSQUITERO VERTICAL CUPRUM BLANCO DE 4.60 MTS,PZA,False,0,0,0,0,LA VIGA EXTRUSIONES,SERIES CUPRUM,MOSQUITEROS,MOSQUITEROS,2
126-66334-7-99,MOSQUITERO VERTICAL CUPRUM BLANCO DE 6.10 MTS,PZA,False,0,0,0,0,LA VIGA CUPRUM,SERIES CUPRUM,MOSQUITEROS,MOSQUITEROS,3
1113-66534-3-45,MOSQUITERO VERTICAL CUPRUM CAFE OSCURO 4.60 MTS,PZA,False,0,0,0,0,LA VIGA CUPRUM,SERIES CUPRUM,MOSQUITEROS,MOSQUITEROS,3
126-66534-3-13,MOSQUITERO VERTICAL CUPRUM NATURAL DE 4.60 MTS,PZA,False,0,0,0,0,LA VIGA CUPRUM,SERIES CUPRUM,MOSQUITEROS,MOSQUITEROS,3
127-C7333-7-99,PERFIL MOSQUITERO ECONOMICO BLANCO 6.10 MTS,PZA,True,100,115,0,0,LA VIGA CUPRUM,SERIES CUPRUM,MOSQUITEROS,MOSQUITEROS,2
126-C7333-7-45,PERFIL MOSQUITERO ECONOMICO CAFE OSCURO DE 6.10 MTS,PZA,True,-4,0,53.5,0,LA VIGA CUPRUM,SERIES CUPRUM,MOSQUITEROS,MOSQUITEROS,3
125-C7333-7-10,PERFIL MOSQUITERO ECONOMICO NATURAL PULIDO 6.10 MTS,PZA,True,0,0,67,0,LA VIGA CUPRUM,SERIES CUPRUM,MOSQUITEROS,MOSQUITEROS,3
127-66533-7-10,PERFIL MOSQUITERO HORIZONTAL NATURAL PULIDO DE 6.10 MTS,PZA,True,0,0,13,0,LA VIGA CUPRUM,SERIES CUPRUM,MOSQUITEROS,MOSQUITEROS,3
127-7101-7-99,PERFIL MOSQUITERO INTERMEDIO BLANCO 6.10 MTS,PZA,True,0,0,22.5,0,LA VIGA CUPRUM,SERIES CUPRUM,MOSQUITEROS,MOSQUITEROS,3
126-7101-7-45,PERFIL MOSQUITERO INTERMEDIO CAFE 6.10 MTS,PZA,True,0,0,47,0,LA VIGA CUPRUM,SERIES CUPRUM,MOSQUITEROS,MOSQUITEROS,3
128-7101-7-24,PERFIL MOSQUITERO INTERMEDIO CHAMPAGNE PULIDO 6.10 MTS,PZA,True,0,0,21.5,0,LA VIGA CUPRUM,SERIES CUPRUM,MOSQUITEROS,MOSQUITEROS,3
125-7101-7-13,PERFIL MOSQUITERO INTERMEDIO NATURAL 6.10 MTS,PZA,True,0,0,21,0,LA VIGA CUPRUM,SERIES CUPRUM,MOSQUITEROS,MOSQUITEROS,3
125-7101-7-10,PERFIL MOSQUITERO INTERMEDIO NATURAL PULIDO 6.10 MTS,PZA,True,0,0,6,0,LA VIGA CUPRUM,SERIES CUPRUM,MOSQUITEROS,MOSQUITEROS,3
127-C6534-7-99,PERFIL MOSQUITERO VERTICAL BLANCO DE 6.10 MTS,PZA,False,0,0,0,0,LA VIGA CUPRUM,SERIES CUPRUM,MOSQUITEROS,MOSQUITEROS,2
127-C6534-3-45,PERFIL MOSQUITERO VERTICAL CAFE DE 4.60 MTS,PZA,True,-3,36,-5,0,LA VIGA EXTRUSIONES,SERIES CUPRUM,MOSQUITEROS,MOSQUITEROS,2
1113-66534-7-45,PERFIL MOSQUITERO VERTICAL CAFE OSCURO 6.10 MTS,PZA,True,-2,0,-11,0,LA VIGA CUPRUM,SERIES CUPRUM,MOSQUITEROS,MOSQUITEROS,3
126-66534-7-10,PERFIL MOSQUITERO VERTICAL NATURAL PULIDO DE 6.10 MTS,PZA,True,0,0,7,0,LA VIGA CUPRUM,SERIES CUPRUM,MOSQUITEROS,MOSQUITEROS,3
160-68327-7-4,CUPRUM ZOCLO HERCULITE CHAMPAGNE PULIDO DE 6.10 MTS,PZA,False,0,0,2,0,LA VIGA CUPRUM,SERIES CUPRUM,PASAMANOS,3600 ESPAÑOLA,3
160-68327-7-45,PERFIL ZOCLO HERCULITE CAFE OSCURO DE 6.10 MTS,PZA,True,0,0,-2,0,LA VIGA CUPRUM,SERIES CUPRUM,PASAMANOS,3600 ESPAÑOLA,3
170-C7677-7-99,PERFIL PASAMANO OVALADO BLANCO DE 6.10 MTS,PZA,True,0,0,0,0,LA VIGA CUPRUM,SERIES CUPRUM,PASAMANOS,PASAMANO OVALADO,3
170-C7677-7-45,PERFIL PASAMANO OVALADO CAFE OSCURO DE 6.10 MTS,PZA,True,0,0,0,0,LA VIGA CUPRUM,SERIES CUPRUM,PASAMANOS,PASAMANO OVALADO,3
170-C7677-7-10,PERFIL PASAMANO OVALADO NATURAL PULIDO DE 6.10 MTS,PZA,True,0,0,3,0,LA VIGA CUPRUM,SERIES CUPRUM,PASAMANOS,PASAMANO OVALADO,3
991-53896-7-45,"PASAMANOS REDONDO CUPRUM 2"" CAFE DE 6.10 MTS",PZA,False,0,0,0,0,LA VIGA CUPRUM,SERIES CUPRUM,PASAMANOS,PASAMANO REDONDO,3
991-53896-7-10,"PERFIL PASAMANOS REDONDO 2"" NATURAL PULIDO DE 6.10 MTS",PZA,True,0,0,6,0,LA VIGA CUPRUM,SERIES CUPRUM,PASAMANOS,PASAMANO REDONDO,3
991-53883-7-99,"PERFIL PASAMANOS REDONDO 3"" BLANCO DE 6.10 MTS",PZA,True,0,0,0,0,LA VIGA CUPRUM,SERIES CUPRUM,PASAMANOS,PASAMANO REDONDO,3
961-69776-7-99,PERFIL ZOCLO P/PASAMANOS SERVILLETERO 6.10 MTS BLANCO,PZA,True,0,0,4,0,LA VIGA CUPRUM,SERIES CUPRUM,PASAMANOS,PASAMANO REDONDO,3
961-69776-7-45,PERFIL ZOCLO P/PASAMANOS SERVILLETERO 6.10 MTS CAFE OSCURO,PZA,True,1,0,1,0,LA VIGA CUPRUM,SERIES CUPRUM,PASAMANOS,PASAMANO REDONDO,3
961-69776-7-24,PERFIL ZOCLO P/PASAMANOS SERVILLETERO 6.10 MTS CHAMPAGNE PULIDO,PZA,True,0,0,3,0,LA VIGA CUPRUM,SERIES CUPRUM,PASAMANOS,PASAMANO REDONDO,3
961-69776-7-13,PERFIL ZOCLO P/PASAMANOS SERVILLETERO 6.10 MTS NATURAL,PZA,True,0,0,1,0,LA VIGA CUPRUM,SERIES CUPRUM,PASAMANOS,PASAMANO REDONDO,3
157-68327-7-11,CUPRUM ZOCLO HERCULITE NATURAL DE 6.10 MTS,PZA,False,0,0,1,0,LA VIGA CUPRUM,SERIES CUPRUM,PASAMANOS,VARIOS,3
147-7014C-7-13,"JUNQUILLO DE 1"" CUPRUM  NATURAL DE 6.10 MTS",PZA,False,0,0,0,0,LA VIGA CUPRUM,SERIES CUPRUM,PORTAVIDRIOS,"PORTAVIDRIO 1""",3
147-7013C-7-13,"PORTAVIDRIO DE 1"" C NATURAL DE 6.10 MTS",PZA,False,0,0,0,0,LA VIGA CUPRUM,SERIES CUPRUM,PORTAVIDRIOS,"PORTAVIDRIO 1""",3
961-12115-7-99,PERFIL RIEL P/PORTON DE 6.10 MTS BLANCO,PZA,True,0,0,14,0,LA VIGA CUPRUM,SERIES CUPRUM,PORTONES,PORTONES,3
961-12115-7-45,PERFIL RIEL P/PORTON DE 6.10 MTS CAFE OSCURO,PZA,True,0,0,23,0,LA VIGA CUPRUM,SERIES CUPRUM,PORTONES,PORTONES,3
961-12115-7-24,PERFIL RIEL P/PORTON DE 6.10 MTS CHAMPAGNE PULIDO,PZA,True,0,0,2,0,LA VIGA CUPRUM,SERIES CUPRUM,PORTONES,PORTONES,3
961-12115-7-98,PERFIL RIEL P/PORTON DE 6.10 MTS MADERA,PZA,True,0,0,6,0,LA VIGA CUPRUM,SERIES CUPRUM,PORTONES,PORTONES,3
961-12115-7-13,PERFIL RIEL P/PORTON DE 6.10 MTS NATURAL,PZA,True,0,0,3,0,LA VIGA CUPRUM,SERIES CUPRUM,PORTONES,PORTONES,3
961-12115-7-10,PERFIL RIEL P/PORTON DE 6.10 MTS NATURAL PULIDO,PZA,True,0,0,7,0,LA VIGA CUPRUM,SERIES CUPRUM,PORTONES,PORTONES,3
961-62115-7-80,RIEL P/PORTON EXTRUSIONES DE 6.10 MTS BLANCO,PZA,False,0,0,0,0,LA VIGA EXTRUSIONES,SERIES CUPRUM,PORTONES,PORTONES,1
961-62115-7-18,RIEL P/PORTON EXTRUSIONES DE 6.10 MTS BRONCE,PZA,False,0,0,0,0,LA VIGA EXTRUSIONES,SERIES CUPRUM,PORTONES,PORTONES,1
961-62115-7-4,RIEL P/PORTON EXTRUSIONES DE 6.10 MTS CHAMPAGNE PULIDO,PZA,False,0,0,0,0,LA VIGA EXTRUSIONES,SERIES CUPRUM,PORTONES,PORTONES,1
643-12273-7-80,CONTRA MARCO BLANCO 6.10 MTS CUPRUM,PZA,False,0,0,0,0,LA VIGA CUPRUM,SERIES CUPRUM,PROYECCION,SERIE 35,3
644-12273-7-4,CONTRA MARCO CHAMPAGNE PULIDO 6.10 MTS CUPRUM,PZA,False,0,0,0,0,LA VIGA CUPRUM,SERIES CUPRUM,PROYECCION,SERIE 35,3
641-12273-7-11,CONTRA MARCO NATURAL 6.10 MTS CUPRUM,PZA,False,0,0,0,0,LA VIGA CUPRUM,SERIES CUPRUM,PROYECCION,SERIE 35,3
693-12275-7-80,INTERMEDIO EUROVENT SERIE 35 BLANCO 6.10 MTS,PZA,False,0,0,0,0,LA VIGA CUPRUM,SERIES CUPRUM,PROYECCION,SERIE 35,3
693-12275-7-4,INTERMEDIO EUROVENT SERIE 35 CHAMPAGNE PULIDO 6.10 MTS,PZA,False,0,0,0,0,LA VIGA CUPRUM,SERIES CUPRUM,PROYECCION,SERIE 35,3
651-12276-7-11,MARCO CUADRADO NATURAL 6.10 MTS,PZA,False,0,0,0,0,LA VIGA CUPRUM,SERIES CUPRUM,PROYECCION,SERIE 35,3
653-12274-7-80,MARCO OVALADO BLANCO 6.10 MTS CUPRUM,PZA,False,0,0,0,0,LA VIGA CUPRUM,SERIES CUPRUM,PROYECCION,SERIE 35,3
654-12274-7-4,MARCO OVALADO CHAMPAGNE PULIDO 6.10 MTS CUPRUM,PZA,False,0,0,0,0,LA VIGA CUPRUM,SERIES CUPRUM,PROYECCION,SERIE 35,3
651-12274-7-11,MARCO OVALADO NATURAL 6.10 MTS CUPRUM,PZA,False,0,0,0,0,LA VIGA CUPRUM,SERIES CUPRUM,PROYECCION,SERIE 35,3
642-12273-7-45,PERFIL CONTRA MARCO CAFE 6.10 MTS,PZA,True,0,0,0,0,LA VIGA CUPRUM,SERIES CUPRUM,PROYECCION,SERIE 35,3
641-12273-7-10,PERFIL CONTRA MARCO NATURAL PULIDO 6.10 MTS,PZA,True,0,0,4,0,LA VIGA CUPRUM,SERIES CUPRUM,PROYECCION,SERIE 35,3
693-12275-7-13,PERFIL INTERMEDIO EUROVENT SERIE 35 NATURAL 6.10 MTS,PZA,True,0,0,4,0,LA VIGA CUPRUM,SERIES CUPRUM,PROYECCION,SERIE 35,3
652-12274-7-45,PERFIL MARCO OVALADO CAFE 6.10 MTS,PZA,True,0,0,8,0,LA VIGA CUPRUM,SERIES CUPRUM,PROYECCION,SERIE 35,3
651-12274-7-10,PERFIL MARCO OVALADO NATURAL PULIDO 6.10 MTS,PZA,True,0,0,4,0,LA VIGA CUPRUM,SERIES CUPRUM,PROYECCION,SERIE 35,3
143-36370-7-80,PERFIL JUNQUILLO RECTO PTA BAT BLANCO 6.10 MTS,PZA,True,0,0,-1,0,LA VIGA CUPRUM,SERIES CUPRUM,PUERTAS,BATIENTE 1750,3
143-36370-7-10,PERFIL JUNQUILLO RECTO PTA BAT NAT PULIDO 6.10 MTS,PZA,True,0,0,54,0,LA VIGA CUPRUM,SERIES CUPRUM,PUERTAS,BATIENTE 1750,3
143-36370-7-13,PERFIL JUNQUILLO RECTO PTA BAT NATURAL 6.10 MTS,PZA,True,0,0,0,0,LA VIGA CUPRUM,SERIES CUPRUM,PUERTAS,BATIENTE 1750,3
142-59204-3-13,PERFIL POSTE FELPA O CERCO RAN NATURAL DE 4.60 MTS,PZA,True,0,0,0,0,LA VIGA CUPRUM,SERIES CUPRUM,PUERTAS,BATIENTE 1750,3
142-69204-3-10,PERFIL POSTE FELPA O CERCO RAN NATURAL PULIDO DE 4.60 MTS,PZA,True,0,0,25,0,LA VIGA CUPRUM,SERIES CUPRUM,PUERTAS,BATIENTE 1750,3
142-69204-7-10,PERFIL POSTE FELPA O CERCO RAN NATURAL PULIDO DE 6.10 MTS,PZA,True,0,0,0,0,LA VIGA CUPRUM,SERIES CUPRUM,PUERTAS,BATIENTE 1750,3
144-4042-7-99,"PERFIL SARDINEL DE 3"" BLANCO 6.10 MTS",PZA,True,0,0,41,0,LA VIGA CUPRUM,SERIES CUPRUM,PUERTAS,BATIENTE 1750,3
143-4042-7-45,"PERFIL SARDINEL DE 3"" CAFE 6.10 MTS",PZA,True,0,0,10,0,LA VIGA CUPRUM,SERIES CUPRUM,PUERTAS,BATIENTE 1750,3
145-4042-7-24,"PERFIL SARDINEL DE 3"" CHAMPAGNE BRILLANTE 6.10 MTS",PZA,True,0,0,10,0,LA VIGA CUPRUM,SERIES CUPRUM,PUERTAS,BATIENTE 1750,3
991-4042-7-10,"PERFIL SARDINEL DE 3"" NATURAL PULIDO 6.10 MTS",PZA,True,0,0,36,0,LA VIGA CUPRUM,SERIES CUPRUM,PUERTAS,BATIENTE 1750,3
144-4105-7-45,PERFIL TOPE BATIENTE 1/2 X 1/2 CAFE OSCURO DE 6.10,PZA,True,0,0,-3,0,LA VIGA CUPRUM,SERIES CUPRUM,PUERTAS,BATIENTE 1750,3
144-11032C-7-99,PERFIL TOPE BATIENTE 1/2 X 3/4 BLANCO DE 6.10 MTS,PZA,True,108,0,0,0,LA VIGA CUPRUM,SERIES CUPRUM,PUERTAS,BATIENTE 1750,3
144-11032C-7-45,PERFIL TOPE BATIENTE 1/2 X 3/4 CAFE OSCURO DE 6.10,PZA,False,0,0,-3,0,LA VIGA CUPRUM,SERIES CUPRUM,PUERTAS,BATIENTE 1750,3
142-C9187-7-10,PERFIL ZOCLO PUERTA BATIENTE NAT PULIDO DE 6.10 MTS,PZA,True,0,0,3,0,LA VIGA CUPRUM,SERIES CUPRUM,PUERTAS,BATIENTE 1750,3
142-C9187-7-13,PERFIL ZOCLO PUERTA BATIENTE NATURAL DE 6.10 MTS,PZA,True,0,0,0,0,LA VIGA CUPRUM,SERIES CUPRUM,PUERTAS,BATIENTE 1750,3
142-59204-3-80,POSTE FELPA CUPRUM  O CERCO RAN BLANCO DE 4.60 MTS,PZA,False,0,0,0,0,LA VIGA CUPRUM,SERIES CUPRUM,PUERTAS,BATIENTE 1750,3
142-59204-7-80,POSTE FELPA CUPRUM  O CERCO RAN BLANCO DE 6.10 MTS,PZA,False,0,0,0,0,LA VIGA CUPRUM,SERIES CUPRUM,PUERTAS,BATIENTE 1750,3
142-9204-7-10,POSTE FELPA O CERCO RAN NAT PULIDO DE 6.10 MTS,PZA,False,0,0,0,0,LA VIGA EXTRUSIONES,SERIES CUPRUM,PUERTAS,BATIENTE 1750,3
142-9204-7-11,POSTE FELPA O CERCO RAN NATURAL DE 6.10 MTS,PZA,False,0,0,0,0,LA VIGA EXTRUSIONES,SERIES CUPRUM,PUERTAS,BATIENTE 1750,1
142-4042-7-13,"SARDINEL DE 3"" NATURAL 6.10 MTS",PZA,True,0,0,20,0,LA VIGA EXTRUSIONES,SERIES CUPRUM,PUERTAS,BATIENTE 1750,3
146-11032C-7-10,TOPE BATIENTE CUPRUM 1/2 X 3/4 NATURAL PULIDO DE 6.10 MTS,PZA,False,0,0,0,0,LA VIGA CUPRUM,SERIES CUPRUM,PUERTAS,BATIENTE 1750,3
801-12545-7-99,PERFIL CABEZAL PTA COMERCIAL SERIE 50 BLANCO 6.10 MTS,PZA,True,0,0,4,0,LA VIGA CUPRUM,SERIES CUPRUM,PUERTAS,COMERCIAL SERIE 50,3
801-12545-7-98,PERFIL CABEZAL PTA COMERCIAL SERIE 50 MADERA NOGAL 6.10 MTS,PZA,True,0,0,4,0,LA VIGA CUPRUM,SERIES CUPRUM,PUERTAS,COMERCIAL SERIE 50,3
801-12542-7-99,PERFIL CERCO LUJO PTA COMERCIAL SERIE 50 BLANCO 6.10 MTS,PZA,True,0,0,6,0,LA VIGA CUPRUM,SERIES CUPRUM,PUERTAS,COMERCIAL SERIE 50,3
801-12542-7-45,PERFIL CERCO LUJO PTA COMERCIAL SERIE 50 CAFE 6.10 MTS,PZA,True,0,0,0,0,LA VIGA CUPRUM,SERIES CUPRUM,PUERTAS,COMERCIAL SERIE 50,3
801-12542-7-98,PERFIL CERCO LUJO PTA COMERCIAL SERIE 50 MADERA NOGAL 6.10 MTS,PZA,True,8,0,11,0,LA VIGA CUPRUM,SERIES CUPRUM,PUERTAS,COMERCIAL SERIE 50,3
801-12542-7-13,PERFIL CERCO LUJO PTA COMERCIAL SERIE 50 NATURAL 6.10 MTS,PZA,True,0,0,1,0,LA VIGA CUPRUM,SERIES CUPRUM,PUERTAS,COMERCIAL SERIE 50,3
801-12562-7-99,PERFIL ZOCLO BATIENTE PTA COMERCIAL SERIE 50 BLANCO 6.10 MTS,PZA,True,0,0,1,0,LA VIGA CUPRUM,SERIES CUPRUM,PUERTAS,COMERCIAL SERIE 50,3
801-12562-7-45,PERFIL ZOCLO BATIENTE PTA COMERCIAL SERIE 50 CAFE 6.10 MTS,PZA,True,0,0,1,0,LA VIGA CUPRUM,SERIES CUPRUM,PUERTAS,COMERCIAL SERIE 50,3
801-12562-7-98,PERFIL ZOCLO BATIENTE PTA COMERCIAL SERIE 50 MADERA TEXTURIZADO 6.10 MTS,PZA,True,2,0,4,0,LA VIGA CUPRUM,SERIES CUPRUM,PUERTAS,COMERCIAL SERIE 50,3
801-12544-3-99,CERCO LUJO PTA RESIDENCIAL SERIE 50 BLANCO 4.60 MTS,PZA,False,0,0,0,0,LA VIGA CUPRUM,SERIES CUPRUM,PUERTAS,RESIDENCIAL SERIE 50,3
801-12544-3-45,CERCO LUJO PTA RESIDENCIAL SERIE 50 CAFE 4.60 MTS,PZA,False,0,0,0,0,LA VIGA CUPRUM,SERIES CUPRUM,PUERTAS,RESIDENCIAL SERIE 50,3
801-12544-3-4,CERCO LUJO PTA RESIDENCIAL SERIE 50 CHAMPAGNE 4.60 MTS,PZA,False,0,0,0,0,LA VIGA CUPRUM,SERIES CUPRUM,PUERTAS,RESIDENCIAL SERIE 50,3
801-12544-3-11,CERCO LUJO PTA RESIDENCIAL SERIE 50 NATURAL 4.60 MTS,PZA,True,0,0,0,0,LA VIGA CUPRUM,SERIES CUPRUM,PUERTAS,RESIDENCIAL SERIE 50,3
801-12653-7-45,PERFIL ADAPTADOR INTERMEDIO RESIDENCIAL SERIE 50 CAFE 6.10 MTS,PZA,True,2,0,0,0,LA VIGA CUPRUM,SERIES CUPRUM,PUERTAS,RESIDENCIAL SERIE 50,3
801-12617-7-99,PERFIL BATIENTE PTA RESIDENCIAL SERIE 50 BLANCO 6.10 MTS,PZA,True,0,0,4,0,LA VIGA CUPRUM,SERIES CUPRUM,PUERTAS,RESIDENCIAL SERIE 50,3
801-12617-7-45,PERFIL BATIENTE PTA RESIDENCIAL SERIE 50 CAFE 6.10 MTS,PZA,True,0,0,8,0,LA VIGA CUPRUM,SERIES CUPRUM,PUERTAS,RESIDENCIAL SERIE 50,3
801-12617-7-24,PERFIL BATIENTE PTA RESIDENCIAL SERIE 50 CHAMPAGNE 6.10 MTS,PZA,True,1,0,9,0,LA VIGA CUPRUM,SERIES CUPRUM,PUERTAS,RESIDENCIAL SERIE 50,3
801-12617-7-98,PERFIL BATIENTE PTA RESIDENCIAL SERIE 50 MADERA 6.10 MTS,PZA,True,0,0,4,0,LA VIGA CUPRUM,SERIES CUPRUM,PUERTAS,RESIDENCIAL SERIE 50,3
801-12617-7-10,PERFIL BATIENTE PTA RESIDENCIAL SERIE 50 NAT PULIDO 6.10 MTS,PZA,True,0,0,3,0,LA VIGA CUPRUM,SERIES CUPRUM,PUERTAS,RESIDENCIAL SERIE 50,3
801-12617-7-13,PERFIL BATIENTE PTA RESIDENCIAL SERIE 50 NATURAL 6.10 MTS,PZA,True,0,0,1,0,LA VIGA CUPRUM,SERIES CUPRUM,PUERTAS,RESIDENCIAL SERIE 50,3
801-12544-7-99,PERFIL CERCO LUJO PTA RESIDENCIAL SERIE 50 BLANCO 6.10 MTS,PZA,True,2,0,21,0,LA VIGA CUPRUM,SERIES CUPRUM,PUERTAS,RESIDENCIAL SERIE 50,3
801-12544-7-45,PERFIL CERCO LUJO PTA RESIDENCIAL SERIE 50 CAFE 6.10 MTS,PZA,True,0,0,1,0,LA VIGA CUPRUM,SERIES CUPRUM,PUERTAS,RESIDENCIAL SERIE 50,3
801-12544-7-24,PERFIL CERCO LUJO PTA RESIDENCIAL SERIE 50 CHAMPAGNE 6.10 MTS,PZA,True,0,0,14,0,LA VIGA CUPRUM,SERIES CUPRUM,PUERTAS,RESIDENCIAL SERIE 50,3
801-12544-7-98,PERFIL CERCO LUJO PTA RESIDENCIAL SERIE 50 MADERA 6.10 MTS,PZA,True,0,0,0,0,LA VIGA CUPRUM,SERIES CUPRUM,PUERTAS,RESIDENCIAL SERIE 50,3
801-12544-3-10,PERFIL CERCO LUJO PTA RESIDENCIAL SERIE 50 NAT PULIDO 4.60 MTS,PZA,True,0,0,3,0,LA VIGA CUPRUM,SERIES CUPRUM,PUERTAS,RESIDENCIAL SERIE 50,3
801-12544-7-10,PERFIL CERCO LUJO PTA RESIDENCIAL SERIE 50 NAT PULIDO 6.10 MTS,PZA,True,0,0,0,0,LA VIGA CUPRUM,SERIES CUPRUM,PUERTAS,RESIDENCIAL SERIE 50,3
801-12544-7-13,PERFIL CERCO LUJO PTA RESIDENCIAL SERIE 50 NATURAL 6.10 MTS,PZA,True,0,0,-6,0,LA VIGA CUPRUM,SERIES CUPRUM,PUERTAS,RESIDENCIAL SERIE 50,3
801-12602-7-99,"PERFIL INTERMEDIO 4"""" PTA RESIDENCIAL SERIE 50 BLANCO 6.10 MTS",PZA,True,0,0,6,0,LA VIGA CUPRUM,SERIES CUPRUM,PUERTAS,RESIDENCIAL SERIE 50,3
801-12602-7-45,"PERFIL INTERMEDIO 4"""" PTA RESIDENCIAL SERIE 50 CAFE 6.10 MTS",PZA,True,2,0,10,0,LA VIGA CUPRUM,SERIES CUPRUM,PUERTAS,RESIDENCIAL SERIE 50,3
801-12602-7-24,"PERFIL INTERMEDIO 4"""" PTA RESIDENCIAL SERIE 50 CHAMPAGNE PULIDO 6.10 MTS",PZA,True,0,0,6,0,LA VIGA CUPRUM,SERIES CUPRUM,PUERTAS,RESIDENCIAL SERIE 50,3
801-12602-7-98,"PERFIL INTERMEDIO 4"""" PTA RESIDENCIAL SERIE 50 MADERA 6.10 MTS",PZA,True,0,0,0,0,LA VIGA CUPRUM,SERIES CUPRUM,PUERTAS,RESIDENCIAL SERIE 50,3
801-12602-7-10,"PERFIL INTERMEDIO 4"""" PTA RESIDENCIAL SERIE 50 NAT PUL 6.10 MTS",PZA,True,0,0,3,0,LA VIGA CUPRUM,SERIES CUPRUM,PUERTAS,RESIDENCIAL SERIE 50,3
801-12602-7-13,"PERFIL INTERMEDIO 4"""" PTA RESIDENCIAL SERIE 50 NATURAL 6.10 MTS",PZA,True,0,0,1,0,LA VIGA CUPRUM,SERIES CUPRUM,PUERTAS,RESIDENCIAL SERIE 50,3
801-12569-7-99,PERFIL INTERMEDIO BTE PTA RESIDENCIAL SERIE 50 BLANCO 6.10 MTS,PZA,True,0,0,14,0,LA VIGA CUPRUM,SERIES CUPRUM,PUERTAS,RESIDENCIAL SERIE 50,3
801-12569-7-45,PERFIL INTERMEDIO BTE PTA RESIDENCIAL SERIE 50 CAFE 6.10 MTS,PZA,True,0,0,4,0,LA VIGA CUPRUM,SERIES CUPRUM,PUERTAS,RESIDENCIAL SERIE 50,3
801-12569-7-24,PERFIL INTERMEDIO BTE PTA RESIDENCIAL SERIE 50 CHAMPAGNE 6.10 MTS,PZA,True,0,0,2,0,LA VIGA CUPRUM,SERIES CUPRUM,PUERTAS,RESIDENCIAL SERIE 50,3
801-12569-7-98,PERFIL INTERMEDIO BTE PTA RESIDENCIAL SERIE 50 MADERA 6.10 MTS,PZA,True,0,0,3,0,LA VIGA CUPRUM,SERIES CUPRUM,PUERTAS,RESIDENCIAL SERIE 50,3
801-12569-7-13,PERFIL INTERMEDIO BTE PTA RESIDENCIAL SERIE 50 NATURAL 6.10 MTS,PZA,True,0,0,0,0,LA VIGA CUPRUM,SERIES CUPRUM,PUERTAS,RESIDENCIAL SERIE 50,3
801-12595-7-99,PERFIL JUNQUILLO ALTO RELIEVE PTA RES SERIE 50 BLANCO 6.10 MTS,PZA,True,0,0,54,0,LA VIGA CUPRUM,SERIES CUPRUM,PUERTAS,RESIDENCIAL SERIE 50,3
801-12595-7-45,PERFIL JUNQUILLO ALTO RELIEVE PTA RES SERIE 50 CAFE 6.10 MTS,PZA,True,0,0,51,0,LA VIGA CUPRUM,SERIES CUPRUM,PUERTAS,RESIDENCIAL SERIE 50,3
801-12595-7-24,PERFIL JUNQUILLO ALTO RELIEVE PTA RES SERIE 50 CHAMPAGNE 6.10 MTS,PZA,True,0,0,62,0,LA VIGA CUPRUM,SERIES CUPRUM,PUERTAS,RESIDENCIAL SERIE 50,3
801-12595-7-98,PERFIL JUNQUILLO ALTO RELIEVE PTA RES SERIE 50 MADERA 6.10 MTS,PZA,True,0,0,0,0,LA VIGA CUPRUM,SERIES CUPRUM,PUERTAS,RESIDENCIAL SERIE 50,3
801-12595-7-10,PERFIL JUNQUILLO ALTO RELIEVE PTA RES SERIE 50 NAT PULIDO 6.10 MTS,PZA,True,0,0,53,0,LA VIGA CUPRUM,SERIES CUPRUM,PUERTAS,RESIDENCIAL SERIE 50,3
801-12595-7-13,PERFIL JUNQUILLO ALTO RELIEVE PTA RES SERIE 50 NATURAL 6.10 MTS,PZA,True,0,0,40,0,LA VIGA CUPRUM,SERIES CUPRUM,PUERTAS,RESIDENCIAL SERIE 50,3
801-12576-7-99,PERFIL JUNQUILLO COLONIAL RESIDENCIAL SERIE 50 BLANCO 6.10 MTS,PZA,True,38,0,29,0,LA VIGA CUPRUM,SERIES CUPRUM,PUERTAS,RESIDENCIAL SERIE 50,3
801-12576-7-45,PERFIL JUNQUILLO COLONIAL RESIDENCIAL SERIE 50 CAFE 6.10 MTS,PZA,True,1,0,40,0,LA VIGA CUPRUM,SERIES CUPRUM,PUERTAS,RESIDENCIAL SERIE 50,3
801-12576-7-24,PERFIL JUNQUILLO COLONIAL RESIDENCIAL SERIE 50 CHAMPAGNE 6.10 MTS,PZA,True,0,0,59,0,LA VIGA CUPRUM,SERIES CUPRUM,PUERTAS,RESIDENCIAL SERIE 50,3
801-12576-7-98,PERFIL JUNQUILLO COLONIAL RESIDENCIAL SERIE 50 MADERA 6.10 MTS,PZA,True,0,0,40,0,LA VIGA CUPRUM,SERIES CUPRUM,PUERTAS,RESIDENCIAL SERIE 50,3
801-12576-7-10,PERFIL JUNQUILLO COLONIAL RESIDENCIAL SERIE 50 NAT PULIDO 6.10 MTS,PZA,True,0,0,31,0,LA VIGA CUPRUM,SERIES CUPRUM,PUERTAS,RESIDENCIAL SERIE 50,3
801-12576-7-13,PERFIL JUNQUILLO COLONIAL RESIDENCIAL SERIE 50 NATURAL 6.10 MTS,PZA,True,0,0,52,0,LA VIGA CUPRUM,SERIES CUPRUM,PUERTAS,RESIDENCIAL SERIE 50,3
801-12543-7-99,PERFIL JUNQUILLO RECTO RESIDENCIAL SERIE 50 BLANCO DE 6.10 MTS,PZA,True,0,0,38,0,LA VIGA CUPRUM,SERIES CUPRUM,PUERTAS,RESIDENCIAL SERIE 50,3
801-12543-7-45,PERFIL JUNQUILLO RECTO RESIDENCIAL SERIE 50 CAFE OSCURO DE 6.10 MTS,PZA,True,0,0,4,0,LA VIGA CUPRUM,SERIES CUPRUM,PUERTAS,RESIDENCIAL SERIE 50,3
801-12543-7-24,PERFIL JUNQUILLO RECTO RESIDENCIAL SERIE 50 CHAMPAGNE PULIDO DE 6.10 MTS,PZA,True,0,0,12,0,LA VIGA CUPRUM,SERIES CUPRUM,PUERTAS,RESIDENCIAL SERIE 50,3
801-12543-7-98,PERFIL JUNQUILLO RECTO RESIDENCIAL SERIE 50 MADERA TEXTURIZADO DE 6.10 MTS,PZA,True,6,0,2,0,LA VIGA CUPRUM,SERIES CUPRUM,PUERTAS,RESIDENCIAL SERIE 50,3
801-12543-7-13,PERFIL JUNQUILLO RECTO RESIDENCIAL SERIE 50 NATURAL DE 6.10 MTS,PZA,True,2,0,23,0,LA VIGA CUPRUM,SERIES CUPRUM,PUERTAS,RESIDENCIAL SERIE 50,3
801-12543-7-10,PERFIL JUNQUILLO RECTO RESIDENCIAL SERIE 50 NATURAL PULIDO DE 6.10 MTS,PZA,True,0,0,17,0,LA VIGA CUPRUM,SERIES CUPRUM,PUERTAS,RESIDENCIAL SERIE 50,3
801-12596-7-99,PERFIL ZOCLO LUJO BATIENTE PTA RESIDENCIAL SERIE 50 BLANCO 6.10 MTS,PZA,True,0,0,5,0,LA VIGA CUPRUM,SERIES CUPRUM,PUERTAS,RESIDENCIAL SERIE 50,3
801-12596-7-45,PERFIL ZOCLO LUJO BATIENTE PTA RESIDENCIAL SERIE 50 CAFE 6.10 MTS,PZA,True,12,0,1,0,LA VIGA CUPRUM,SERIES CUPRUM,PUERTAS,RESIDENCIAL SERIE 50,3
801-12596-7-24,PERFIL ZOCLO LUJO BATIENTE PTA RESIDENCIAL SERIE 50 CHAMPAGNE 6.10 MTS,PZA,True,2,0,4,0,LA VIGA CUPRUM,SERIES CUPRUM,PUERTAS,RESIDENCIAL SERIE 50,3
801-12596-7-10,PERFIL ZOCLO LUJO BATIENTE PTA RESIDENCIAL SERIE 50 NAT PUL 6.10 MTS,PZA,True,0,0,3,0,LA VIGA CUPRUM,SERIES CUPRUM,PUERTAS,RESIDENCIAL SERIE 50,3
801-12596-7-13,PERFIL ZOCLO LUJO BATIENTE PTA RESIDENCIAL SERIE 50 NATURAL 6.10 MTS,PZA,True,0,0,5,0,LA VIGA CUPRUM,SERIES CUPRUM,PUERTAS,RESIDENCIAL SERIE 50,3
801-12596-7-98,PERFIL ZOCLO LUJO BATIENTE RESIDENCIAL SERIE 50 MADERA 6.10 MTS,PZA,True,0,0,2,0,LA VIGA CUPRUM,SERIES CUPRUM,PUERTAS,RESIDENCIAL SERIE 50,3
801-12566-7-80,SELLO DE HERMETICIDAD BATIENTE PTA RES SERIE 50 BLANCO 6.10 M,PZA,False,0,0,0,0,ARGENTUM MEXICANA S DE RL DE CV,SERIES CUPRUM,PUERTAS,RESIDENCIAL SERIE 50,1
801-12566-7-13,SELLO DE HERMETICIDAD BATIENTE PTA RES SERIE 50 NATURAL 6.10 M,PZA,True,5,0,3,0,LA VIGA CUPRUM,SERIES CUPRUM,PUERTAS,RESIDENCIAL SERIE 50,1
133-62489-7-10,PERFIL TUBO CUADRADO DE 1 1/2 X 1 1/2 NATURAL PULIDO DE 6.10 MTS,PZA,True,0,0,47,0,LA VIGA CUPRUM,SERIES CUPRUM,TUBOS,TUBO CUADRADO,3
130-62488-7-45,PERFIL TUBO CUADRADO DE 1 X 1 CAFE DE 6.10 MTS,PZA,True,0,0,0,0,LA VIGA CUPRUM,SERIES CUPRUM,TUBOS,TUBO CUADRADO,3
130-62488-7-13,PERFIL TUBO CUADRADO DE 1 X 1 NATURAL DE 6.10 MTS,PZA,True,0,0,0,0,LA VIGA CUPRUM,SERIES CUPRUM,TUBOS,TUBO CUADRADO,3
130-62488-7-10,PERFIL TUBO CUADRADO DE 1 X 1 NATURAL PULIDO DE 6.10 MTS,PZA,True,0,0,8,0,LA VIGA CUPRUM,SERIES CUPRUM,TUBOS,TUBO CUADRADO,3
133-11156-7-10,PERFIL TUBO CUADRADO DE 2 X 2 NATURAL PULIDO DE 6.10 MTS,PZA,True,0,0,22,0,LA VIGA CUPRUM,SERIES CUPRUM,TUBOS,TUBO CUADRADO,3
133-11093-7-10,TUBO CUADRADO DE 1 3/4 X 1 3/4 CUPRUM NATURAL PULIDO DE 6.10 MTS,PZA,False,0,0,0,0,LA VIGA CUPRUM,SERIES CUPRUM,TUBOS,TUBO CUADRADO,3
133-11156-7-80,TUBO CUADRADO DE 2 X 2 CUPRUM BLANCO DE 6.10 MTS,PZA,False,0,0,0,0,LA VIGA CUPRUM,SERIES CUPRUM,TUBOS,TUBO CUADRADO,3
133-11156-7-45,TUBO CUADRADO DE 2 X 2 CUPRUM CAFE DE 6.10 MTS,PZA,False,0,0,0,0,LA VIGA CUPRUM,SERIES CUPRUM,TUBOS,TUBO CUADRADO,3
133-2356-7-13,TUBO CUADRADO DE 2 X 2 CUPRUM NATURAL DE 6.10 MTS,PZA,False,0,0,0,0,LA VIGA CUPRUM,SERIES CUPRUM,TUBOS,TUBO CUADRADO,3
134-62515-7-10,PERFIL TUBO RECTANGULAR DE 1 1/2 X 3/4 NAT PULIDO DE 6.10,PZA,True,0,0,68,0,LA VIGA CUPRUM,SERIES CUPRUM,TUBOS,TUBO RECTANGULAR,3
134-62521-7-24,PERFIL TUBO RECTANGULAR DE 2 X 1 CHAMPAGNE PULIDO DE 6.10 MTS,PZA,True,0,0,1,0,LA VIGA CUPRUM,SERIES CUPRUM,TUBOS,TUBO RECTANGULAR,3
131-62521-7-10,PERFIL TUBO RECTANGULAR DE 2 X 1 NATURAL PULIDO 6.10 MTS,PZA,True,0,0,96,0,LA VIGA CUPRUM,SERIES CUPRUM,TUBOS,TUBO RECTANGULAR,3
131-62509-7-10,PERFIL TUBO RECTANGULAR DE 3 X 1 1/2 NATURAL PULIDO 6.10 MTS,PZA,True,2,0,38,0,LA VIGA CUPRUM,SERIES CUPRUM,TUBOS,TUBO RECTANGULAR,3
134-19613-7-80,PERFIL TUBO RECTANGULAR DE 3 X 1 3/4 BLANCO DE 6.10 MTS,PZA,True,0,0,0,0,LA VIGA CUPRUM,SERIES CUPRUM,TUBOS,TUBO RECTANGULAR,3
134-19613-7-24,PERFIL TUBO RECTANGULAR DE 3 X 1 3/4 CHAMPAGNE PULIDO DE 6.10 MTS,PZA,True,0,0,3,0,LA VIGA CUPRUM,SERIES CUPRUM,TUBOS,TUBO RECTANGULAR,3
131-14729-7-45,TUBO RECTANGULAR 4 X 1 3/4 CUPRUM CAFE 6.10 MTS,PZA,False,0,0,0,0,LA VIGA CUPRUM,SERIES CUPRUM,TUBOS,TUBO RECTANGULAR,3
134-62521-7-45,TUBO RECTANGULAR DE 2 X 1 CUPRUM CAFE DE 6.10 MTS,PZA,False,0,0,0,0,LA VIGA CUPRUM,SERIES CUPRUM,TUBOS,TUBO RECTANGULAR,3
1310-62521-7-13,TUBO RECTANGULAR DE 2 X 1 CUPRUM NATURAL DE 6.10 MTS,PZA,False,0,0,0,0,LA VIGA CUPRUM,SERIES CUPRUM,TUBOS,TUBO RECTANGULAR,3
134-19613-7-45,TUBO RECTANGULAR DE 3 X 1 3/4 CUPRUM CAFE DE 6.10 MTS,PZA,False,0,0,0,0,LA VIGA CUPRUM,SERIES CUPRUM,TUBOS,TUBO RECTANGULAR,3
134-19613-7-10,TUBO RECTANGULAR DE 3 X 1 3/4 CUPRUM NAT PULIDO DE 6.10 MTAS,PZA,False,0,0,0,0,LA VIGA CUPRUM,SERIES CUPRUM,TUBOS,TUBO RECTANGULAR,3
132-C9402-7-11,"CUPRUM TUBO REDONDO 1"" NATURAL DE 6.10 MTS",PZA,False,0,0,0,0,LA VIGA CUPRUM,SERIES CUPRUM,TUBOS,TUBO REDONDO,3
132-C9402-7-10,"PERFIL TUBO REDONDO 1"" NATURAL PULIDO DE 6.10 MTS",PZA,True,0,0,53,0,LA VIGA CUPRUM,SERIES CUPRUM,TUBOS,TUBO REDONDO,3
132-22023-7-24,PERFIL TUBO REDONDO 1/2 CHAMPAGNE 6.10 MTS,PZA,True,23,0,0,0,LA VIGA CUPRUM,SERIES CUPRUM,TUBOS,TUBO REDONDO,3
132-22023-7-13,PERFIL TUBO REDONDO 1/2 NATURAL 6.10 MTS,PZA,True,27.5,0,0,0,LA VIGA CUPRUM,SERIES CUPRUM,TUBOS,TUBO REDONDO,3
132-C22196-7-45,"PERFIL TUBO REDONDO 2"" CAFE OSCURO DE 6.10 MTS",PZA,True,0,0,11,0,LA VIGA CUPRUM,SERIES CUPRUM,TUBOS,TUBO REDONDO,3
132-C22196-7-24,"PERFIL TUBO REDONDO 2"" CHAMPAGNE BRILLANTE }DE 6.10 MTS",PZA,True,0,0,0,0,LA VIGA CUPRUM,SERIES CUPRUM,TUBOS,TUBO REDONDO,3
132-C22196-7-98,"PERFIL TUBO REDONDO 2"" MADERA DE 6.10 MTS",PZA,True,0,0,3,0,LA VIGA CUPRUM,SERIES CUPRUM,TUBOS,TUBO REDONDO,3
132-C22196-7-13,"PERFIL TUBO REDONDO 2"" NATURAL DE 6.10 MTS",PZA,True,0,0,6,0,LA VIGA CUPRUM,SERIES CUPRUM,TUBOS,TUBO REDONDO,3
132-C22196-7-10,"PERFIL TUBO REDONDO 2"" NATURAL PULIDO DE 6.10 MTS",PZA,True,0,0,7,0,LA VIGA CUPRUM,SERIES CUPRUM,TUBOS,TUBO REDONDO,3
132-22226-7-99,PERFIL TUBO REDONDO 3/4 BLANCO 6.10 MTS,PZA,True,4,0,48,0,LA VIGA CUPRUM,SERIES CUPRUM,TUBOS,TUBO REDONDO,3
132-22226-7-45,PERFIL TUBO REDONDO 3/4 CAFE 6.10 MTS,PZA,True,23,0,13,0,LA VIGA CUPRUM,SERIES CUPRUM,TUBOS,TUBO REDONDO,3
132-22226-7-13,PERFIL TUBO REDONDO 3/4 NATURAL 6.10 MTS,PZA,True,31,0,0,0,LA VIGA CUPRUM,SERIES CUPRUM,TUBOS,TUBO REDONDO,3
132-2121-7-10,"TUBO REDONDO 1"" NATURAL PULIDO DE 6.10 MTS",PZA,False,0,0,0,0,LA VIGA EXTRUSIONES,SERIES CUPRUM,TUBOS,TUBO REDONDO,3
661-3329C-7-11,GUIA DOBLE VITRINA NATURAL 6.10 MTS,PZA,False,0,0,0,0,LA VIGA CUPRUM,SERIES CUPRUM,VITRINAS,VITRINA,3
663-63329-7-99,PERFIL GUIA DOBLE VITRINA BLANCO 6.10 MTS,PZA,True,0,0,7,0,LA VIGA CUPRUM,SERIES CUPRUM,VITRINAS,VITRINA,3
661-3329C-7-18,PERFIL GUIA DOBLE VITRINA CAFE OSCURO 6.10 MTS,PZA,True,-1,0,3.5,0,LA VIGA CUPRUM,SERIES CUPRUM,VITRINAS,VITRINA,3
661-63329-7-13,PERFIL GUIA DOBLE VITRINA NATURAL 6.10 MTS,PZA,True,1,0,11,0,LA VIGA CUPRUM,SERIES CUPRUM,VITRINAS,VITRINA,3
673-3316C-7-99,PERFIL RIEL VITRINA BLANCO 6.10 MTS,PZA,True,0,0,5.5,0,LA VIGA CUPRUM,SERIES CUPRUM,VITRINAS,VITRINA,3
672-3316C-7-45,PERFIL RIEL VITRINA CAFE OSCURO 6.10 MTS,PZA,True,0,0,10,0,LA VIGA CUPRUM,SERIES CUPRUM,VITRINAS,VITRINA,3
671-3316C-7-13,PERFIL RIEL VITRINA NATURAL 6.10 MTS,PZA,True,0,0,33,0,LA VIGA CUPRUM,SERIES CUPRUM,VITRINAS,VITRINA,3
683-53358-7-99,PERFIL ZOBOTE VITRINA BLANCO 6.10 MTS,PZA,True,0,0,6,0,LA VIGA CUPRUM,SERIES CUPRUM,VITRINAS,VITRINA,3
682-53358-7-45,PERFIL ZOBOTE VITRINA CAFE OSCURO 6.10 MTS,PZA,True,0,0,1,0,LA VIGA CUPRUM,SERIES CUPRUM,VITRINAS,VITRINA,3
681-53358-7-13,PERFIL ZOBOTE VITRINA NATURAL 6.10 MTS,PZA,True,0,0,10,0,LA VIGA CUPRUM,SERIES CUPRUM,VITRINAS,VITRINA,3
N/A 2,SERVICIO,ACT,True,10.08,0,0,0,ALUMINIOS Y VIDRIOS ARMANDO Y CIA,SERVICIOS,TRABAJOS,TRABAJOS,1
N/A 1,SERVICIO,ACT,True,313,0,0,0,ALUMINIOS Y VIDRIOS ARMANDO Y CIA,SERVICIOS,TRABAJOS,TRABAJOS,1
322-S999-B,SILICON 999-A BLANCO,PZA,False,0,0,0,0,"ARBI INDUSTRIAL, S A DE C.V.",SILICONES,GENERAL,SELLADORES Y SILICONES,1
322-S999-N,SILICON 999-A BRONCE,PZA,False,0,0,0,0,"ARBI INDUSTRIAL, S A DE C.V.",SILICONES,GENERAL,SELLADORES Y SILICONES,1
322-S999-A,SILICON 999-A COLOR ALUMINIO,PZA,False,0,0,0,0,"ARBI INDUSTRIAL, S A DE C.V.",SILICONES,GENERAL,SELLADORES Y SILICONES,1
322-S999-T,SILICON 999-A TRANSPARENTE,PZA,False,0,0,0,0,"ARBI INDUSTRIAL, S A DE C.V.",SILICONES,GENERAL,SELLADORES Y SILICONES,1
322-DC791G305,SILICON DC WEATHERPROOFIN 791 GRIS P/POLICARBONATO,PZA,False,0,0,0,0,"ARBI INDUSTRIAL, S A DE C.V.",SILICONES,GENERAL,SELLADORES Y SILICONES,1
322-SPP-14,SILICON ULTRAGLAZE NEGRO ESTRUCTURAL 4000,PZA,False,0,0,0,0,"ARBI INDUSTRIAL, S A DE C.V.",SILICONES,GENERAL,SELLADORES Y SILICONES,1
322-IG-PEGAM,PEGAMENTO PARA ESPEJOS Y LUNAS GUNTHER (CANELA),PZA,False,0,0,0,0,LA VIGA EXTRUSIONES,SILICONES,HERRAJES,SELLADORES Y SILICONES,1
320-PP-55B,"SELLADOR FIJASET 2 BLANCO CARTUCHO, PENSYLVANIA 290ML",PZA,True,0,0,0,27,"ROBIN HERRAJES Y ACCESORIOS, S DE RL DE CV",SILICONES,HERRAJES,SELLADORES Y SILICONES,4
322-AVE1G10,ANCLAJE QUIMICO PENNSYLVANIA GRIS Q70 300 M,PZA,True,0,0,0,2,LA VIGA EXTRUSIONES,SILICONES,SILICONES,SELLADORES Y SILICONES,4
322-SELL336,PENSYLVANIA ADHESIVO HI-BOND BLANCO  290 ML,PZA,True,0,0,0,0,LA VIGA EXTRUSIONES,SILICONES,SILICONES,SELLADORES Y SILICONES,4
322-PP-81,PENSYLVANIA HI TECH BLANCO CARTUCHO DE 300 ML (HIBRIDO),PZA,False,0,0,0,0,"ROBIN HERRAJES Y ACCESORIOS, S DE RL DE CV",SILICONES,SILICONES,SELLADORES Y SILICONES,4
322-PP-59,PEPE SELLADOR ACRILICO BLANCO 300 ML,PZA,True,0,0,0,0,"ROBIN HERRAJES Y ACCESORIOS, S DE RL DE CV",SILICONES,SILICONES,SELLADORES Y SILICONES,4
322-PP-59N,PEPE SELLADOR ACRILICO NEGRO 330 ML,PZA,True,0,0,0,55,"ROBIN HERRAJES Y ACCESORIOS, S DE RL DE CV",SILICONES,SILICONES,SELLADORES Y SILICONES,4
322-PP-58280B,PEPE SILICON BLANCO 280 ML,PZA,True,0,0,0,63,"ROBIN HERRAJES Y ACCESORIOS, S DE RL DE CV",SILICONES,SILICONES,SELLADORES Y SILICONES,4
322-PP-58280N,PEPE SILICON NEGRO 280 ML,PZA,True,0,0,0,58,"ROBIN HERRAJES Y ACCESORIOS, S DE RL DE CV",SILICONES,SILICONES,SELLADORES Y SILICONES,4
322-PP-58280,PEPE SILICON TRANSPARENTE 280 ML,PZA,True,-7,0,0,190,"ROBIN HERRAJES Y ACCESORIOS, S DE RL DE CV",SILICONES,SILICONES,SELLADORES Y SILICONES,4
322-PP-15A,SELLADOR ACRILASTIC ALUMINIO PENSYLVANIA,PZA,True,0,0,0,42,"ROBIN HERRAJES Y ACCESORIOS, S DE RL DE CV",SILICONES,SILICONES,SELLADORES Y SILICONES,4
322-AB-S,SELLADOR ACRILASTIC BLANCO SISTA DOW CORNING,PZA,False,0,0,0,0,"CASA FERNANDEZ DEL SURESTE, S.A. DE C.V.",SILICONES,SILICONES,SELLADORES Y SILICONES,4
322-SELL1,SELLADOR ACRILASTIC BRONCE PENSYLVANIA,PZA,False,0,0,0,0,LA VIGA EXTRUSIONES,SILICONES,SILICONES,SELLADORES Y SILICONES,1
322-PP-15VU,SELLADOR ACRILASTIC CHAMPAGNE PENSYLVANIA,PZA,True,0,0,0,28,"ROBIN HERRAJES Y ACCESORIOS, S DE RL DE CV",SILICONES,SILICONES,SELLADORES Y SILICONES,4
322-PP-16,SELLADOR ACRILASTIC NEGRO PENSYLVANIA,PZA,False,0,0,0,0,"ROBIN HERRAJES Y ACCESORIOS, S DE RL DE CV",SILICONES,SILICONES,SELLADORES Y SILICONES,4
322-PP-20,SELLADOR DURETAN BLANCO CARTUCHO 300 ML,PZA,True,-4,0,0,48,"ROBIN HERRAJES Y ACCESORIOS, S DE RL DE CV",SILICONES,SILICONES,SELLADORES Y SILICONES,4
322-PP-21,SELLADOR DURETAN NEGRO CARTUCHO 300 ML,PZA,True,0,0,0,22,"ROBIN HERRAJES Y ACCESORIOS, S DE RL DE CV",SILICONES,SILICONES,SELLADORES Y SILICONES,4
322-1293280BL,SELLADOR HIBRIDO CONSTRUCCION BLANCO UNIPEGA DE 280 ML,PZA,False,0,0,0,0,"HERRALUM INDUSTRIAL, S.A. DE C.V.",SILICONES,SILICONES,SELLADORES Y SILICONES,4
322-HER74525,SILICON ACETICO TRANSPARENTE SAINT GOBAIN,PZA,False,0,0,0,0,"M INDUSTRIA, S.A. DE C.V.",SILICONES,SILICONES,SELLADORES Y SILICONES,3
322-1295010NE,SILICON HIBRIDO USO GENERAL UNIPEGA NEGRO 280 ML,PZA,False,0,0,0,0,"HERRALUM INDUSTRIAL, S.A. DE C.V.",SILICONES,SILICONES,SELLADORES Y SILICONES,4
322-1295010TR,SILICON HIBRIDO USO GENERAL UNIPEGA TRANSPARENTE 280 ML,PZA,False,0,0,0,0,"HERRALUM INDUSTRIAL, S.A. DE C.V.",SILICONES,SILICONES,SELLADORES Y SILICONES,4
322-120-1857721,SILICON MULTIUSOS SUPER TRANSPARENTE 280 ML SISTA,PZA,False,0,0,0,0,"CASA FERNANDEZ DEL SURESTE, S.A. DE C.V.",SILICONES,SILICONES,SELLADORES Y SILICONES,1
322-1292280TR,SILICON NEUTRO UNIPEGA TRANSPARENTE HERRALUM,PZA,False,0,0,0,0,"HERRALUM INDUSTRIAL, S.A. DE C.V.",SILICONES,SILICONES,SELLADORES Y SILICONES,4
322-PP-70,SILICON PENSYLVANIA POLICARBONATO NEUTRO TRANSPARENTE,PZA,True,0,0,0,74,"ROBIN HERRAJES Y ACCESORIOS, S DE RL DE CV",SILICONES,SILICONES,SELLADORES Y SILICONES,4
322-SELL63,SILICON ULTRAGLAZE SSG-4000 NEGRO 300ML ESTRUCTURAL,PZA,True,0,0,0,0,LA VIGA EXTRUSIONES,SILICONES,SILICONES,SELLADORES Y SILICONES,4
322-1295004TR,SILICON UNIPEGA PECERAS 100% SILICON TRANSPARENTE,PZA,False,0,0,0,0,"HERRALUM INDUSTRIAL, S.A. DE C.V.",SILICONES,SILICONES,SELLADORES Y SILICONES,4
322-1291280BL,SILICON UNIPEGA USO GRAL BLANCO HERRALUM 280 ML,PZA,False,0,0,0,0,"HERRALUM INDUSTRIAL, S.A. DE C.V.",SILICONES,SILICONES,SELLADORES Y SILICONES,4
322-PP-03280,SILICON USO GENERAL BLANCO PENSYLVANIA 280 ML,PZA,True,0,0,0,0,"ROBIN HERRAJES Y ACCESORIOS, S DE RL DE CV",SILICONES,SILICONES,SELLADORES Y SILICONES,4
322-SUG-B-S,SILICON USO GENERAL BLANCO SISTA,PZA,False,0,0,0,0,"ARBI INDUSTRIAL, S A DE C.V.",SILICONES,SILICONES,SELLADORES Y SILICONES,1
322-PP-01280CH,SILICON USO GENERAL CHAMPAGNE PENSYLVANIA 208 ML,PZA,False,0,0,0,0,"ROBIN HERRAJES Y ACCESORIOS, S DE RL DE CV",SILICONES,SILICONES,SELLADORES Y SILICONES,4
322-SUG-N-S,SILICON USO GENERAL NEGRO SISTA,PZA,False,0,0,0,0,LA VIGA EXTRUSIONES,SILICONES,SILICONES,SELLADORES Y SILICONES,1
322-PP-01280,SILICON USO GENERAL TRANSPARENTE PENSYLVANIA 280 ML,PZA,False,0,0,0,0,LA VIGA EXTRUSIONES,SILICONES,SILICONES,SELLADORES Y SILICONES,1
322-120-1857718,SILICON USO GENERAL TRANSPARENTE SISTA,PZA,True,0,0,0,250,"CASA FERNANDEZ DEL SURESTE, S.A. DE C.V.",SILICONES,SILICONES,SELLADORES Y SILICONES,4
322-1295014BL,UNIPEGA ADHESIVO HIGH TACK PRO 280ML BLANCO AES0512.0546,PZA,True,0,0,0,21,"HERRALUM INDUSTRIAL, S.A. DE C.V.",SILICONES,SILICONES,SELLADORES Y SILICONES,4
322-129500300,UNIPEGA ESPUMA 360° POLIURETANO HERRALUM 512 ML,PZA,True,0,0,0,0,"HERRALUM INDUSTRIAL, S.A. DE C.V.",SILICONES,SILICONES,SELLADORES Y SILICONES,4
322-1295009BL,UNIPEGA SELLADOR POLIURETANO 400GR BLANCO,PZA,False,0,0,0,0,"HERRALUM INDUSTRIAL, S.A. DE C.V.",SILICONES,SILICONES,SELLADORES Y SILICONES,4
322-1294280BL,SELLADOR ACRILASTIC UNIPEGA BLANCO 280 ML HERRALUM,PZA,True,-26,0,-114,1307,"HERRALUM INDUSTRIAL, S.A. DE C.V.",SILICONES HERRALUM,SILICONES,SELLADORES Y SILICONES,4
322-1294280NE,SELLADOR ACRILASTIC UNIPEGA NEGRO 280 ML HERRALUM,PZA,True,-4,0,0,69,"HERRALUM INDUSTRIAL, S.A. DE C.V.",SILICONES HERRALUM,SILICONES,SELLADORES Y SILICONES,4
322-1291002TR,SILICON MULTIUSOS UNIPEGA ACETICO 250 ML TRANSPARENTE,PZA,True,-1,0,0,179,"HERRALUM INDUSTRIAL, S.A. DE C.V.",SILICONES HERRALUM,SILICONES,SELLADORES Y SILICONES,4
322-1291001BL,SILICON UNIPEGA ACETICO VIDRIO/ALUMINIO BLANCO HERRALUM 280 ML,PZA,True,0,0,0,70,"HERRALUM INDUSTRIAL, S.A. DE C.V.",SILICONES HERRALUM,SILICONES,SELLADORES Y SILICONES,4
322-1291001TR,SILICON UNIPEGA ACETICO VIDRIO/ALUMINIO TRANSPARENTE HERRALUM 280 ML,PZA,True,0,0,0,196,"HERRALUM INDUSTRIAL, S.A. DE C.V.",SILICONES HERRALUM,SILICONES,SELLADORES Y SILICONES,4
322-129501700,UNIPEGA ADHESIVO INSTANTANEO BOND 007SEG 10X10X20GR,PZA,True,0,0,0,24,"HERRALUM INDUSTRIAL, S.A. DE C.V.",SILICONES HERRALUM,SILICONES,SELLADORES Y SILICONES,4
328-MX65787,ROLLO TELA ALUMINIO GRIS DE 0.75 MTS,PZA,False,0,0,0,0,"ASSA ABLOY MEXICO, S.A. DE C.V.",TELA ALUMINIO GRIS Y NEGRA,TELAS MOSQUITERAS,TELA DE MOSQUITERO,4
328-125CH-6057,ROLLO TELA ALUMINIO GRIS DE 0.75 X 30 MTS PHIFER,PZA,True,0,0,0,2,CHAPA INDUSTRIAS S.A. DE C.V.,TELA ALUMINIO GRIS Y NEGRA,TELAS MOSQUITERAS,TELA DE MOSQUITERO,4
328-125CH-6058,ROLLO TELA ALUMINIO GRIS DE 0.90 X 30 MTS PHIFER,PZA,True,0,0,0,3,CHAPA INDUSTRIAS S.A. DE C.V.,TELA ALUMINIO GRIS Y NEGRA,TELAS MOSQUITERAS,TELA DE MOSQUITERO,4
328-125CH-6059,ROLLO TELA ALUMINIO GRIS DE 1.05 X 30 MTS PHIFER,PZA,True,0,0,0,3,CHAPA INDUSTRIAS S.A. DE C.V.,TELA ALUMINIO GRIS Y NEGRA,TELAS MOSQUITERAS,TELA DE MOSQUITERO,4
328-125CH-6066,ROLLO TELA ALUMINIO GRIS DE 1.20 X 30 MTS PHIFER,PZA,True,0,0,0,5,CHAPA INDUSTRIAS S.A. DE C.V.,TELA ALUMINIO GRIS Y NEGRA,TELAS MOSQUITERAS,TELA DE MOSQUITERO,4
328-125CH-6055,ROLLO TELA ALUMINIO GRIS DE 1.50 X 30 MTS PHIFER,PZA,True,0,0,0,1,CHAPA INDUSTRIAS S.A. DE C.V.,TELA ALUMINIO GRIS Y NEGRA,TELAS MOSQUITERAS,TELA DE MOSQUITERO,4
328-154-002M,TELA ALUMINIO GRIS DE 0.75 MTS,MTS,True,0,0,0,5,"ASSA ABLOY MEXICO, S.A. DE C.V.",TELA ALUMINIO GRIS Y NEGRA,TELAS MOSQUITERAS,TELA DE MOSQUITERO,4
328-154-003M,TELA ALUMINIO GRIS DE 0.90 MTS,MTS,True,0,0,0,5.3,"ASSA ABLOY MEXICO, S.A. DE C.V.",TELA ALUMINIO GRIS Y NEGRA,TELAS MOSQUITERAS,TELA DE MOSQUITERO,4
328-154-004M,TELA ALUMINIO GRIS DE 1.05 MTS,MTS,True,0,0,0,-7.3,"ASSA ABLOY MEXICO, S.A. DE C.V.",TELA ALUMINIO GRIS Y NEGRA,TELAS MOSQUITERAS,TELA DE MOSQUITERO,4
328-154-005M,TELA ALUMINIO GRIS DE 1.20 MTS,MTS,True,0,0,0,5.7,"ASSA ABLOY MEXICO, S.A. DE C.V.",TELA ALUMINIO GRIS Y NEGRA,TELAS MOSQUITERAS,TELA DE MOSQUITERO,4
328-154-006M,TELA ALUMINIO GRIS DE 1.50 MTS,MTS,True,0,0,0,16,"ASSA ABLOY MEXICO, S.A. DE C.V.",TELA ALUMINIO GRIS Y NEGRA,TELAS MOSQUITERAS,TELA DE MOSQUITERO,4
328-TAN6071-75,ROLLO TELA ALUMINIO NEGRA 0.75 X 30 MTS PHIFER,PZA,True,0,0,0,1,CHAPA INDUSTRIAS S.A. DE C.V.,TELA ALUMINIO NEGRA,TELAS MOSQUITERAS,TELA DE MOSQUITERO,4
328-TAN6075-150,ROLLO TELA ALUMINIO NEGRA 1.50 X 30 MTS PHIFER,PZA,True,0,0,0,2,CHAPA INDUSTRIAS S.A. DE C.V.,TELA ALUMINIO NEGRA,TELAS MOSQUITERAS,TELA DE MOSQUITERO,4
328-TAN-075-M,TELA ALUMINIO NEGRA DE 0.75 MTS TECNO,MTS,True,0,0,0,15,"ASSA ABLOY MEXICO, S.A. DE C.V.",TELA ALUMINIO NEGRA,TELAS MOSQUITERAS,TELA DE MOSQUITERO,4
328-TAN-090-M,TELA ALUMINIO NEGRA DE 0.90 MTS TECNO,MTS,True,0,0,0,17,"ASSA ABLOY MEXICO, S.A. DE C.V.",TELA ALUMINIO NEGRA,TELAS MOSQUITERAS,TELA DE MOSQUITERO,4
328-TAN-105-M,TELA ALUMINIO NEGRA DE 1.05 MTS TECNO,MTS,True,0,0,0,8,"ASSA ABLOY MEXICO, S.A. DE C.V.",TELA ALUMINIO NEGRA,TELAS MOSQUITERAS,TELA DE MOSQUITERO,4
328-TAN-120-M,TELA ALUMINIO NEGRA DE 1.20 MTS TECNO,MTS,True,0,0,0,2,"ASSA ABLOY MEXICO, S.A. DE C.V.",TELA ALUMINIO NEGRA,TELAS MOSQUITERAS,TELA DE MOSQUITERO,4
328-TAN-150-M,TELA ALUMINIO NEGRA DE 1.50 MTS TECNO,MTS,True,0,0,0,3.8,"ASSA ABLOY MEXICO, S.A. DE C.V.",TELA ALUMINIO NEGRA,TELAS MOSQUITERAS,TELA DE MOSQUITERO,4
328-MX65788,ROLLO TELA ALUMINIO GRIS DE 0.90 MTS,PZA,False,0,0,0,0,"ASSA ABLOY MEXICO, S.A. DE C.V.",TELA FIBRA HERRALUM (ROLLO),TELAS MOSQUITERAS,TELA DE MOSQUITERO,4
328-MX65789,ROLLO TELA ALUMINIO GRIS DE 1.05 MTS,PZA,False,0,0,0,0,"ASSA ABLOY MEXICO, S.A. DE C.V.",TELA FIBRA HERRALUM (ROLLO),TELAS MOSQUITERAS,TELA DE MOSQUITERO,4
328-MX65790,ROLLO TELA ALUMINIO GRIS DE 1.20 MTS,PZA,False,0,0,0,0,"ASSA ABLOY MEXICO, S.A. DE C.V.",TELA FIBRA HERRALUM (ROLLO),TELAS MOSQUITERAS,TELA DE MOSQUITERO,4
328-TAG6055-150,ROLLO TELA ALUMINIO GRIS DE 1.50 X 30 MTS PHIFER,PZA,False,0,0,0,0,CHAPA INDUSTRIAS S.A. DE C.V.,TELA FIBRA HERRALUM (ROLLO),TELAS MOSQUITERAS,TELA DE MOSQUITERO,4
328-TAN6072-90,ROLLO TELA ALUMINIO NEGRA 0.90 X 30 MTS PHIFER,PZA,False,0,0,0,0,CHAPA INDUSTRIAS S.A. DE C.V.,TELA FIBRA HERRALUM (ROLLO),TELAS MOSQUITERAS,TELA DE MOSQUITERO,4
328-TAN6074-120,ROLLO TELA ALUMINIO NEGRA 1.20 X 30 MTS PHIFER,PZA,False,0,0,0,0,CHAPA INDUSTRIAS S.A. DE C.V.,TELA FIBRA HERRALUM (ROLLO),TELAS MOSQUITERAS,TELA DE MOSQUITERO,4
328-1429075GR,ROLLO TELA FIBRA GRIS DE 0.75 MTS (30 MTS),PZA,True,0,0,0,22,"HERRALUM INDUSTRIAL, S.A. DE C.V.",TELA FIBRA HERRALUM (ROLLO),TELAS MOSQUITERAS,TELA DE MOSQUITERO,4
328-1429090GR,ROLLO TELA FIBRA GRIS DE 0.90 MTS (30 MTS),PZA,True,0,0,0,23,"HERRALUM INDUSTRIAL, S.A. DE C.V.",TELA FIBRA HERRALUM (ROLLO),TELAS MOSQUITERAS,TELA DE MOSQUITERO,4
328-1429105GR,ROLLO TELA FIBRA GRIS DE 1.05 MTS (30 MTS),PZA,True,0,0,0,25,"HERRALUM INDUSTRIAL, S.A. DE C.V.",TELA FIBRA HERRALUM (ROLLO),TELAS MOSQUITERAS,TELA DE MOSQUITERO,4
328-1429120GR,ROLLO TELA FIBRA GRIS DE 1.20 MTS (30 MTS),PZA,True,0,0,0,23,"HERRALUM INDUSTRIAL, S.A. DE C.V.",TELA FIBRA HERRALUM (ROLLO),TELAS MOSQUITERAS,TELA DE MOSQUITERO,4
328-1429150GR,ROLLO TELA FIBRA GRIS DE 1.50 MTS (30 MTS),PZA,True,0,0,0,15,"HERRALUM INDUSTRIAL, S.A. DE C.V.",TELA FIBRA HERRALUM (ROLLO),TELAS MOSQUITERAS,TELA DE MOSQUITERO,4
328-1429180GR,ROLLO TELA FIBRA GRIS DE 1.80 MTS (30 MTS),PZA,True,0,0,0,8,"HERRALUM INDUSTRIAL, S.A. DE C.V.",TELA FIBRA HERRALUM (ROLLO),TELAS MOSQUITERAS,TELA DE MOSQUITERO,4
328-1429075NE,ROLLO TELA FIBRA NEGRA DE 0.75 MTS (30 MTS),PZA,True,0,0,0,18,"HERRALUM INDUSTRIAL, S.A. DE C.V.",TELA FIBRA HERRALUM (ROLLO),TELAS MOSQUITERAS,TELA DE MOSQUITERO,4
328-1429090NE,ROLLO TELA FIBRA NEGRA DE 0.90 MTS (30 MTS),PZA,True,0,0,0,17,"HERRALUM INDUSTRIAL, S.A. DE C.V.",TELA FIBRA HERRALUM (ROLLO),TELAS MOSQUITERAS,TELA DE MOSQUITERO,4
328-1429105NE,ROLLO TELA FIBRA NEGRA DE 1.05 MTS (30 MTS),PZA,True,0,0,-1,35,"HERRALUM INDUSTRIAL, S.A. DE C.V.",TELA FIBRA HERRALUM (ROLLO),TELAS MOSQUITERAS,TELA DE MOSQUITERO,4
328-1429120NE,ROLLO TELA FIBRA NEGRA DE 1.20 MTS (30 MTS),PZA,True,0,0,-2,27,"HERRALUM INDUSTRIAL, S.A. DE C.V.",TELA FIBRA HERRALUM (ROLLO),TELAS MOSQUITERAS,TELA DE MOSQUITERO,4
328-1429150NE,ROLLO TELA FIBRA NEGRA DE 1.50 MTS (30 MTS),PZA,True,0,0,0,7,"HERRALUM INDUSTRIAL, S.A. DE C.V.",TELA FIBRA HERRALUM (ROLLO),TELAS MOSQUITERAS,TELA DE MOSQUITERO,4
328-1429180NE,ROLLO TELA FIBRA NEGRA DE 1.80 MTS (30 MTS),PZA,True,0,0,0,6,"HERRALUM INDUSTRIAL, S.A. DE C.V.",TELA FIBRA HERRALUM (ROLLO),TELAS MOSQUITERAS,TELA DE MOSQUITERO,4
328-154-001M,TELA ALUMINIO GRIS DE 0.60 MTS.,MTS,False,0,0,0,0,"ASSA ABLOY MEXICO, S.A. DE C.V.",TELA FIBRA HERRALUM (ROLLO),TELAS MOSQUITERAS,TELA DE MOSQUITERO,4
328-MX65788-M,TELA ALUMINIO GRIS DE 0.90 MTS,MTS,False,0,0,0,0,"ASSA ABLOY MEXICO, S.A. DE C.V.",TELA FIBRA HERRALUM (ROLLO),TELAS MOSQUITERAS,TELA DE MOSQUITERO,4
328-TAN-060-M,TELA ALUMINIO NEGRA DE 0.60 MTS TECNO,MTS,False,0,0,0,0,"ASSA ABLOY MEXICO, S.A. DE C.V.",TELA FIBRA HERRALUM (ROLLO),TELAS MOSQUITERAS,TELA DE MOSQUITERO,4
328-1429075GR-MT,TELA FIBRA GRIS DE 0.75 MTS,MTS,True,0,0,0,28.21,"HERRALUM INDUSTRIAL, S.A. DE C.V.",TELA FIBRA METROS,TELAS MOSQUITERAS,TELA DE MOSQUITERO,4
328-1429090GR-MT,TELA FIBRA GRIS DE 0.90 MTS,MTS,True,0,0,0,24.68,"HERRALUM INDUSTRIAL, S.A. DE C.V.",TELA FIBRA METROS,TELAS MOSQUITERAS,TELA DE MOSQUITERO,4
328-1429105GR-MT,TELA FIBRA GRIS DE 1.05 MTS,MTS,True,0,0,-2.2,29.51,"HERRALUM INDUSTRIAL, S.A. DE C.V.",TELA FIBRA METROS,TELAS MOSQUITERAS,TELA DE MOSQUITERO,4
328-1429120GR-MT,TELA FIBRA GRIS DE 1.20 MTS,MTS,True,-2,0,0,30.57,"HERRALUM INDUSTRIAL, S.A. DE C.V.",TELA FIBRA METROS,TELAS MOSQUITERAS,TELA DE MOSQUITERO,4
328-1429150GR-MT,TELA FIBRA GRIS DE 1.50 MTS,MTS,True,0,0,0,18.1,"HERRALUM INDUSTRIAL, S.A. DE C.V.",TELA FIBRA METROS,TELAS MOSQUITERAS,TELA DE MOSQUITERO,4
328-1429180GR-MT,TELA FIBRA GRIS DE 1.80 MTS,MTS,True,0,0,0,25.2,"HERRALUM INDUSTRIAL, S.A. DE C.V.",TELA FIBRA METROS,TELAS MOSQUITERAS,TELA DE MOSQUITERO,4
328-1429075NE-MT,TELA FIBRA NEGRA DE 0.75 MTS,MTS,True,0,0,0,17.23,"HERRALUM INDUSTRIAL, S.A. DE C.V.",TELA FIBRA METROS,TELAS MOSQUITERAS,TELA DE MOSQUITERO,4
328-1429090NE-MT,TELA FIBRA NEGRA DE 0.90 MTS,MTS,True,0,0,0,19.9,"HERRALUM INDUSTRIAL, S.A. DE C.V.",TELA FIBRA METROS,TELAS MOSQUITERAS,TELA DE MOSQUITERO,4
328-1429105NE-MT,TELA FIBRA NEGRA DE 1.05 MTS,MTS,True,0,0,0,25.38,"HERRALUM INDUSTRIAL, S.A. DE C.V.",TELA FIBRA METROS,TELAS MOSQUITERAS,TELA DE MOSQUITERO,4
328-1429120NE-MT,TELA FIBRA NEGRA DE 1.20 MTS,MTS,True,-5,0,-15,23.35,"HERRALUM INDUSTRIAL, S.A. DE C.V.",TELA FIBRA METROS,TELAS MOSQUITERAS,TELA DE MOSQUITERO,4
328-1429150NE-MT,TELA FIBRA NEGRA DE 1.50 MTS,MTS,True,0,0,0,20.15,"HERRALUM INDUSTRIAL, S.A. DE C.V.",TELA FIBRA METROS,TELAS MOSQUITERAS,TELA DE MOSQUITERO,4
328-1429180NE-MT,TELA FIBRA NEGRA DE 1.80 MTS,MTS,True,0.5,0,0,21.85,"HERRALUM INDUSTRIAL, S.A. DE C.V.",TELA FIBRA METROS,TELAS MOSQUITERAS,TELA DE MOSQUITERO,4
328-212900000,ROLLO TELA MOSQUITERO PET FCS8996-M DE 1.20 (30 MTS),PZA,True,0,0,0,4,"HERRALUM INDUSTRIAL, S.A. DE C.V.",TELA PET,TELAS MOSQUITERAS,TELA DE MOSQUITERO,4
328-212912010,ROLLO TELA MOSQUITERO PET FCS8996-M DE 1.20 DE 10 MTS,PZA,True,0,0,0,0,"HERRALUM INDUSTRIAL, S.A. DE C.V.",TELA PET,TELAS MOSQUITERAS,TELA DE MOSQUITERO,4
328-212900000-MT,TELA MOSQUITERO PET FCS8996-M DE 1.20 (30 MTS),MTS,True,0,0,0,31.5,"HERRALUM INDUSTRIAL, S.A. DE C.V.",TELA PET,TELAS MOSQUITERAS,TELA DE MOSQUITERO,4
N/A 3,FLETES Y ACARREO,NA,True,96,0,0,0,ALUMINIOS Y VIDRIOS ARMANDO Y CIA,TRABAJOS,TRABAJOS,TRABAJOS,1
302-BISA122,BISAGRA DE LIBRO 2 X 2 BLANCO AGM,PZA,True,0,0,0,166,LA VIGA EXTRUSIONES,VARIOS LA VIGA HERRAJES,HERRAJES,BISAGRAS,4
302-BISA123,BISAGRA DE LIBRO 2 X 2 NATURAL AGM,PZA,True,27,0,0,50,LA VIGA EXTRUSIONES,VARIOS LA VIGA HERRAJES,HERRAJES,BISAGRAS,4
302-BISA300,BISAGRA DE LIBRO 2 X 2 NEGRO AGM,PZA,True,-4,0,0,73,LA VIGA EXTRUSIONES,VARIOS LA VIGA HERRAJES,HERRAJES,BISAGRAS,4
302-2011CA,"JALADERA AUTOM  EMBUTIR 2"" INMAN MADERA CAOBA",PZA,True,0,0,0,3,LA VIGA EXTRUSIONES,VARIOS LA VIGA HERRAJES,HERRAJES,JALADERAS,4
330-MDFMAS55BF,"LAM PANEL MDF MASISA BLANCO FROSTY MELAMINA DE 5.5,MM 1.22 X 2.44 MTS",PZA,True,0,0,18,0,LA VIGA EXTRUSIONES,VARIOS LA VIGA HERRAJES,HERRAJES,PANEL ART,3
330-HERR66,LAM PANEL MDF MASISA CEREZO ARAUCO 5.5MM 1.22 X 2.44 MTS,PZA,False,0,0,0,0,LA VIGA EXTRUSIONES,VARIOS LA VIGA HERRAJES,HERRAJES,PANEL ART,3
330-MDFMAS55CP,"LAM PANEL MDF MASISA CEREZO PREMIUM 5,5 MM 1.22 X 2.44 MTS",PZA,False,0,0,0,0,LA VIGA EXTRUSIONES,VARIOS LA VIGA HERRAJES,HERRAJES,PANEL ART,3
330-HERR66TEXT,LAM PANEL MDF MASISA CEREZO TEXTURIZADO ARAUCO 5.5MM 1.22 X 2.44 MTS,PZA,True,0,0,29,0,LA VIGA EXTRUSIONES,VARIOS LA VIGA HERRAJES,HERRAJES,PANEL ART,3
330-MDF55NN,LAM PANEL MDF MASISA NOGAL NEO ARAUCO DE 5.5 MM 1.22 X 2.44 MTS,PZA,True,0,0,23,0,LA VIGA EXTRUSIONES,VARIOS LA VIGA HERRAJES,HERRAJES,PANEL ART,3
330-MDFMAS55W,"LAM PANEL MDF MASISA WENGUE (CHOCOLATE) MELAMINA DE 5.5,MM 1.22 X 2.44 MTS",PZA,True,0,0,16,0,LA VIGA EXTRUSIONES,VARIOS LA VIGA HERRAJES,HERRAJES,PANEL ART,3
330-PANELNE,"LAM PANEL MDF NEGRO MELAMINA DE 5.5,MM 1.22 X 2.44 MTS",PZA,True,0,0,14,0,LA VIGA EXTRUSIONES,VARIOS LA VIGA HERRAJES,HERRAJES,PANEL ART,3
313-VINI339,VINIL PATA DE COCHINO (569-11.7) NEGRO P/RESIDENCIAL 50,KILO,False,0,0,0,0,LA VIGA EXTRUSIONES,VARIOS LA VIGA HERRAJES,VINILES,RESIDENCIAL SERIE 50,4
207-VF3.5-150,"LAM DE VIDRIO FLORENTINO 4,MM DE 1.524 X 2.134 MTS",PZA,False,0,0,0,0,GUARDIAN INDUSTRIES VP S DE RL DE CV,VIDRIOS CILINDRADOS,CRISTAL,VIDRIO LABRADO,1
207-VT3.5-150,"LAM DE VIDRIO TAPIZ 4,MM DE 1.524 X 2.134 MTS",PZA,False,0,0,0,0,GUARDIAN INDUSTRIES VP S DE RL DE CV,VIDRIOS CILINDRADOS,CRISTAL,VIDRIO LABRADO,1
207-VT4-152,"LAM DE VIDRIO TETRA CLEAR 4,MM DE 1.524 X 2.134 MTS",PZA,False,0,0,0,0,GUARDIAN INDUSTRIES VP S DE RL DE CV,VIDRIOS CILINDRADOS,CRISTAL,VIDRIO LABRADO,1
207-VT3.5-170M,"VIDRIO TAPIZ 4,MM",M2,False,0,0,0,0,GUARDIAN INDUSTRIES VP S DE RL DE CV,VIDRIOS CILINDRADOS,CRISTAL,VIDRIO LABRADO,1
207-VF3.5-183244,"LAM DE VIDRIO FLORENTINO 4,MM DE 1.83 X 2.44  MTS",PZA,True,0,0,0,0,GUARDIAN INDUSTRIES VP S DE RL DE CV,VIDRIOS FLORENTINO,CRISTAL,VIDRIO LABRADO,1
207-VF3.5-170M,"VIDRIO FLORENTINO DE 4,MM",M2,True,269.3,0,0,0,GUARDIAN INDUSTRIES VP S DE RL DE CV,VIDRIOS FLORENTINO,CRISTAL,VIDRIO LABRADO,1
313-8001067045NE,ROLLO VINIL HONGO P/SERIE 50 (BATIENTE NUEVO) 2402H NEGRO 372 MTS,PZA,True,0,0,0,4,"HERRALUM INDUSTRIAL, S.A. DE C.V.",VINIL HERRALUM,VINILES,VINIL,4
313-VINI341,VINIL ALETA NEGRO 566-4.1 MM PENSYLVANIA P/SERIE 50,KILO,True,0,0,0,2,LA VIGA EXTRUSIONES,VINIL HERRALUM,VINILES,VINIL,4
313-EN-1003,VINIL EMPAQUE LENGUETA PVC CUPRUM P/SELLO HERMETICIDAD SERIE 50 NUEVO,KILO,True,0,0,0,5,LA VIGA EXTRUSIONES,VINIL HERRALUM,VINILES,VINIL,4
313-8104130GR,VINIL HERRALUM EXT VH-104 13MM GRIS (M15-13),KILO,True,2,0,0,-3,"HERRALUM INDUSTRIAL, S.A. DE C.V.",VINIL HERRALUM,VINILES,VINIL,4
313-8108060BL,VINIL HERRALUM EXT VH-108 6MM BLANCO (600-13),KILO,True,0,0,0,93,"HERRALUM INDUSTRIAL, S.A. DE C.V.",VINIL HERRALUM,VINILES,VINIL,4
313-8108060CR,VINIL HERRALUM EXT VH-108 6MM CRISTAL (600-13),KILO,True,0,0,0,37,"HERRALUM INDUSTRIAL, S.A. DE C.V.",VINIL HERRALUM,VINILES,VINIL,4
313-8108060GR,VINIL HERRALUM EXT VH-108 6MM GRIS (600-13),KILO,True,0,0,0,70,"HERRALUM INDUSTRIAL, S.A. DE C.V.",VINIL HERRALUM,VINILES,VINIL,4
313-8108060NE,VINIL HERRALUM EXT VH-108 6MM NEGRO (600-13),KILO,True,-2,0,0,118,"HERRALUM INDUSTRIAL, S.A. DE C.V.",VINIL HERRALUM,VINILES,VINIL,4
313-8124100BL,VINIL HERRALUM EXT VH-124 10.0MM BLANCO (1000-10),KILO,True,-1,0,0,52,"HERRALUM INDUSTRIAL, S.A. DE C.V.",VINIL HERRALUM,VINILES,VINIL,4
313-8124100CR,VINIL HERRALUM EXT VH-124 10MM CRISTAL (1000-10),KILO,True,0,0,0,43,"HERRALUM INDUSTRIAL, S.A. DE C.V.",VINIL HERRALUM,VINILES,VINIL,4
313-8124100GR,VINIL HERRALUM EXT VH-124 10MM GRIS (1000-10),KILO,True,0,0,0,71,"HERRALUM INDUSTRIAL, S.A. DE C.V.",VINIL HERRALUM,VINILES,VINIL,4
313-8124100NE,VINIL HERRALUM EXT VH-124 10MM NEGRO (1000-10),KILO,True,0,0,0,108,"HERRALUM INDUSTRIAL, S.A. DE C.V.",VINIL HERRALUM,VINILES,VINIL,4
313-8124110BL,VINIL HERRALUM EXT VH-124 11MM BLANCO (1000-11),KILO,True,0,0,0,61,"HERRALUM INDUSTRIAL, S.A. DE C.V.",VINIL HERRALUM,VINILES,VINIL,4
313-8124110CR,VINIL HERRALUM EXT VH-124 11MM CRISTAL (1000-11),KILO,True,0,0,0,71,"HERRALUM INDUSTRIAL, S.A. DE C.V.",VINIL HERRALUM,VINILES,VINIL,4
313-8124110GR,VINIL HERRALUM EXT VH-124 11MM GRIS (1000-11),KILO,True,0,0,0,79,"HERRALUM INDUSTRIAL, S.A. DE C.V.",VINIL HERRALUM,VINILES,VINIL,4
313-8124110NE,VINIL HERRALUM EXT VH-124 11MM NEGRO (1000-11),KILO,True,0,0,-1,232,"HERRALUM INDUSTRIAL, S.A. DE C.V.",VINIL HERRALUM,VINILES,VINIL,4
313-8124120BL,VINIL HERRALUM EXT VH-124 12MM BLANCO (1000-12),KILO,True,0,0,0,71,"HERRALUM INDUSTRIAL, S.A. DE C.V.",VINIL HERRALUM,VINILES,VINIL,4
318-8124120CR,VINIL HERRALUM EXT VH-124 12MM CRISTAL (1000-12),KILO,True,0,0,0,47,"HERRALUM INDUSTRIAL, S.A. DE C.V.",VINIL HERRALUM,VINILES,VINIL,4
313-8124120GR,VINIL HERRALUM EXT VH-124 12MM GRIS (1000-12),KILO,True,-10,0,0,53,"HERRALUM INDUSTRIAL, S.A. DE C.V.",VINIL HERRALUM,VINILES,VINIL,4
313-8124120NE,VINIL HERRALUM EXT VH-124 12MM NEGRO (1000-12),KILO,True,0,0,-8,243,"HERRALUM INDUSTRIAL, S.A. DE C.V.",VINIL HERRALUM,VINILES,VINIL,4
313-8124130BL,VINIL HERRALUM EXT VH-124 13MM BLANCO (1000-13),KILO,True,0,0,0,54,"HERRALUM INDUSTRIAL, S.A. DE C.V.",VINIL HERRALUM,VINILES,VINIL,4
313-8124130CR,VINIL HERRALUM EXT VH-124 13MM CRISTAL (1000-13),KILO,False,0,0,0,0,"HERRALUM INDUSTRIAL, S.A. DE C.V.",VINIL HERRALUM,VINILES,VINIL,4
313-8124130GR,VINIL HERRALUM EXT VH-124 13MM GRIS (1000-13),KILO,True,0,0,0,20,"HERRALUM INDUSTRIAL, S.A. DE C.V.",VINIL HERRALUM,VINILES,VINIL,4
313-8124140BL,VINIL HERRALUM EXT VH-124 14MM BLANCO (1000-14),KILO,True,0,0,0,72,"HERRALUM INDUSTRIAL, S.A. DE C.V.",VINIL HERRALUM,VINILES,VINIL,4
313-8124150BL,VINIL HERRALUM EXT VH-124 15.0MM BLANCO (1000-15),KILO,True,0,0,0,54,"HERRALUM INDUSTRIAL, S.A. DE C.V.",VINIL HERRALUM,VINILES,VINIL,4
313-8124150GR,VINIL HERRALUM EXT VH-124 15.0MM GRIS (1000-15),KILO,True,-5,0,0,53,"HERRALUM INDUSTRIAL, S.A. DE C.V.",VINIL HERRALUM,VINILES,VINIL,4
313-8124150NE,VINIL HERRALUM EXT VH-124 15.0MM NEGRO (1000-15),KILO,True,0,0,0,69,"HERRALUM INDUSTRIAL, S.A. DE C.V.",VINIL HERRALUM,VINILES,VINIL,4
313-8124160BL,VINIL HERRALUM EXT VH-124 16.0MM BLANCO (1000-16),KILO,False,0,0,0,0,"HERRALUM INDUSTRIAL, S.A. DE C.V.",VINIL HERRALUM,VINILES,VINIL,4
313-8124160CR,VINIL HERRALUM EXT VH-124 16MM CRISTAL (1000-16),KILO,True,2,0,0,-2,"HERRALUM INDUSTRIAL, S.A. DE C.V.",VINIL HERRALUM,VINILES,VINIL,4
313-8124160GR,VINIL HERRALUM EXT VH-124 16MM GRIS (1000-16),KILO,True,2,0,0,73,"HERRALUM INDUSTRIAL, S.A. DE C.V.",VINIL HERRALUM,VINILES,VINIL,4
313-8124160NE,VINIL HERRALUM EXT VH-124 16MM NEGRO (1000-16),KILO,True,0,0,-2,41,"HERRALUM INDUSTRIAL, S.A. DE C.V.",VINIL HERRALUM,VINILES,VINIL,4
313-8157035GR,VINIL HERRALUM EXT VH-157 3.5 MM GRIS (LISO MOSQ),KILO,True,0,0,0,64,"HERRALUM INDUSTRIAL, S.A. DE C.V.",VINIL HERRALUM,VINILES,VINIL,4
313-8157035NE,VINIL HERRALUM EXT VH-157 3.5 MM NEGRO (LISO MOSQ),KILO,True,0,0,0,22,"HERRALUM INDUSTRIAL, S.A. DE C.V.",VINIL HERRALUM,VINILES,VINIL,4
313-8161035GR,VINIL HERRALUM EXT VH-161 3.5MM GRIS (ESTRIADO DELGADO MOSQ),KILO,True,0,0,0,82,"HERRALUM INDUSTRIAL, S.A. DE C.V.",VINIL HERRALUM,VINILES,VINIL,4
313-8161035NE,VINIL HERRALUM EXT VH-161 3.5MM NEGRO (ESTRIADO DELGADO MOSQ),KILO,True,0,0,0,64,"HERRALUM INDUSTRIAL, S.A. DE C.V.",VINIL HERRALUM,VINILES,VINIL,4
313-8161045NE,VINIL HERRALUM EXT VH-161 4.5MM NEGRO (ESTRIADO GRUESO MOSQ),KILO,True,0,0,0,52,"HERRALUM INDUSTRIAL, S.A. DE C.V.",VINIL HERRALUM,VINILES,VINIL,4
313-8206042NE,VINIL HERRALUM EXT VH-206 4.2 MM NEGRO (SERIE 35) J,KILO,True,0,0,0,9,"HERRALUM INDUSTRIAL, S.A. DE C.V.",VINIL HERRALUM,VINILES,VINIL,4
313-8001067045NE-MTS,VINIL HONGO P/ SERIE 50 (PERFIL BATIENTE NUEVO) NEGRO,MTS,True,-20,0,0,45,"HERRALUM INDUSTRIAL, S.A. DE C.V.",VINIL HERRALUM,VINILES,VINIL,4
313-2VCB38,VINIL CUÑA # 600-13 BLANCO,KILO,False,0,0,0,0,"MASTIQUES MADISON, S.A. DE C.V.",VINIL MADISON,VINILES,VINIL,4
313-2VTRH01,VINIL CUÑA # 600-13 CRISTAL,KILO,True,0,0,138,0,"MASTIQUES MADISON, S.A. DE C.V.",VINIL MADISON,VINILES,VINIL,3
313-2VCG352,VINIL CUÑA # 600-13 GRIS,KILO,True,0,0,142,-1,"MASTIQUES MADISON, S.A. DE C.V.",VINIL MADISON,VINILES,VINIL,3
313-2VCN38,VINIL CUÑA # 600-13 NEGRO,KILO,True,0,0,575,-3,"MASTIQUES MADISON, S.A. DE C.V.",VINIL MADISON,VINILES,VINIL,3
313-2VC011,VINIL CUÑA M15-13 MM BLANCO,KILO,True,0,0,95,0,"MASTIQUES MADISON, S.A. DE C.V.",VINIL MADISON,VINILES,VINIL,3
313-2VTRA1,VINIL CUÑA M15-13 MM CRISTAL,KILO,True,0,0,68,0,"MASTIQUES MADISON, S.A. DE C.V.",VINIL MADISON,VINILES,VINIL,3
313-2VC01,VINIL CUÑA M15-13 MM GRIS,KILO,True,0,0,44,0,"MASTIQUES MADISON, S.A. DE C.V.",VINIL MADISON,VINILES,VINIL,3
313-2VC001,VINIL CUÑA M15-13 MM NEGRO,KILO,True,0,0,76,0,"MASTIQUES MADISON, S.A. DE C.V.",VINIL MADISON,VINILES,VINIL,3
313-2VCN022,VINIL CUÑA M15-14 MM BLANCO,KILO,False,0,0,0,0,"MASTIQUES MADISON, S.A. DE C.V.",VINIL MADISON,VINILES,VINIL,4
313-2VCN02,VINIL CUÑA M15-14 MM NEGRO,KILO,False,0,0,0,0,"MASTIQUES MADISON, S.A. DE C.V.",VINIL MADISON,VINILES,VINIL,4
313-2VCG304,VINIL MOSQUITERO ESTRIADO # 301 4 MM GRIS,KILO,True,0,0,82.65,0,"MASTIQUES MADISON, S.A. DE C.V.",VINIL MADISON,VINILES,VINIL,3
313-2VCN304,VINIL MOSQUITERO ESTRIADO # 304 4 MM NEGRO,KILO,True,0,0,64.15,-1.3,"MASTIQUES MADISON, S.A. DE C.V.",VINIL MADISON,VINILES,VINIL,3
313-2VCGA3,VINIL MOSQUITERO LISO # 301 3.5 MM GRIS,KILO,True,0,0,71.4,0,"MASTIQUES MADISON, S.A. DE C.V.",VINIL MADISON,VINILES,VINIL,3
313-2VCNA3,VINIL MOSQUITERO LISO # 301 3.5 MM NEGRO,KILO,True,-0.65,0,49.1,-0.65,"MASTIQUES MADISON, S.A. DE C.V.",VINIL MADISON,VINILES,VINIL,3
313-2VCB46,VINIL PATA DE COCHINO # 1000-10 BLANCO,KILO,True,0,0,202,-1,"MASTIQUES MADISON, S.A. DE C.V.",VINIL MADISON,VINILES,VINIL,3
313-2VTR1010,VINIL PATA DE COCHINO # 1000-10 CRISTAL,KILO,True,0,0,87,0,"MASTIQUES MADISON, S.A. DE C.V.",VINIL MADISON,VINILES,VINIL,3
313-2VCG46,VINIL PATA DE COCHINO # 1000-10 GRIS,KILO,True,0,0,117,0,"MASTIQUES MADISON, S.A. DE C.V.",VINIL MADISON,VINILES,VINIL,3
313-2VCN46,VINIL PATA DE COCHINO # 1000-10 NEGRO,KILO,True,0,0,145,0,"MASTIQUES MADISON, S.A. DE C.V.",VINIL MADISON,VINILES,VINIL,3
313-2VCB47,VINIL PATA DE COCHINO # 1000-11 BLANCO,KILO,True,0,0,167,0,"MASTIQUES MADISON, S.A. DE C.V.",VINIL MADISON,VINILES,VINIL,3
313-2VTR47,VINIL PATA DE COCHINO # 1000-11 CRISTAL,KILO,True,0,0,206,0,"MASTIQUES MADISON, S.A. DE C.V.",VINIL MADISON,VINILES,VINIL,3
313-2VCG47,VINIL PATA DE COCHINO # 1000-11 GRIS,KILO,True,0,0,105,0,"MASTIQUES MADISON, S.A. DE C.V.",VINIL MADISON,VINILES,VINIL,3
313-2VCN47,VINIL PATA DE COCHINO # 1000-11 NEGRO,KILO,True,-10,0,573,-2,"MASTIQUES MADISON, S.A. DE C.V.",VINIL MADISON,VINILES,VINIL,3
313-2VCB48,VINIL PATA DE COCHINO # 1000-12 BLANCO,KILO,True,0,0,166,0,"MASTIQUES MADISON, S.A. DE C.V.",VINIL MADISON,VINILES,VINIL,3
313-2VTR1012,VINIL PATA DE COCHINO # 1000-12 CRISTAL,KILO,True,0,0,133,0,"MASTIQUES MADISON, S.A. DE C.V.",VINIL MADISON,VINILES,VINIL,3
313-2VCG48,VINIL PATA DE COCHINO # 1000-12 GRIS,KILO,True,-5,0,173,0,"MASTIQUES MADISON, S.A. DE C.V.",VINIL MADISON,VINILES,VINIL,3
313-2VCN48,VINIL PATA DE COCHINO # 1000-12 NEGRO,KILO,True,-1,0,442,-23,"MASTIQUES MADISON, S.A. DE C.V.",VINIL MADISON,VINILES,VINIL,3
313-2VCB49,VINIL PATA DE COCHINO # 1000-13 BLANCO,KILO,False,0,0,0,0,"MASTIQUES MADISON, S.A. DE C.V.",VINIL MADISON,VINILES,VINIL,4
313-2VTR1013,VINIL PATA DE COCHINO # 1000-13 CRISTAL,KILO,False,0,0,0,0,"MASTIQUES MADISON, S.A. DE C.V.",VINIL MADISON,VINILES,VINIL,4
313-2VCG49,VINIL PATA DE COCHINO # 1000-13 GRIS,KILO,True,0,0,35,0,"MASTIQUES MADISON, S.A. DE C.V.",VINIL MADISON,VINILES,VINIL,3
313-2VCN49,VINIL PATA DE COCHINO # 1000-13 NEGRO,KILO,True,-10,0,73,0,"MASTIQUES MADISON, S.A. DE C.V.",VINIL MADISON,VINILES,VINIL,3
313-2VCB50,VINIL PATA DE COCHINO # 1000-14 BLANCO,KILO,False,0,0,0,0,"MASTIQUES MADISON, S.A. DE C.V.",VINIL MADISON,VINILES,VINIL,4
313-2VCG50,VINIL PATA DE COCHINO # 1000-14 GRIS,KILO,False,0,0,0,0,"MASTIQUES MADISON, S.A. DE C.V.",VINIL MADISON,VINILES,VINIL,4
313-2VCN50,VINIL PATA DE COCHINO # 1000-14 NEGRO,KILO,True,0,0,48,0,"MASTIQUES MADISON, S.A. DE C.V.",VINIL MADISON,VINILES,VINIL,3
313-2VCC82,VINIL PATA DE COCHINO # 1000-16 BLANCO,KILO,True,1,0,155,0,"MASTIQUES MADISON, S.A. DE C.V.",VINIL MADISON,VINILES,VINIL,3
313-2VTR1016,VINIL PATA DE COCHINO # 1000-16 CRISTAL,KILO,True,0,0,79,0,"MASTIQUES MADISON, S.A. DE C.V.",VINIL MADISON,VINILES,VINIL,3
313-2VCC821,VINIL PATA DE COCHINO # 1000-16 GRIS,KILO,True,0,0,88,-3,"MASTIQUES MADISON, S.A. DE C.V.",VINIL MADISON,VINILES,VINIL,3
313-2VCN516,VINIL PATA DE COCHINO # 1000-16 NEGRO,KILO,True,0,0,282,0,"MASTIQUES MADISON, S.A. DE C.V.",VINIL MADISON,VINILES,VINIL,3